insert into dormitory(id, city_id, name, address, postcode, latitude, longitude, description, status, additionalPrice, promotion,equipment, service, company_id, refund,question, feature) values(224,59,'Salford Student Village (Bramall Court)','Meyrick Road','M6 5HH',53.4899198,-2.2836835,'待添加。。','1',0,'暂无','将会尽快补充（如有疑问请详询客服）','暂无附加服务',10,'该宿舍信息会尽快补上','该宿舍相关问题会尽快补上','尽请期待');
insert into dormitory(id, city_id, name, address, postcode, latitude, longitude, description, status, additionalPrice, promotion,equipment, service, company_id, refund,question, feature) values(225,59,'Salford Student Village (John Lester and Eddie Colman Courts)','Meyrick Road','M6 5HH',53.4899198,-2.2836835,'待添加。。','1',0,'暂无','将会尽快补充（如有疑问请详询客服）','暂无附加服务',10,'该宿舍信息会尽快补上','该宿舍相关问题会尽快补上','尽请期待');
insert into dormitory(id, city_id, name, address, postcode, latitude, longitude, description, status, additionalPrice, promotion,equipment, service, company_id, refund,question, feature) values(226,39,'Bonington Halls','College Road, Sutton Bonington','LE12 5RD',52.8303881,-1.2517228,'待添加。。','1',0,'暂无','将会尽快补充（如有疑问请详询客服）','暂无附加服务',10,'该宿舍信息会尽快补上','该宿舍相关问题会尽快补上','尽请期待');
insert into dormitory(id, city_id, name, address, postcode, latitude, longitude, description, status, additionalPrice, promotion,equipment, service, company_id, refund,question, feature) values(227,6,'CLV Birmingham','1 Belgrave Middleway','B5 7AJ',52.4666159,-1.9009224,'待添加。。','1',0,'暂无','将会尽快补充（如有疑问请详询客服）','暂无附加服务',10,'该宿舍信息会尽快补上','该宿舍相关问题会尽快补上','尽请期待');
insert into dormitory(id, city_id, name, address, postcode, latitude, longitude, description, status, additionalPrice, promotion,equipment, service, company_id, refund,question, feature) values(228,123,'Newport Student Village','Endeavour House, Usk Way','NP20 2DZ',51.583178,-2.9854965,'待添加。。','1',0,'暂无','将会尽快补充（如有疑问请详询客服）','暂无附加服务',10,'该宿舍信息会尽快补上','该宿舍相关问题会尽快补上','尽请期待');
insert into dormitory(id, city_id, name, address, postcode, latitude, longitude, description, status, additionalPrice, promotion,equipment, service, company_id, refund,question, feature) values(229,41,'CLV Liverpool','223 London Road','L3 8JD',53.4107922,-2.9680723,'待添加。。','1',0,'暂无','将会尽快补充（如有疑问请详询客服）','暂无附加服务',10,'该宿舍信息会尽快补上','该宿舍相关问题会尽快补上','尽请期待');
insert into dormitory(id, city_id, name, address, postcode, latitude, longitude, description, status, additionalPrice, promotion,equipment, service, company_id, refund,question, feature) values(230,1,'Liberty House - Don Street','108-130 Don Street','AB24 1UY',57.170114,-2.0969366,'待添加。。','1',0,'暂无','将会尽快补充（如有疑问请详询客服）','暂无附加服务',13,'该宿舍信息会尽快补上','该宿舍相关问题会尽快补上','尽请期待');
insert into dormitory(id, city_id, name, address, postcode, latitude, longitude, description, status, additionalPrice, promotion,equipment, service, company_id, refund,question, feature) values(231,6,'Liberty Living','Bath Row, Edgbaston','B15 1NH',52.4732578,-1.9101823,'待添加。。','1',0,'暂无','将会尽快补充（如有疑问请详询客服）','暂无附加服务',13,'该宿舍信息会尽快补上','该宿舍相关问题会尽快补上','尽请期待');
insert into dormitory(id, city_id, name, address, postcode, latitude, longitude, description, status, additionalPrice, promotion,equipment, service, company_id, refund,question, feature) values(232,42,'Liberty Fields','10 Halsmere Road','SE5 9LN',51.4754752,-0.1020459,'待添加。。','1',0,'暂无','将会尽快补充（如有疑问请详询客服）','暂无附加服务',13,'该宿舍信息会尽快补上','该宿舍相关问题会尽快补上','尽请期待');
insert into dormitory(id, city_id, name, address, postcode, latitude, longitude, description, status, additionalPrice, promotion,equipment, service, company_id, refund,question, feature) values(233,42,'Liberty House (Sebastian Street)','1 Sebastian Street','EC1V 0HF',51.5267283,-0.1006505,'待添加。。','1',0,'暂无','将会尽快补充（如有疑问请详询客服）','暂无附加服务',13,'该宿舍信息会尽快补上','该宿舍相关问题会尽快补上','尽请期待');
insert into dormitory(id, city_id, name, address, postcode, latitude, longitude, description, status, additionalPrice, promotion,equipment, service, company_id, refund,question, feature) values(234,42,'Liberty House (St John Street)','218 St John Street','EC1V 4AT',51.5253195,-0.1036212,'待添加。。','1',0,'暂无','将会尽快补充（如有疑问请详询客服）','暂无附加服务',13,'该宿舍信息会尽快补上','该宿舍相关问题会尽快补上','尽请期待');
insert into dormitory(id, city_id, name, address, postcode, latitude, longitude, description, status, additionalPrice, promotion,equipment, service, company_id, refund,question, feature) values(235,42,'Liberty Court','16 Briset Street','EC1M 5HD',51.521328,-0.1031383,'待添加。。','1',0,'暂无','将会尽快补充（如有疑问请详询客服）','暂无附加服务',13,'该宿舍信息会尽快补上','该宿舍相关问题会尽快补上','尽请期待');
insert into dormitory(id, city_id, name, address, postcode, latitude, longitude, description, status, additionalPrice, promotion,equipment, service, company_id, refund,question, feature) values(236,42,'Liberty Hall','29 Graham Street','N1 8LA',51.5307516,-0.0981042,'待添加。。','1',0,'暂无','将会尽快补充（如有疑问请详询客服）','暂无附加服务',13,'该宿舍信息会尽快补上','该宿舍相关问题会尽快补上','尽请期待');
insert into dormitory(id, city_id, name, address, postcode, latitude, longitude, description, status, additionalPrice, promotion,equipment, service, company_id, refund,question, feature) values(237,16,'Liberty Cambrian Point','Maindy Road, Cathays','CF24 4HJ',51.4951392,-3.1892305,'待添加。。','1',0,'暂无','将会尽快补充（如有疑问请详询客服）','暂无附加服务',13,'该宿舍信息会尽快补上','该宿舍相关问题会尽快补上','尽请期待');
insert into dormitory(id, city_id, name, address, postcode, latitude, longitude, description, status, additionalPrice, promotion,equipment, service, company_id, refund,question, feature) values(238,16,'Liberty Bridge','Pellet Street','CF10 4FS',51.4697688,-3.1649216,'待添加。。','1',0,'暂无','将会尽快补充（如有疑问请详询客服）','暂无附加服务',13,'该宿舍信息会尽快补上','该宿舍相关问题会尽快补上','尽请期待');
insert into dormitory(id, city_id, name, address, postcode, latitude, longitude, description, status, additionalPrice, promotion,equipment, service, company_id, refund,question, feature) values(239,16,'Liberty Court','North Road','CF14 3BA',51.5070223,-3.2002315,'待添加。。','1',0,'暂无','将会尽快补充（如有疑问请详询客服）','暂无附加服务',13,'该宿舍信息会尽快补上','该宿舍相关问题会尽快补上','尽请期待');
insert into dormitory(id, city_id, name, address, postcode, latitude, longitude, description, status, additionalPrice, promotion,equipment, service, company_id, refund,question, feature) values(240,16,'Liberty House','Clodien Avenue','CF14 3NS',51.5044898,-3.1848777,'待添加。。','1',0,'暂无','将会尽快补充（如有疑问请详询客服）','暂无附加服务',13,'该宿舍信息会尽快补上','该宿舍相关问题会尽快补上','尽请期待');
insert into dormitory(id, city_id, name, address, postcode, latitude, longitude, description, status, additionalPrice, promotion,equipment, service, company_id, refund,question, feature) values(241,16,'Liberty Park','Pendyris Street','CF11 6YY',51.4751749,-3.1841178,'待添加。。','1',0,'暂无','将会尽快补充（如有疑问请详询客服）','暂无附加服务',13,'该宿舍信息会尽快补上','该宿舍相关问题会尽快补上','尽请期待');
insert into dormitory(id, city_id, name, address, postcode, latitude, longitude, description, status, additionalPrice, promotion,equipment, service, company_id, refund,question, feature) values(242,16,'Liberty Severn Point','Llys Y Gored Ddu, off Blackweir Terrace, Cathays','CF10 3EX',51.4945242,-3.1904677,'待添加。。','1',0,'暂无','将会尽快补充（如有疑问请详询客服）','暂无附加服务',13,'该宿舍信息会尽快补上','该宿舍相关问题会尽快补上','尽请期待');
insert into dormitory(id, city_id, name, address, postcode, latitude, longitude, description, status, additionalPrice, promotion,equipment, service, company_id, refund,question, feature) values(243,21,'Liberty Park','Queens Road, Butts','CV1 3GX',52.4044732,-1.5206072,'待添加。。','1',0,'暂无','将会尽快补充（如有疑问请详询客服）','暂无附加服务',13,'该宿舍信息会尽快补上','该宿舍相关问题会尽快补上','尽请期待');
insert into dormitory(id, city_id, name, address, postcode, latitude, longitude, description, status, additionalPrice, promotion,equipment, service, company_id, refund,question, feature) values(244,29,'Liberty House','59 Miller Street','G1 1EB',55.8594337,-4.2511207,'待添加。。','1',0,'暂无','将会尽快补充（如有疑问请详询客服）','暂无附加服务',13,'该宿舍信息会尽快补上','该宿舍相关问题会尽快补上','尽请期待');
insert into dormitory(id, city_id, name, address, postcode, latitude, longitude, description, status, additionalPrice, promotion,equipment, service, company_id, refund,question, feature) values(245,41,'Liberty Atlantic Point','Naylor Street','L3 6LS',53.4143701,-2.9856063,'待添加。。','1',0,'暂无','将会尽快补充（如有疑问请详询客服）','暂无附加服务',13,'该宿舍信息会尽快补上','该宿舍相关问题会尽快补上','尽请期待');
insert into dormitory(id, city_id, name, address, postcode, latitude, longitude, description, status, additionalPrice, promotion,equipment, service, company_id, refund,question, feature) values(246,41,'Liberty Prospect Point','60 Moira Street','L6 1BA',53.4112651,-2.9651645,'待添加。。','1',0,'暂无','将会尽快补充（如有疑问请详询客服）','暂无附加服务',13,'该宿舍信息会尽快补上','该宿舍相关问题会尽快补上','尽请期待');
insert into dormitory(id, city_id, name, address, postcode, latitude, longitude, description, status, additionalPrice, promotion,equipment, service, company_id, refund,question, feature) values(247,41,'Liberty Park','1 Paddington','L7 3RG',53.4056972,-2.9578181,'待添加。。','1',0,'暂无','将会尽快补充（如有疑问请详询客服）','暂无附加服务',13,'该宿舍信息会尽快补上','该宿舍相关问题会尽快补上','尽请期待');
insert into dormitory(id, city_id, name, address, postcode, latitude, longitude, description, status, additionalPrice, promotion,equipment, service, company_id, refund,question, feature) values(248,39,'Liberty Park Leicester','101 Raw Dykes Road','LE2 7FP',52.6248504,-1.1422921,'待添加。。','1',0,'暂无','将会尽快补充（如有疑问请详询客服）','暂无附加服务',13,'该宿舍信息会尽快补上','该宿舍相关问题会尽快补上','尽请期待');
insert into dormitory(id, city_id, name, address, postcode, latitude, longitude, description, status, additionalPrice, promotion,equipment, service, company_id, refund,question, feature) values(249,38,'Liberty Park Leeds','Marlborough Street','LS1 4LA',53.7989801,-1.5608033,'待添加。。','1',0,'暂无','将会尽快补充（如有疑问请详询客服）','暂无附加服务',13,'该宿舍信息会尽快补上','该宿舍相关问题会尽快补上','尽请期待');
insert into dormitory(id, city_id, name, address, postcode, latitude, longitude, description, status, additionalPrice, promotion,equipment, service, company_id, refund,question, feature) values(250,38,'Liberty Dock Leeds','Clarence Road','LS10 1LU',53.789819,-1.5293874,'待添加。。','1',0,'暂无','将会尽快补充（如有疑问请详询客服）','暂无附加服务',13,'该宿舍信息会尽快补上','该宿舍相关问题会尽快补上','尽请期待');
insert into dormitory(id, city_id, name, address, postcode, latitude, longitude, description, status, additionalPrice, promotion,equipment, service, company_id, refund,question, feature) values(251,45,'Liberty Point','29 Berry Street','M1 2AR',53.4744967,-2.2287248,'待添加。。','1',0,'暂无','将会尽快补充（如有疑问请详询客服）','暂无附加服务',13,'该宿舍信息会尽快补上','该宿舍相关问题会尽快补上','尽请期待');
insert into dormitory(id, city_id, name, address, postcode, latitude, longitude, description, status, additionalPrice, promotion,equipment, service, company_id, refund,question, feature) values(252,45,'Liberty Living','Booth Street West','M15 6PF',53.4677631,-2.2385553,'待添加。。','1',0,'暂无','将会尽快补充（如有疑问请详询客服）','暂无附加服务',13,'该宿舍信息会尽快补上','该宿舍相关问题会尽快补上','尽请期待');
insert into dormitory(id, city_id, name, address, postcode, latitude, longitude, description, status, additionalPrice, promotion,equipment, service, company_id, refund,question, feature) values(253,124,'Liberty Quays','Blake Avenue','ME7 1FL',51.3952747,0.555395,'待添加。。','1',0,'暂无','将会尽快补充（如有疑问请详询客服）','暂无附加服务',13,'该宿舍信息会尽快补上','该宿舍相关问题会尽快补上','尽请期待');
insert into dormitory(id, city_id, name, address, postcode, latitude, longitude, description, status, additionalPrice, promotion,equipment, service, company_id, refund,question, feature) values(254,113,'Liberty Park','Polhill Campus, Polhill Avenue','MK41 9BD',52.1429243,-0.4432332,'待添加。。','1',0,'暂无','将会尽快补充（如有疑问请详询客服）','暂无附加服务',13,'该宿舍信息会尽快补上','该宿舍相关问题会尽快补上','尽请期待');
insert into dormitory(id, city_id, name, address, postcode, latitude, longitude, description, status, additionalPrice, promotion,equipment, service, company_id, refund,question, feature) values(255,48,'Liberty Plaza','Wellington Street, Gallowgate','NE4 5SA',54.9741427,-1.6231148,'待添加。。','1',0,'暂无','将会尽快补充（如有疑问请详询客服）','暂无附加服务',13,'该宿舍信息会尽快补上','该宿舍相关问题会尽快补上','尽请期待');
insert into dormitory(id, city_id, name, address, postcode, latitude, longitude, description, status, additionalPrice, promotion,equipment, service, company_id, refund,question, feature) values(256,48,'Liberty Court','80-88 Elswick Road','NE4 6JL',54.9698018,-1.6347147,'待添加。。','1',0,'暂无','将会尽快补充（如有疑问请详询客服）','暂无附加服务',13,'该宿舍信息会尽快补上','该宿舍相关问题会尽快补上','尽请期待');
insert into dormitory(id, city_id, name, address, postcode, latitude, longitude, description, status, additionalPrice, promotion,equipment, service, company_id, refund,question, feature) values(257,57,'Liberty Court','Brook Street','PR1 7EA',53.7654897,-2.7106245,'待添加。。','1',0,'暂无','将会尽快补充（如有疑问请详询客服）','暂无附加服务',13,'该宿舍信息会尽快补上','该宿舍相关问题会尽快补上','尽请期待');
insert into dormitory(id, city_id, name, address, postcode, latitude, longitude, description, status, additionalPrice, promotion,equipment, service, company_id, refund,question, feature) values(258,57,'Liberty Village','Great Shaw Street','PR1 2HF',53.7621561,-2.7028319,'待添加。。','1',0,'暂无','将会尽快补充（如有疑问请详询客服）','暂无附加服务',13,'该宿舍信息会尽快补上','该宿舍相关问题会尽快补上','尽请期待');
insert into dormitory(id, city_id, name, address, postcode, latitude, longitude, description, status, additionalPrice, promotion,equipment, service, company_id, refund,question, feature) values(259,61,'Liberty Quays','20 Duke Street','SO14 3ET',50.8999784,-1.3967958,'待添加。。','1',0,'暂无','将会尽快补充（如有疑问请详询客服）','暂无附加服务',13,'该宿舍信息会尽快补上','该宿舍相关问题会尽快补上','尽请期待');
insert into dormitory(id, city_id, name, address, postcode, latitude, longitude, description, status, additionalPrice, promotion,equipment, service, company_id, refund,question, feature) values(260,61,'Liberty Point','St Mary\'s Road','SO14 0GE',50.9116696,-1.4004853,'待添加。。','1',0,'暂无','将会尽快补充（如有疑问请详询客服）','暂无附加服务',13,'该宿舍信息会尽快补上','该宿舍相关问题会尽快补上','尽请期待');
insert into dormitory(id, city_id, name, address, postcode, latitude, longitude, description, status, additionalPrice, promotion,equipment, service, company_id, refund,question, feature) values(261,65,'Liberty Court','Salisbury Avenue','ST1 4NE',53.0159821,-2.1788595,'待添加。。','1',0,'暂无','将会尽快补充（如有疑问请详询客服）','暂无附加服务',13,'该宿舍信息会尽快补上','该宿舍相关问题会尽快补上','尽请期待');


insert into company (id, name) values(13, 'Liberty Living');

insert into city (id, country_id, name_ch, name, status, create_time, update_time) values(123, 1, '纽波特', 'Newport', 0, now(), now());
insert into city (id, country_id, name_ch, name, status, create_time, update_time) values(124, 1, '梅德韦', 'Medway', 0, now(), now());


insert into contract_type (id, name) values(34,'53周');
insert into contract_type (id, name) values(35,'54周');
insert into contract_type (id, name) values(36,'39周');

insert into room_info (id, dormitory_id, room_type_id, name, checkin_date, house_area, bed_type, ensuite_bathroom, kitchen_people_number, orientation_arrangement, room_language_arrangement, status) values (2800,224,1,'Standard Room','2014年9月8日','-1','单人床','0','4','0','0','14');
insert into room_info (id, dormitory_id, room_type_id, name, checkin_date, house_area, bed_type, ensuite_bathroom, kitchen_people_number, orientation_arrangement, room_language_arrangement, status) values (2801,224,2,'Large Room','2014年9月8日','-1','单人床','0','3','0','0','14');
insert into room_info (id, dormitory_id, room_type_id, name, checkin_date, house_area, bed_type, ensuite_bathroom, kitchen_people_number, orientation_arrangement, room_language_arrangement, status) values (2802,224,3,'Extra Large Room','2014年9月8日','-1','单人床','0','3','0','0','14');
insert into room_info (id, dormitory_id, room_type_id, name, checkin_date, house_area, bed_type, ensuite_bathroom, kitchen_people_number, orientation_arrangement, room_language_arrangement, status) values (2804,225,1,'4 bedroom (Non-ensuite)','2014年9月8日','9','单人床','0','4','0','0','14');
insert into room_info (id, dormitory_id, room_type_id, name, checkin_date, house_area, bed_type, ensuite_bathroom, kitchen_people_number, orientation_arrangement, room_language_arrangement, status) values (2805,225,2,'3 bedroom (Non-ensuite)','2014年9月8日','9','单人床','0','3','0','0','14');
insert into room_info (id, dormitory_id, room_type_id, name, checkin_date, house_area, bed_type, ensuite_bathroom, kitchen_people_number, orientation_arrangement, room_language_arrangement, status) values (2806,225,3,'3 bed plus lounge (Non-ensuite)','2014年9月8日','-1','单人床','0','3','0','0','14');
insert into room_info (id, dormitory_id, room_type_id, name, checkin_date, house_area, bed_type, ensuite_bathroom, kitchen_people_number, orientation_arrangement, room_language_arrangement, status) values (2807,225,4,'2 bedroom (Non-ensuite)','2014年9月8日','13','单人床','0','2','0','0','14');
insert into room_info (id, dormitory_id, room_type_id, name, checkin_date, house_area, bed_type, ensuite_bathroom, kitchen_people_number, orientation_arrangement, room_language_arrangement, status) values (2813,226,1,'Standard (Non-ensuite)','详询客服','11','单人床','0','未知','0','0','14');
insert into room_info (id, dormitory_id, room_type_id, name, checkin_date, house_area, bed_type, ensuite_bathroom, kitchen_people_number, orientation_arrangement, room_language_arrangement, status) values (2814,226,2,'Standard Plus (Non-ensuite)','详询客服','15.5','单人床','0','未知','0','0','14');
insert into room_info (id, dormitory_id, room_type_id, name, checkin_date, house_area, bed_type, ensuite_bathroom, kitchen_people_number, orientation_arrangement, room_language_arrangement, status) values (2815,226,3,'Standard Ensuite','详询客服','-1','单人床','1','未知','0','0','14');
insert into room_info (id, dormitory_id, room_type_id, name, checkin_date, house_area, bed_type, ensuite_bathroom, kitchen_people_number, orientation_arrangement, room_language_arrangement, status) values (2816,226,4,'Deluxe Ensuite','详询客服','-1','','1','','0','0','14');
insert into room_info (id, dormitory_id, room_type_id, name, checkin_date, house_area, bed_type, ensuite_bathroom, kitchen_people_number, orientation_arrangement, room_language_arrangement, status) values (2817,226,5,'Studio','详询客服','25','双人床','1','1','0','0','14');
insert into room_info (id, dormitory_id, room_type_id, name, checkin_date, house_area, bed_type, ensuite_bathroom, kitchen_people_number, orientation_arrangement, room_language_arrangement, status) values (2824,227,1,'Standard Ensuite','2014年9月6日或13日','11','单人床','1','4,5','0','0','14');
insert into room_info (id, dormitory_id, room_type_id, name, checkin_date, house_area, bed_type, ensuite_bathroom, kitchen_people_number, orientation_arrangement, room_language_arrangement, status) values (2825,227,2,'Standard Plus Ensuite','2014年9月6日或13日','14.5','双人床','1','4,5','0','0','14');
insert into room_info (id, dormitory_id, room_type_id, name, checkin_date, house_area, bed_type, ensuite_bathroom, kitchen_people_number, orientation_arrangement, room_language_arrangement, status) values (2826,227,3,'Deluxe Ensuite','2014年9月6日或13日','15.5','双人床','1','4,5','0','0','14');
insert into room_info (id, dormitory_id, room_type_id, name, checkin_date, house_area, bed_type, ensuite_bathroom, kitchen_people_number, orientation_arrangement, room_language_arrangement, status) values (2827,227,4,'Super Deluxe','2014年9月6日或13日','16.5','双人床','1','4,5','0','0','14');
insert into room_info (id, dormitory_id, room_type_id, name, checkin_date, house_area, bed_type, ensuite_bathroom, kitchen_people_number, orientation_arrangement, room_language_arrangement, status) values (2832,15,1,'Single Studio','2014年9月13日','-1','单人床','1','1','0','0','14');
insert into room_info (id, dormitory_id, room_type_id, name, checkin_date, house_area, bed_type, ensuite_bathroom, kitchen_people_number, orientation_arrangement, room_language_arrangement, status) values (2833,15,2,'Single Disabled Studio','2014年9月13日','-1','单人床','1','1','0','0','14');
insert into room_info (id, dormitory_id, room_type_id, name, checkin_date, house_area, bed_type, ensuite_bathroom, kitchen_people_number, orientation_arrangement, room_language_arrangement, status) values (2834,15,3,'Single Studio with 1,2 Bed','2014年9月13日','-1','单人床','1','1,2','0','0','14');
insert into room_info (id, dormitory_id, room_type_id, name, checkin_date, house_area, bed_type, ensuite_bathroom, kitchen_people_number, orientation_arrangement, room_language_arrangement, status) values (2835,15,4,'Single Studio 1,2 Top Floor','2014年9月13日','-1','单人床','1','1,2','0','0','14');
insert into room_info (id, dormitory_id, room_type_id, name, checkin_date, house_area, bed_type, ensuite_bathroom, kitchen_people_number, orientation_arrangement, room_language_arrangement, status) values (2836,15,5,'Internal Twin Studio','2014年9月13日','-1','单人床','1','未知','0','0','14');
insert into room_info (id, dormitory_id, room_type_id, name, checkin_date, house_area, bed_type, ensuite_bathroom, kitchen_people_number, orientation_arrangement, room_language_arrangement, status) values (2837,15,6,'Double Studio','2014年9月13日','-1','单人床','1','未知','0','0','14');
insert into room_info (id, dormitory_id, room_type_id, name, checkin_date, house_area, bed_type, ensuite_bathroom, kitchen_people_number, orientation_arrangement, room_language_arrangement, status) values (2838,15,7,'Single Plus Top Floor 1,2 Bed','2014年9月13日','-1','单人床','1','1,2','0','0','14');
insert into room_info (id, dormitory_id, room_type_id, name, checkin_date, house_area, bed_type, ensuite_bathroom, kitchen_people_number, orientation_arrangement, room_language_arrangement, status) values (2839,15,8,'External Twin Studio','2014年9月13日','-1','单人床','1','未知','0','0','14');
insert into room_info (id, dormitory_id, room_type_id, name, checkin_date, house_area, bed_type, ensuite_bathroom, kitchen_people_number, orientation_arrangement, room_language_arrangement, status) values (2840,15,9,'Single Plus Top Floor Double Bed','2014年9月13日','-1','单人床','1','1','0','0','14');
insert into room_info (id, dormitory_id, room_type_id, name, checkin_date, house_area, bed_type, ensuite_bathroom, kitchen_people_number, orientation_arrangement, room_language_arrangement, status) values (2851,228,1,'Bronze','2014年9月13日','11','单人床','1','4,5','0','0','14');
insert into room_info (id, dormitory_id, room_type_id, name, checkin_date, house_area, bed_type, ensuite_bathroom, kitchen_people_number, orientation_arrangement, room_language_arrangement, status) values (2854,228,2,'Silver','2014年9月13日','11','单人床','1','4,5','0','0','14');
insert into room_info (id, dormitory_id, room_type_id, name, checkin_date, house_area, bed_type, ensuite_bathroom, kitchen_people_number, orientation_arrangement, room_language_arrangement, status) values (2855,228,3,'Gold','2014年9月13日','11','单人床','1','4,5','0','0','14');
insert into room_info (id, dormitory_id, room_type_id, name, checkin_date, house_area, bed_type, ensuite_bathroom, kitchen_people_number, orientation_arrangement, room_language_arrangement, status) values (2858,228,4,'Platinum','2014年9月13日','15.5','双人床','1','未知','0','0','14');
insert into room_info (id, dormitory_id, room_type_id, name, checkin_date, house_area, bed_type, ensuite_bathroom, kitchen_people_number, orientation_arrangement, room_language_arrangement, status) values (2859,228,5,'Diamond','2014年9月13日','15.5','双人床','1','未知','0','0','14');
insert into room_info (id, dormitory_id, room_type_id, name, checkin_date, house_area, bed_type, ensuite_bathroom, kitchen_people_number, orientation_arrangement, room_language_arrangement, status) values (2862,228,6,'Diamond plus','2014年9月13日','25','双人床','1','未知','0','0','14');
insert into room_info (id, dormitory_id, room_type_id, name, checkin_date, house_area, bed_type, ensuite_bathroom, kitchen_people_number, orientation_arrangement, room_language_arrangement, status) values (2863,228,7,'1-Bed Apartments','2014年9月13日','-1','单人床','1','1','0','0','14');
insert into room_info (id, dormitory_id, room_type_id, name, checkin_date, house_area, bed_type, ensuite_bathroom, kitchen_people_number, orientation_arrangement, room_language_arrangement, status) values (2866,229,1,'Standard Ensuite','2014年9月6日','11','单人床','1','4,5','0','0','14');
insert into room_info (id, dormitory_id, room_type_id, name, checkin_date, house_area, bed_type, ensuite_bathroom, kitchen_people_number, orientation_arrangement, room_language_arrangement, status) values (2867,229,2,'Standard Plus Ensuite','2014年9月6日','11','4英尺','1','4,5','0','0','14');
insert into room_info (id, dormitory_id, room_type_id, name, checkin_date, house_area, bed_type, ensuite_bathroom, kitchen_people_number, orientation_arrangement, room_language_arrangement, status) values (2868,229,3,'Deluxe Ensuite','2014年9月6日','15.5','双人床','1','4,5','0','0','14');
insert into room_info (id, dormitory_id, room_type_id, name, checkin_date, house_area, bed_type, ensuite_bathroom, kitchen_people_number, orientation_arrangement, room_language_arrangement, status) values (2873,230,1,'Standard (Non-ensuite)','详询客服','-1','单人床','0','4,5,6,7,8,9','0','0','2');
insert into room_info (id, dormitory_id, room_type_id, name, checkin_date, house_area, bed_type, ensuite_bathroom, kitchen_people_number, orientation_arrangement, room_language_arrangement, status) values (2875,230,2,'En-suite','详询客服','-1','单人床','1','4,5,6,7,8,9','0','0','13');
insert into room_info (id, dormitory_id, room_type_id, name, checkin_date, house_area, bed_type, ensuite_bathroom, kitchen_people_number, orientation_arrangement, room_language_arrangement, status) values (2878,231,1,'Single En-suite','详询客服','-1','单人床','1','5,6,8,10','0','0','1');
insert into room_info (id, dormitory_id, room_type_id, name, checkin_date, house_area, bed_type, ensuite_bathroom, kitchen_people_number, orientation_arrangement, room_language_arrangement, status) values (2881,231,2,'Flat','详询客服','-1','单人床','1','2','0','0','13');
insert into room_info (id, dormitory_id, room_type_id, name, checkin_date, house_area, bed_type, ensuite_bathroom, kitchen_people_number, orientation_arrangement, room_language_arrangement, status) values (2883,232,1,'Twin Studio','详询客服','-1','3/4','1','1,2','0','0','2');
insert into room_info (id, dormitory_id, room_type_id, name, checkin_date, house_area, bed_type, ensuite_bathroom, kitchen_people_number, orientation_arrangement, room_language_arrangement, status) values (2888,232,2,'Single Studio','详询客服','-1','3/4','1','1','0','0','2');
insert into room_info (id, dormitory_id, room_type_id, name, checkin_date, house_area, bed_type, ensuite_bathroom, kitchen_people_number, orientation_arrangement, room_language_arrangement, status) values (2889,232,3,'Standard Studio','详询客服','-1','3/4','1','1','0','0','2');
insert into room_info (id, dormitory_id, room_type_id, name, checkin_date, house_area, bed_type, ensuite_bathroom, kitchen_people_number, orientation_arrangement, room_language_arrangement, status) values (2894,232,4,'Premium Studio','详询客服','-1','3/4','1','1,2','0','0','2');
insert into room_info (id, dormitory_id, room_type_id, name, checkin_date, house_area, bed_type, ensuite_bathroom, kitchen_people_number, orientation_arrangement, room_language_arrangement, status) values (2896,233,1,'Standard Studio','详询客服','-1','单人床','1','1','0','0','1');
insert into room_info (id, dormitory_id, room_type_id, name, checkin_date, house_area, bed_type, ensuite_bathroom, kitchen_people_number, orientation_arrangement, room_language_arrangement, status) values (2898,233,2,'Single En-suite','详询客服','-1','单人床','1','10','0','0','13');
insert into room_info (id, dormitory_id, room_type_id, name, checkin_date, house_area, bed_type, ensuite_bathroom, kitchen_people_number, orientation_arrangement, room_language_arrangement, status) values (2900,233,3,'Single Studio','详询客服','-1','单人床','1','1','0','0','13');
insert into room_info (id, dormitory_id, room_type_id, name, checkin_date, house_area, bed_type, ensuite_bathroom, kitchen_people_number, orientation_arrangement, room_language_arrangement, status) values (2902,234,1,'Twin Studio','详询客服','-1','单人床','1','2','0','0','2');
insert into room_info (id, dormitory_id, room_type_id, name, checkin_date, house_area, bed_type, ensuite_bathroom, kitchen_people_number, orientation_arrangement, room_language_arrangement, status) values (2905,234,2,'Standard Studio','详询客服','-1','单人床','1','1','0','0','1');
insert into room_info (id, dormitory_id, room_type_id, name, checkin_date, house_area, bed_type, ensuite_bathroom, kitchen_people_number, orientation_arrangement, room_language_arrangement, status) values (2907,234,3,'Premium Studio','详询客服','-1','单人床','1','1','0','0','1');
insert into room_info (id, dormitory_id, room_type_id, name, checkin_date, house_area, bed_type, ensuite_bathroom, kitchen_people_number, orientation_arrangement, room_language_arrangement, status) values (2909,234,4,'Single Studio','详询客服','-1','单人床','1','1','0','0','13');
insert into room_info (id, dormitory_id, room_type_id, name, checkin_date, house_area, bed_type, ensuite_bathroom, kitchen_people_number, orientation_arrangement, room_language_arrangement, status) values (2912,235,1,'Premium Studio','详询客服','-1','单人床','1','1','0','0','2');
insert into room_info (id, dormitory_id, room_type_id, name, checkin_date, house_area, bed_type, ensuite_bathroom, kitchen_people_number, orientation_arrangement, room_language_arrangement, status) values (2914,236,1,'Single En-suite','详询客服','-1','单人床','1','未知','0','0','2');
insert into room_info (id, dormitory_id, room_type_id, name, checkin_date, house_area, bed_type, ensuite_bathroom, kitchen_people_number, orientation_arrangement, room_language_arrangement, status) values (2916,236,2,'Premium Studio','详询客服','-1','单人床','1','未知','0','0','2');
insert into room_info (id, dormitory_id, room_type_id, name, checkin_date, house_area, bed_type, ensuite_bathroom, kitchen_people_number, orientation_arrangement, room_language_arrangement, status) values (2918,236,3,'Single Non En-suite','详询客服','-1','3/4','0','2','0','0','13');
insert into room_info (id, dormitory_id, room_type_id, name, checkin_date, house_area, bed_type, ensuite_bathroom, kitchen_people_number, orientation_arrangement, room_language_arrangement, status) values (2920,237,1,'Single En-suite','详询客服','-1','单人床','1','未知','0','0','1');
insert into room_info (id, dormitory_id, room_type_id, name, checkin_date, house_area, bed_type, ensuite_bathroom, kitchen_people_number, orientation_arrangement, room_language_arrangement, status) values (2925,237,2,'Double En-suite (Single Occupancy)','详询客服','-1','单人床','1','未知','0','0','13');
insert into room_info (id, dormitory_id, room_type_id, name, checkin_date, house_area, bed_type, ensuite_bathroom, kitchen_people_number, orientation_arrangement, room_language_arrangement, status) values (2926,237,3,'Double En-suite (Double Occupancy)','详询客服','-1','单人床','1','未知','0','0','1');
insert into room_info (id, dormitory_id, room_type_id, name, checkin_date, house_area, bed_type, ensuite_bathroom, kitchen_people_number, orientation_arrangement, room_language_arrangement, status) values (2930,238,1,'Single En-suite','详询客服','-1','单人床','1','3,5,6','0','0','2');
insert into room_info (id, dormitory_id, room_type_id, name, checkin_date, house_area, bed_type, ensuite_bathroom, kitchen_people_number, orientation_arrangement, room_language_arrangement, status) values (2933,238,2,'Premium En-suite','详询客服','-1','单人床','1','3,5,6','0','0','13');
insert into room_info (id, dormitory_id, room_type_id, name, checkin_date, house_area, bed_type, ensuite_bathroom, kitchen_people_number, orientation_arrangement, room_language_arrangement, status) values (2934,238,3,'Studio Premium','详询客服','-1','单人床','1','1','0','0','13');
insert into room_info (id, dormitory_id, room_type_id, name, checkin_date, house_area, bed_type, ensuite_bathroom, kitchen_people_number, orientation_arrangement, room_language_arrangement, status) values (2937,239,1,'Single Studio','详询客服','-1','单人床','1','4,5,6,7','0','0','2');
insert into room_info (id, dormitory_id, room_type_id, name, checkin_date, house_area, bed_type, ensuite_bathroom, kitchen_people_number, orientation_arrangement, room_language_arrangement, status) values (2940,239,2,'Studio','详询客服','-1','单人床','1','4,5,6,7','0','0','13');
insert into room_info (id, dormitory_id, room_type_id, name, checkin_date, house_area, bed_type, ensuite_bathroom, kitchen_people_number, orientation_arrangement, room_language_arrangement, status) values (2942,240,1,'Single En-suite','详询客服','-1','单人床','1','3,4,5,6','0','0','1');
insert into room_info (id, dormitory_id, room_type_id, name, checkin_date, house_area, bed_type, ensuite_bathroom, kitchen_people_number, orientation_arrangement, room_language_arrangement, status) values (2945,241,1,'Single En-suite','详询客服','-1','3/4','1','3,4,5,6','0','0','2');
insert into room_info (id, dormitory_id, room_type_id, name, checkin_date, house_area, bed_type, ensuite_bathroom, kitchen_people_number, orientation_arrangement, room_language_arrangement, status) values (2948,241,2,'Studio','详询客服','-1','3/4','1','1','0','0','2');
insert into room_info (id, dormitory_id, room_type_id, name, checkin_date, house_area, bed_type, ensuite_bathroom, kitchen_people_number, orientation_arrangement, room_language_arrangement, status) values (2950,242,1,'Single En-suite','详询客服','-1','单人床','1','6','0','0','1');
insert into room_info (id, dormitory_id, room_type_id, name, checkin_date, house_area, bed_type, ensuite_bathroom, kitchen_people_number, orientation_arrangement, room_language_arrangement, status) values (2953,243,1,'Single En-suite','详询客服','-1','单人床','1','3,4,5,6','0','0','1');
insert into room_info (id, dormitory_id, room_type_id, name, checkin_date, house_area, bed_type, ensuite_bathroom, kitchen_people_number, orientation_arrangement, room_language_arrangement, status) values (2954,243,2,'Single En-suite (CUC Students)','详询客服','-1','单人床','1','3,4,5,6','0','0','1');
insert into room_info (id, dormitory_id, room_type_id, name, checkin_date, house_area, bed_type, ensuite_bathroom, kitchen_people_number, orientation_arrangement, room_language_arrangement, status) values (2956,243,3,'Deluxe Studio (Single Occupancy)','详询客服','-1','单人床','1','1','0','0','1');
insert into room_info (id, dormitory_id, room_type_id, name, checkin_date, house_area, bed_type, ensuite_bathroom, kitchen_people_number, orientation_arrangement, room_language_arrangement, status) values (2957,243,4,'Deluxe Studio (Double Occupancy)','详询客服','-1','单人床','1','2','0','0','1');
insert into room_info (id, dormitory_id, room_type_id, name, checkin_date, house_area, bed_type, ensuite_bathroom, kitchen_people_number, orientation_arrangement, room_language_arrangement, status) values (2958,243,5,'Studio (Single Occupancy)','详询客服','-1','单人床','1','1','0','0','13');
insert into room_info (id, dormitory_id, room_type_id, name, checkin_date, house_area, bed_type, ensuite_bathroom, kitchen_people_number, orientation_arrangement, room_language_arrangement, status) values (2960,244,1,'Single En-suite','详询客服','-1','单人床','1','9','0','0','2');
insert into room_info (id, dormitory_id, room_type_id, name, checkin_date, house_area, bed_type, ensuite_bathroom, kitchen_people_number, orientation_arrangement, room_language_arrangement, status) values (2965,244,2,'Premium En-suite','详询客服','-1','单人床','1','9','0','0','13');
insert into room_info (id, dormitory_id, room_type_id, name, checkin_date, house_area, bed_type, ensuite_bathroom, kitchen_people_number, orientation_arrangement, room_language_arrangement, status) values (2966,244,3,'Double En-suite','详询客服','-1','单人床','1','9','0','0','13');
insert into room_info (id, dormitory_id, room_type_id, name, checkin_date, house_area, bed_type, ensuite_bathroom, kitchen_people_number, orientation_arrangement, room_language_arrangement, status) values (2971,244,4,'Studio','详询客服','-1','单人床','1','1','0','0','13');
insert into room_info (id, dormitory_id, room_type_id, name, checkin_date, house_area, bed_type, ensuite_bathroom, kitchen_people_number, orientation_arrangement, room_language_arrangement, status) values (2973,245,1,'Single En-suite','详询客服','-1','单人床','1','4,6','0','0','2');
insert into room_info (id, dormitory_id, room_type_id, name, checkin_date, house_area, bed_type, ensuite_bathroom, kitchen_people_number, orientation_arrangement, room_language_arrangement, status) values (2978,245,2,'Double En-suite (Single Occupancy)','详询客服','-1','单人床','1','4,6','0','0','2');
insert into room_info (id, dormitory_id, room_type_id, name, checkin_date, house_area, bed_type, ensuite_bathroom, kitchen_people_number, orientation_arrangement, room_language_arrangement, status) values (2979,245,3,'Double En-suite (Double Occupancy)','详询客服','-1','单人床','1','4,6','0','0','2');
insert into room_info (id, dormitory_id, room_type_id, name, checkin_date, house_area, bed_type, ensuite_bathroom, kitchen_people_number, orientation_arrangement, room_language_arrangement, status) values (2983,246,1,'Single En-suite','详询客服','-1','单人床','1','5,6','0','0','13');
insert into room_info (id, dormitory_id, room_type_id, name, checkin_date, house_area, bed_type, ensuite_bathroom, kitchen_people_number, orientation_arrangement, room_language_arrangement, status) values (2988,246,2,'Double En-suite (Single Occupancy)','详询客服','-1','单人床','1','5,6','0','0','2');
insert into room_info (id, dormitory_id, room_type_id, name, checkin_date, house_area, bed_type, ensuite_bathroom, kitchen_people_number, orientation_arrangement, room_language_arrangement, status) values (2989,246,3,'Double En-suite (Double Occupancy)','详询客服','-1','单人床','1','未知','0','0','2');
insert into room_info (id, dormitory_id, room_type_id, name, checkin_date, house_area, bed_type, ensuite_bathroom, kitchen_people_number, orientation_arrangement, room_language_arrangement, status) values (2993,247,1,'Single En-suite','详询客服','-1','单人床','1','4,5,6','0','0','2');
insert into room_info (id, dormitory_id, room_type_id, name, checkin_date, house_area, bed_type, ensuite_bathroom, kitchen_people_number, orientation_arrangement, room_language_arrangement, status) values (2998,247,2,'Premium En-suite','详询客服','-1','单人床','1','4,5,6','0','0','2');
insert into room_info (id, dormitory_id, room_type_id, name, checkin_date, house_area, bed_type, ensuite_bathroom, kitchen_people_number, orientation_arrangement, room_language_arrangement, status) values (3000,248,1,'5 Bed Single En-suite','详询客服','-1','单人床','1','5','0','0','1');
insert into room_info (id, dormitory_id, room_type_id, name, checkin_date, house_area, bed_type, ensuite_bathroom, kitchen_people_number, orientation_arrangement, room_language_arrangement, status) values (3003,248,2,'3 Bed Single En-suite','详询客服','-1','单人床','1','3','0','0','1');
insert into room_info (id, dormitory_id, room_type_id, name, checkin_date, house_area, bed_type, ensuite_bathroom, kitchen_people_number, orientation_arrangement, room_language_arrangement, status) values (3004,248,3,'4 Bed Single En-suite','详询客服','-1','单人床','1','4','0','0','13');
insert into room_info (id, dormitory_id, room_type_id, name, checkin_date, house_area, bed_type, ensuite_bathroom, kitchen_people_number, orientation_arrangement, room_language_arrangement, status) values (3007,248,4,'5 Bed Premium En-suite','详询客服','-1','单人床','1','5','0','0','13');
insert into room_info (id, dormitory_id, room_type_id, name, checkin_date, house_area, bed_type, ensuite_bathroom, kitchen_people_number, orientation_arrangement, room_language_arrangement, status) values (3008,248,5,'4 Bed Premium En-suite','详询客服','-1','单人床','1','4','0','0','13');
insert into room_info (id, dormitory_id, room_type_id, name, checkin_date, house_area, bed_type, ensuite_bathroom, kitchen_people_number, orientation_arrangement, room_language_arrangement, status) values (3011,248,6,'3 Bed Premium En-suite','详询客服','-1','单人床','1','3','0','0','13');
insert into room_info (id, dormitory_id, room_type_id, name, checkin_date, house_area, bed_type, ensuite_bathroom, kitchen_people_number, orientation_arrangement, room_language_arrangement, status) values (3012,248,7,'6 Bed Premium En-suite','详询客服','-1','单人床','1','6','0','0','13');
insert into room_info (id, dormitory_id, room_type_id, name, checkin_date, house_area, bed_type, ensuite_bathroom, kitchen_people_number, orientation_arrangement, room_language_arrangement, status) values (3015,248,8,'5 Bed Double En-suite','详询客服','-1','单人床','1','5','0','0','13');
insert into room_info (id, dormitory_id, room_type_id, name, checkin_date, house_area, bed_type, ensuite_bathroom, kitchen_people_number, orientation_arrangement, room_language_arrangement, status) values (3016,248,9,'2 Bed Single En-suite','详询客服','-1','单人床','1','2','0','0','13');
insert into room_info (id, dormitory_id, room_type_id, name, checkin_date, house_area, bed_type, ensuite_bathroom, kitchen_people_number, orientation_arrangement, room_language_arrangement, status) values (3019,248,10,'2 Bed Premium En-suite','详询客服','-1','单人床','1','2','0','0','13');
insert into room_info (id, dormitory_id, room_type_id, name, checkin_date, house_area, bed_type, ensuite_bathroom, kitchen_people_number, orientation_arrangement, room_language_arrangement, status) values (3021,248,11,'1 Bed Flat','详询客服','-1','单人床','1','1','0','0','13');
insert into room_info (id, dormitory_id, room_type_id, name, checkin_date, house_area, bed_type, ensuite_bathroom, kitchen_people_number, orientation_arrangement, room_language_arrangement, status) values (3023,249,1,'Single En-suite','详询客服','-1','单人床','1','4,5,6','0','0','2');
insert into room_info (id, dormitory_id, room_type_id, name, checkin_date, house_area, bed_type, ensuite_bathroom, kitchen_people_number, orientation_arrangement, room_language_arrangement, status) values (3026,249,2,'Studio (Single Occupancy)','详询客服','-1','单人床','1','1','0','0','2');
insert into room_info (id, dormitory_id, room_type_id, name, checkin_date, house_area, bed_type, ensuite_bathroom, kitchen_people_number, orientation_arrangement, room_language_arrangement, status) values (3027,249,3,'Studio (Double Occupancy)','详询客服','-1','单人床','1','2','0','0','2');
insert into room_info (id, dormitory_id, room_type_id, name, checkin_date, house_area, bed_type, ensuite_bathroom, kitchen_people_number, orientation_arrangement, room_language_arrangement, status) values (3030,250,1,'Standard Non En-suite','详询客服','-1','3/4','0','未知','0','0','2');
insert into room_info (id, dormitory_id, room_type_id, name, checkin_date, house_area, bed_type, ensuite_bathroom, kitchen_people_number, orientation_arrangement, room_language_arrangement, status) values (3033,250,2,'Deluxe Non En-suite','详询客服','-1','3/4','0','未知','0','0','2');
insert into room_info (id, dormitory_id, room_type_id, name, checkin_date, house_area, bed_type, ensuite_bathroom, kitchen_people_number, orientation_arrangement, room_language_arrangement, status) values (3034,250,3,'Standard En-suite','详询客服','-1','3/4','1','未知','0','0','1');
insert into room_info (id, dormitory_id, room_type_id, name, checkin_date, house_area, bed_type, ensuite_bathroom, kitchen_people_number, orientation_arrangement, room_language_arrangement, status) values (3037,251,1,'Single En-suite','详询客服','-1','单人床','1','4,5,6','0','0','1');
insert into room_info (id, dormitory_id, room_type_id, name, checkin_date, house_area, bed_type, ensuite_bathroom, kitchen_people_number, orientation_arrangement, room_language_arrangement, status) values (3039,251,2,'Double En-suite (Single Occupancy)','详询客服','-1','单人床','1','4,5,6','0','0','1');
insert into room_info (id, dormitory_id, room_type_id, name, checkin_date, house_area, bed_type, ensuite_bathroom, kitchen_people_number, orientation_arrangement, room_language_arrangement, status) values (3042,251,3,'Double En-suite (Double Occupancy)','详询客服','-1','单人床','1','4,5,6','0','0','1');
insert into room_info (id, dormitory_id, room_type_id, name, checkin_date, house_area, bed_type, ensuite_bathroom, kitchen_people_number, orientation_arrangement, room_language_arrangement, status) values (3044,252,1,'Large Studio (Single or Double Occupancy)','详询客服','-1','双人床','1','1,2','0','0','2');
insert into room_info (id, dormitory_id, room_type_id, name, checkin_date, house_area, bed_type, ensuite_bathroom, kitchen_people_number, orientation_arrangement, room_language_arrangement, status) values (3045,252,2,'Studio (Single Occupancy)','详询客服','-1','双人床','1','1','0','0','1');
insert into room_info (id, dormitory_id, room_type_id, name, checkin_date, house_area, bed_type, ensuite_bathroom, kitchen_people_number, orientation_arrangement, room_language_arrangement, status) values (3046,252,3,'Medium Studio (Single or Double Occupancy)','详询客服','-1','双人床','1','1,2','0','0','2');
insert into room_info (id, dormitory_id, room_type_id, name, checkin_date, house_area, bed_type, ensuite_bathroom, kitchen_people_number, orientation_arrangement, room_language_arrangement, status) values (3048,253,1,'Single En-suite Phase 2','详询客服','-1','单人床','1','未知','0','0','2');
insert into room_info (id, dormitory_id, room_type_id, name, checkin_date, house_area, bed_type, ensuite_bathroom, kitchen_people_number, orientation_arrangement, room_language_arrangement, status) values (3052,253,2,'Studio Phase 1','详询客服','-1','单人床','1','未知','0','0','2');
insert into room_info (id, dormitory_id, room_type_id, name, checkin_date, house_area, bed_type, ensuite_bathroom, kitchen_people_number, orientation_arrangement, room_language_arrangement, status) values (3053,253,3,'Studio Phase 2','详询客服','-1','单人床','1','未知','0','0','2');
insert into room_info (id, dormitory_id, room_type_id, name, checkin_date, house_area, bed_type, ensuite_bathroom, kitchen_people_number, orientation_arrangement, room_language_arrangement, status) values (3056,254,1,'Single En-suite','详询客服','-1','单人床','1','未知','0','0','2');
insert into room_info (id, dormitory_id, room_type_id, name, checkin_date, house_area, bed_type, ensuite_bathroom, kitchen_people_number, orientation_arrangement, room_language_arrangement, status) values (3059,254,2,'Deluxe Single En-suite','详询客服','-1','单人床','1','未知','0','0','2');
insert into room_info (id, dormitory_id, room_type_id, name, checkin_date, house_area, bed_type, ensuite_bathroom, kitchen_people_number, orientation_arrangement, room_language_arrangement, status) values (3060,254,3,'Super Deluxe Single En-suite','详询客服','-1','单人床','1','未知','0','0','2');
insert into room_info (id, dormitory_id, room_type_id, name, checkin_date, house_area, bed_type, ensuite_bathroom, kitchen_people_number, orientation_arrangement, room_language_arrangement, status) values (3063,254,4,'Studio','详询客服','-1','单人床','1','未知','0','0','2');
insert into room_info (id, dormitory_id, room_type_id, name, checkin_date, house_area, bed_type, ensuite_bathroom, kitchen_people_number, orientation_arrangement, room_language_arrangement, status) values (3065,255,1,'Deluxe En-suite Single','详询客服','-1','单人床','1','3,5,6','0','0','13');
insert into room_info (id, dormitory_id, room_type_id, name, checkin_date, house_area, bed_type, ensuite_bathroom, kitchen_people_number, orientation_arrangement, room_language_arrangement, status) values (3068,255,2,'Large Studio (Single Occupancy)','详询客服','-1','单人床','1','1','0','0','2');
insert into room_info (id, dormitory_id, room_type_id, name, checkin_date, house_area, bed_type, ensuite_bathroom, kitchen_people_number, orientation_arrangement, room_language_arrangement, status) values (3069,255,3,'Large Studio (Double Occupancy)','详询客服','-1','单人床','1','2','0','0','2');
insert into room_info (id, dormitory_id, room_type_id, name, checkin_date, house_area, bed_type, ensuite_bathroom, kitchen_people_number, orientation_arrangement, room_language_arrangement, status) values (3070,255,4,'Premium En-suite Single','详询客服','-1','单人床','1','3,5,6','0','0','2');
insert into room_info (id, dormitory_id, room_type_id, name, checkin_date, house_area, bed_type, ensuite_bathroom, kitchen_people_number, orientation_arrangement, room_language_arrangement, status) values (3075,255,5,'Standard En-suite Single','详询客服','-1','单人床','1','3,5,6','0','0','13');
insert into room_info (id, dormitory_id, room_type_id, name, checkin_date, house_area, bed_type, ensuite_bathroom, kitchen_people_number, orientation_arrangement, room_language_arrangement, status) values (3076,255,6,'Small Studio','详询客服','-1','单人床','1','1','0','0','13');
insert into room_info (id, dormitory_id, room_type_id, name, checkin_date, house_area, bed_type, ensuite_bathroom, kitchen_people_number, orientation_arrangement, room_language_arrangement, status) values (3077,255,7,'Medium Studio','详询客服','-1','单人床','1','1','0','0','13');
insert into room_info (id, dormitory_id, room_type_id, name, checkin_date, house_area, bed_type, ensuite_bathroom, kitchen_people_number, orientation_arrangement, room_language_arrangement, status) values (3078,255,8,'Large Studio Plus (Single Occupancy)','详询客服','-1','单人床','1','1','0','0','13');
insert into room_info (id, dormitory_id, room_type_id, name, checkin_date, house_area, bed_type, ensuite_bathroom, kitchen_people_number, orientation_arrangement, room_language_arrangement, status) values (3079,255,9,'Large Studio Plus (Double Occupancy)','详询客服','-1','单人床','1','2','0','0','13');
insert into room_info (id, dormitory_id, room_type_id, name, checkin_date, house_area, bed_type, ensuite_bathroom, kitchen_people_number, orientation_arrangement, room_language_arrangement, status) values (3080,255,10,'Large Studio Premium (Single Occupancy)','详询客服','-1','单人床','1','1','0','0','13');
insert into room_info (id, dormitory_id, room_type_id, name, checkin_date, house_area, bed_type, ensuite_bathroom, kitchen_people_number, orientation_arrangement, room_language_arrangement, status) values (3081,255,11,'Large Studio Premium (Double Occupancy)','详询客服','-1','单人床','1','2','0','0','13');
insert into room_info (id, dormitory_id, room_type_id, name, checkin_date, house_area, bed_type, ensuite_bathroom, kitchen_people_number, orientation_arrangement, room_language_arrangement, status) values (3083,256,1,'Standard (Non-ensuite)','详询客服','-1','单人床','0','3,4,5,6,8','0','0','1');
insert into room_info (id, dormitory_id, room_type_id, name, checkin_date, house_area, bed_type, ensuite_bathroom, kitchen_people_number, orientation_arrangement, room_language_arrangement, status) values (3086,256,2,'Standard Plus (Non-ensuite)','详询客服','-1','单人床','0','3,4,5,6,8','0','0','1');
insert into room_info (id, dormitory_id, room_type_id, name, checkin_date, house_area, bed_type, ensuite_bathroom, kitchen_people_number, orientation_arrangement, room_language_arrangement, status) values (3088,257,1,'Single En-suite','详询客服','-1','单人床','1','3,4,5,6,7','0','0','1');
insert into room_info (id, dormitory_id, room_type_id, name, checkin_date, house_area, bed_type, ensuite_bathroom, kitchen_people_number, orientation_arrangement, room_language_arrangement, status) values (3091,257,2,'Premium En-suite','详询客服','-1','单人床','1','3,4,5,6,7','0','0','1');
insert into room_info (id, dormitory_id, room_type_id, name, checkin_date, house_area, bed_type, ensuite_bathroom, kitchen_people_number, orientation_arrangement, room_language_arrangement, status) values (3093,258,1,'Single En-suite','详询客服','-1','单人床','1','3,4,5,6','0','0','1');
insert into room_info (id, dormitory_id, room_type_id, name, checkin_date, house_area, bed_type, ensuite_bathroom, kitchen_people_number, orientation_arrangement, room_language_arrangement, status) values (3096,258,2,'Premium En-suite','详询客服','-1','单人床','1','3,4,5,6','0','0','1');
insert into room_info (id, dormitory_id, room_type_id, name, checkin_date, house_area, bed_type, ensuite_bathroom, kitchen_people_number, orientation_arrangement, room_language_arrangement, status) values (3097,258,3,'Double En-suite (Single Occupancy)','详询客服','-1','单人床','1','3,4,5,6','0','0','1');
insert into room_info (id, dormitory_id, room_type_id, name, checkin_date, house_area, bed_type, ensuite_bathroom, kitchen_people_number, orientation_arrangement, room_language_arrangement, status) values (3100,258,4,'Double En-suite (Double Occupancy)','详询客服','-1','单人床','1','3,4,5,6','0','0','1');
insert into room_info (id, dormitory_id, room_type_id, name, checkin_date, house_area, bed_type, ensuite_bathroom, kitchen_people_number, orientation_arrangement, room_language_arrangement, status) values (3102,259,1,'Single En-suite','详询客服','-1','单人床','1','3,4,5,6','0','0','2');
insert into room_info (id, dormitory_id, room_type_id, name, checkin_date, house_area, bed_type, ensuite_bathroom, kitchen_people_number, orientation_arrangement, room_language_arrangement, status) values (3105,259,2,'Premium En-suite','详询客服','-1','单人床','1','3,4,5,6','0','0','2');
insert into room_info (id, dormitory_id, room_type_id, name, checkin_date, house_area, bed_type, ensuite_bathroom, kitchen_people_number, orientation_arrangement, room_language_arrangement, status) values (3106,259,3,'Studio','详询客服','-1','单人床','1','1','0','0','13');
insert into room_info (id, dormitory_id, room_type_id, name, checkin_date, house_area, bed_type, ensuite_bathroom, kitchen_people_number, orientation_arrangement, room_language_arrangement, status) values (3109,259,4,'Studio Premium','详询客服','-1','单人床','1','1','0','0','13');
insert into room_info (id, dormitory_id, room_type_id, name, checkin_date, house_area, bed_type, ensuite_bathroom, kitchen_people_number, orientation_arrangement, room_language_arrangement, status) values (3111,260,1,'Single En-suite','详询客服','-1','单人床','1','4,5','0','0','13');
insert into room_info (id, dormitory_id, room_type_id, name, checkin_date, house_area, bed_type, ensuite_bathroom, kitchen_people_number, orientation_arrangement, room_language_arrangement, status) values (3114,260,2,'Studio','详询客服','-1','单人床','1','1','0','0','13');
insert into room_info (id, dormitory_id, room_type_id, name, checkin_date, house_area, bed_type, ensuite_bathroom, kitchen_people_number, orientation_arrangement, room_language_arrangement, status) values (3116,260,3,'Studio Premium','详询客服','-1','单人床','1','1','0','0','13');
insert into room_info (id, dormitory_id, room_type_id, name, checkin_date, house_area, bed_type, ensuite_bathroom, kitchen_people_number, orientation_arrangement, room_language_arrangement, status) values (3118,261,1,'Standard En-suite','详询客服','-1','单人床','1','4,5','0','0','2');
insert into room_info (id, dormitory_id, room_type_id, name, checkin_date, house_area, bed_type, ensuite_bathroom, kitchen_people_number, orientation_arrangement, room_language_arrangement, status) values (3121,261,2,'Single En-suite','详询客服','-1','单人床','1','4,5','0','0','2');

insert into room_price (id, room_info_id, contract_type_id, currency, weekPrice, salePrice) values(82000,2800,8,'GBP',80.31 ,3373.02 );
insert into room_price (id, room_info_id, contract_type_id, currency, weekPrice, salePrice) values(82001,2801,8,'GBP',87.50 ,3675.00 );
insert into room_price (id, room_info_id, contract_type_id, currency, weekPrice, salePrice) values(82002,2802,8,'GBP',89.50 ,3759.00 );
insert into room_price (id, room_info_id, contract_type_id, currency, weekPrice, salePrice) values(82004,2804,33,'GBP',82.50 ,4290.00 );
insert into room_price (id, room_info_id, contract_type_id, currency, weekPrice, salePrice) values(82005,2805,33,'GBP',87.50 ,4550.00 );
insert into room_price (id, room_info_id, contract_type_id, currency, weekPrice, salePrice) values(82006,2806,33,'GBP',96.00 ,4992.00 );
insert into room_price (id, room_info_id, contract_type_id, currency, weekPrice, salePrice) values(82007,2807,33,'GBP',97.00 ,5044.00 );
insert into room_price (id, room_info_id, contract_type_id, currency, weekPrice, salePrice) values(82008,2804,8,'GBP',82.50 ,3465.00 );
insert into room_price (id, room_info_id, contract_type_id, currency, weekPrice, salePrice) values(82009,2805,8,'GBP',87.50 ,3675.00 );
insert into room_price (id, room_info_id, contract_type_id, currency, weekPrice, salePrice) values(82010,2806,8,'GBP',96.00 ,4032.00 );
insert into room_price (id, room_info_id, contract_type_id, currency, weekPrice, salePrice) values(82011,2807,8,'GBP',97.00 ,4074.00 );
insert into room_price (id, room_info_id, contract_type_id, currency, weekPrice, salePrice) values(82013,2813,30,'GBP',99.50 ,5074.00 );
insert into room_price (id, room_info_id, contract_type_id, currency, weekPrice, salePrice) values(82014,2814,30,'GBP',105.00 ,5355.00 );
insert into room_price (id, room_info_id, contract_type_id, currency, weekPrice, salePrice) values(82015,2815,30,'GBP',116.00 ,5916.00 );
insert into room_price (id, room_info_id, contract_type_id, currency, weekPrice, salePrice) values(82016,2816,30,'GBP',130.00 ,6630.00 );
insert into room_price (id, room_info_id, contract_type_id, currency, weekPrice, salePrice) values(82017,2817,30,'GBP',149.00 ,7599.00 );
insert into room_price (id, room_info_id, contract_type_id, currency, weekPrice, salePrice) values(82018,2813,18,'GBP',99.50 ,4378.00 );
insert into room_price (id, room_info_id, contract_type_id, currency, weekPrice, salePrice) values(82019,2814,18,'GBP',105.00 ,4620.00 );
insert into room_price (id, room_info_id, contract_type_id, currency, weekPrice, salePrice) values(82020,2815,18,'GBP',116.00 ,5104.00 );
insert into room_price (id, room_info_id, contract_type_id, currency, weekPrice, salePrice) values(82021,2816,18,'GBP',130.00 ,5720.00 );
insert into room_price (id, room_info_id, contract_type_id, currency, weekPrice, salePrice) values(82022,2817,18,'GBP',149.00 ,6556.00 );
insert into room_price (id, room_info_id, contract_type_id, currency, weekPrice, salePrice) values(82024,2824,30,'GBP',104.00 ,5304.00 );
insert into room_price (id, room_info_id, contract_type_id, currency, weekPrice, salePrice) values(82025,2825,30,'GBP',114.00 ,5814.00 );
insert into room_price (id, room_info_id, contract_type_id, currency, weekPrice, salePrice) values(82026,2826,30,'GBP',119.00 ,6069.00 );
insert into room_price (id, room_info_id, contract_type_id, currency, weekPrice, salePrice) values(82027,2827,30,'GBP',116.00 ,5916.00 );
insert into room_price (id, room_info_id, contract_type_id, currency, weekPrice, salePrice) values(82028,2824,11,'GBP',110.00 ,4730.00 );
insert into room_price (id, room_info_id, contract_type_id, currency, weekPrice, salePrice) values(82029,2825,11,'GBP',123.00 ,5289.00 );
insert into room_price (id, room_info_id, contract_type_id, currency, weekPrice, salePrice) values(82030,2826,11,'GBP',129.00 ,5547.00 );
insert into room_price (id, room_info_id, contract_type_id, currency, weekPrice, salePrice) values(82032,2832,30,'GBP',185.50 ,9460.50 );
insert into room_price (id, room_info_id, contract_type_id, currency, weekPrice, salePrice) values(82033,2833,30,'GBP',185.50 ,9460.50 );
insert into room_price (id, room_info_id, contract_type_id, currency, weekPrice, salePrice) values(82034,2834,30,'GBP',194.32 ,9910.32 );
insert into room_price (id, room_info_id, contract_type_id, currency, weekPrice, salePrice) values(82035,2835,30,'GBP',209.79 ,10699.29 );
insert into room_price (id, room_info_id, contract_type_id, currency, weekPrice, salePrice) values(82036,2836,30,'GBP',217.42 ,11088.42 );
insert into room_price (id, room_info_id, contract_type_id, currency, weekPrice, salePrice) values(82037,2837,30,'GBP',217.42 ,11088.42 );
insert into room_price (id, room_info_id, contract_type_id, currency, weekPrice, salePrice) values(82038,2838,30,'GBP',230.65 ,11763.15 );
insert into room_price (id, room_info_id, contract_type_id, currency, weekPrice, salePrice) values(82039,2839,30,'GBP',231.70 ,11816.70 );
insert into room_price (id, room_info_id, contract_type_id, currency, weekPrice, salePrice) values(82040,2840,30,'GBP',236.18 ,12045.18 );
insert into room_price (id, room_info_id, contract_type_id, currency, weekPrice, salePrice) values(82041,2832,3,'GBP',187.81 ,7512.40 );
insert into room_price (id, room_info_id, contract_type_id, currency, weekPrice, salePrice) values(82042,2833,3,'GBP',187.81 ,7512.40 );
insert into room_price (id, room_info_id, contract_type_id, currency, weekPrice, salePrice) values(82043,2834,3,'GBP',196.50 ,7860.00 );
insert into room_price (id, room_info_id, contract_type_id, currency, weekPrice, salePrice) values(82044,2835,3,'GBP',212.03 ,8481.20 );
insert into room_price (id, room_info_id, contract_type_id, currency, weekPrice, salePrice) values(82045,2836,3,'GBP',219.59 ,8783.60 );
insert into room_price (id, room_info_id, contract_type_id, currency, weekPrice, salePrice) values(82046,2837,3,'GBP',219.59 ,8783.60 );
insert into room_price (id, room_info_id, contract_type_id, currency, weekPrice, salePrice) values(82047,2838,3,'GBP',232.75 ,9310.00 );
insert into room_price (id, room_info_id, contract_type_id, currency, weekPrice, salePrice) values(82048,2839,3,'GBP',233.94 ,9357.60 );
insert into room_price (id, room_info_id, contract_type_id, currency, weekPrice, salePrice) values(82049,2840,3,'GBP',238.35 ,9534.00 );
insert into room_price (id, room_info_id, contract_type_id, currency, weekPrice, salePrice) values(82051,2851,30,'GBP',74.00 ,3774.00 );
insert into room_price (id, room_info_id, contract_type_id, currency, weekPrice, salePrice) values(82052,2851,3,'GBP',79.00 ,3160.00 );
insert into room_price (id, room_info_id, contract_type_id, currency, weekPrice, salePrice) values(82053,2853,30,'GBP',84.00 ,4284.00 );
insert into room_price (id, room_info_id, contract_type_id, currency, weekPrice, salePrice) values(82054,2853,3,'GBP',89.00 ,3560.00 );
insert into room_price (id, room_info_id, contract_type_id, currency, weekPrice, salePrice) values(82055,2855,30,'GBP',89.00 ,4539.00 );
insert into room_price (id, room_info_id, contract_type_id, currency, weekPrice, salePrice) values(82056,2855,3,'GBP',94.00 ,3760.00 );
insert into room_price (id, room_info_id, contract_type_id, currency, weekPrice, salePrice) values(82057,2857,30,'GBP',94.00 ,4794.00 );
insert into room_price (id, room_info_id, contract_type_id, currency, weekPrice, salePrice) values(82058,2857,3,'GBP',99.00 ,3960.00 );
insert into room_price (id, room_info_id, contract_type_id, currency, weekPrice, salePrice) values(82059,2859,30,'GBP',99.00 ,5049.00 );
insert into room_price (id, room_info_id, contract_type_id, currency, weekPrice, salePrice) values(82060,2859,3,'GBP',104.00 ,4160.00 );
insert into room_price (id, room_info_id, contract_type_id, currency, weekPrice, salePrice) values(82061,2861,30,'GBP',104.00 ,5304.00 );
insert into room_price (id, room_info_id, contract_type_id, currency, weekPrice, salePrice) values(82062,2861,3,'GBP',109.00 ,4360.00 );
insert into room_price (id, room_info_id, contract_type_id, currency, weekPrice, salePrice) values(82063,2863,30,'GBP',175.00 ,8925.00 );
insert into room_price (id, room_info_id, contract_type_id, currency, weekPrice, salePrice) values(82064,2863,3,'GBP',160.00 ,6400.00 );
insert into room_price (id, room_info_id, contract_type_id, currency, weekPrice, salePrice) values(82066,2866,8,'GBP',114.00 ,4788.00 );
insert into room_price (id, room_info_id, contract_type_id, currency, weekPrice, salePrice) values(82067,2867,8,'GBP',117.00 ,4914.00 );
insert into room_price (id, room_info_id, contract_type_id, currency, weekPrice, salePrice) values(82068,2868,8,'GBP',121.00 ,5082.00 );
insert into room_price (id, room_info_id, contract_type_id, currency, weekPrice, salePrice) values(82069,2866,11,'GBP',114.00 ,4902.00 );
insert into room_price (id, room_info_id, contract_type_id, currency, weekPrice, salePrice) values(82070,2867,11,'GBP',117.00 ,5031.00 );
insert into room_price (id, room_info_id, contract_type_id, currency, weekPrice, salePrice) values(82071,2868,11,'GBP',121.00 ,5203.00 );
insert into room_price (id, room_info_id, contract_type_id, currency, weekPrice, salePrice) values(82073,2873,8,'GBP',107.00 ,4404.12 );
insert into room_price (id, room_info_id, contract_type_id, currency, weekPrice, salePrice) values(82074,2873,30,'GBP',102.00 ,5097.96 );
insert into room_price (id, room_info_id, contract_type_id, currency, weekPrice, salePrice) values(82075,2875,8,'GBP',115.00 ,4733.40 );
insert into room_price (id, room_info_id, contract_type_id, currency, weekPrice, salePrice) values(82076,2875,30,'GBP',103.00 ,5147.94 );
insert into room_price (id, room_info_id, contract_type_id, currency, weekPrice, salePrice) values(82078,2878,8,'GBP',110.00 ,4527.60 );
insert into room_price (id, room_info_id, contract_type_id, currency, weekPrice, salePrice) values(82079,2878,30,'GBP',99.00 ,4948.02 );
insert into room_price (id, room_info_id, contract_type_id, currency, weekPrice, salePrice) values(82080,2880,8,'GBP',99.00 ,4074.84 );
insert into room_price (id, room_info_id, contract_type_id, currency, weekPrice, salePrice) values(82081,2880,30,'GBP',95.00 ,4748.10 );
insert into room_price (id, room_info_id, contract_type_id, currency, weekPrice, salePrice) values(82083,2883,8,'GBP',325.00 ,13377.00 );
insert into room_price (id, room_info_id, contract_type_id, currency, weekPrice, salePrice) values(82084,2883,30,'GBP',315.00 ,15743.70 );
insert into room_price (id, room_info_id, contract_type_id, currency, weekPrice, salePrice) values(82085,2883,33,'GBP',315.00 ,16052.40 );
insert into room_price (id, room_info_id, contract_type_id, currency, weekPrice, salePrice) values(82086,2886,8,'GBP',255.00 ,10495.80 );
insert into room_price (id, room_info_id, contract_type_id, currency, weekPrice, salePrice) values(82087,2886,30,'GBP',245.00 ,12245.10 );
insert into room_price (id, room_info_id, contract_type_id, currency, weekPrice, salePrice) values(82088,2886,33,'GBP',245.00 ,12485.20 );
insert into room_price (id, room_info_id, contract_type_id, currency, weekPrice, salePrice) values(82089,2889,8,'GBP',260.00 ,10701.60 );
insert into room_price (id, room_info_id, contract_type_id, currency, weekPrice, salePrice) values(82090,2889,30,'GBP',255.00 ,12744.90 );
insert into room_price (id, room_info_id, contract_type_id, currency, weekPrice, salePrice) values(82091,2889,33,'GBP',255.00 ,12994.80 );
insert into room_price (id, room_info_id, contract_type_id, currency, weekPrice, salePrice) values(82092,2892,8,'GBP',285.00 ,11730.60 );
insert into room_price (id, room_info_id, contract_type_id, currency, weekPrice, salePrice) values(82093,2892,30,'GBP',280.00 ,13994.40 );
insert into room_price (id, room_info_id, contract_type_id, currency, weekPrice, salePrice) values(82094,2892,33,'GBP',280.00 ,14268.80 );
insert into room_price (id, room_info_id, contract_type_id, currency, weekPrice, salePrice) values(82096,2896,11,'GBP',260.00 ,10956.40 );
insert into room_price (id, room_info_id, contract_type_id, currency, weekPrice, salePrice) values(82097,2896,30,'GBP',250.00 ,12495.00 );
insert into room_price (id, room_info_id, contract_type_id, currency, weekPrice, salePrice) values(82098,2898,30,'GBP',198.00 ,9896.04 );
insert into room_price (id, room_info_id, contract_type_id, currency, weekPrice, salePrice) values(82099,2899,11,'GBP',255.00 ,10745.70 );
insert into room_price (id, room_info_id, contract_type_id, currency, weekPrice, salePrice) values(82100,2899,30,'GBP',245.00 ,12245.10 );
insert into room_price (id, room_info_id, contract_type_id, currency, weekPrice, salePrice) values(82102,2902,18,'GBP',365.00 ,15738.80 );
insert into room_price (id, room_info_id, contract_type_id, currency, weekPrice, salePrice) values(82103,2902,30,'GBP',350.00 ,17493.00 );
insert into room_price (id, room_info_id, contract_type_id, currency, weekPrice, salePrice) values(82104,2904,18,'GBP',269.00 ,11599.28 );
insert into room_price (id, room_info_id, contract_type_id, currency, weekPrice, salePrice) values(82105,2904,30,'GBP',259.00 ,12944.82 );
insert into room_price (id, room_info_id, contract_type_id, currency, weekPrice, salePrice) values(82106,2906,18,'GBP',320.00 ,13798.40 );
insert into room_price (id, room_info_id, contract_type_id, currency, weekPrice, salePrice) values(82107,2906,30,'GBP',305.00 ,15243.90 );
insert into room_price (id, room_info_id, contract_type_id, currency, weekPrice, salePrice) values(82108,2908,18,'GBP',255.00 ,10995.60 );
insert into room_price (id, room_info_id, contract_type_id, currency, weekPrice, salePrice) values(82109,2908,30,'GBP',245.00 ,12245.10 );
insert into room_price (id, room_info_id, contract_type_id, currency, weekPrice, salePrice) values(82111,2911,8,'GBP',295.00 ,12142.20 );
insert into room_price (id, room_info_id, contract_type_id, currency, weekPrice, salePrice) values(82112,2911,30,'GBP',284.00 ,14194.32 );
insert into room_price (id, room_info_id, contract_type_id, currency, weekPrice, salePrice) values(82114,2914,8,'GBP',225.00 ,9261.00 );
insert into room_price (id, room_info_id, contract_type_id, currency, weekPrice, salePrice) values(82115,2914,30,'GBP',199.00 ,9946.02 );
insert into room_price (id, room_info_id, contract_type_id, currency, weekPrice, salePrice) values(82116,2916,30,'GBP',284.00 ,14194.32 );
insert into room_price (id, room_info_id, contract_type_id, currency, weekPrice, salePrice) values(82117,2917,8,'GBP',225.00 ,9261.00 );
insert into room_price (id, room_info_id, contract_type_id, currency, weekPrice, salePrice) values(82118,2917,8,'GBP',199.00 ,9946.02 );
insert into room_price (id, room_info_id, contract_type_id, currency, weekPrice, salePrice) values(82120,2920,11,'GBP',111.00 ,4677.54 );
insert into room_price (id, room_info_id, contract_type_id, currency, weekPrice, salePrice) values(82121,2920,33,'GBP',103.00 ,5248.88 );
insert into room_price (id, room_info_id, contract_type_id, currency, weekPrice, salePrice) values(82122,2920,35,'GBP',103.00 ,5450.76 );
insert into room_price (id, room_info_id, contract_type_id, currency, weekPrice, salePrice) values(82123,2923,11,'GBP',145.00 ,6110.30 );
insert into room_price (id, room_info_id, contract_type_id, currency, weekPrice, salePrice) values(82124,2923,33,'GBP',130.00 ,6624.80 );
insert into room_price (id, room_info_id, contract_type_id, currency, weekPrice, salePrice) values(82125,2923,35,'GBP',130.00 ,6879.60 );
insert into room_price (id, room_info_id, contract_type_id, currency, weekPrice, salePrice) values(82126,2926,11,'GBP',165.00 ,6953.10 );
insert into room_price (id, room_info_id, contract_type_id, currency, weekPrice, salePrice) values(82127,2926,33,'GBP',150.00 ,7644.00 );
insert into room_price (id, room_info_id, contract_type_id, currency, weekPrice, salePrice) values(82128,2926,35,'GBP',150.00 ,7938.00 );
insert into room_price (id, room_info_id, contract_type_id, currency, weekPrice, salePrice) values(82130,2930,11,'GBP',111.50 ,4698.61 );
insert into room_price (id, room_info_id, contract_type_id, currency, weekPrice, salePrice) values(82131,2930,30,'GBP',103.00 ,5147.94 );
insert into room_price (id, room_info_id, contract_type_id, currency, weekPrice, salePrice) values(82132,2932,11,'GBP',122.50 ,5162.15 );
insert into room_price (id, room_info_id, contract_type_id, currency, weekPrice, salePrice) values(82133,2932,30,'GBP',109.00 ,5447.82 );
insert into room_price (id, room_info_id, contract_type_id, currency, weekPrice, salePrice) values(82134,2934,11,'GBP',170.00 ,7163.80 );
insert into room_price (id, room_info_id, contract_type_id, currency, weekPrice, salePrice) values(82135,2934,30,'GBP',150.00 ,7497.00 );
insert into room_price (id, room_info_id, contract_type_id, currency, weekPrice, salePrice) values(82137,2937,11,'GBP',119.00 ,5014.66 );
insert into room_price (id, room_info_id, contract_type_id, currency, weekPrice, salePrice) values(82138,2937,30,'GBP',109.00 ,5447.82 );
insert into room_price (id, room_info_id, contract_type_id, currency, weekPrice, salePrice) values(82139,2939,11,'GBP',135.00 ,5688.90 );
insert into room_price (id, room_info_id, contract_type_id, currency, weekPrice, salePrice) values(82140,2939,30,'GBP',125.00 ,6247.50 );
insert into room_price (id, room_info_id, contract_type_id, currency, weekPrice, salePrice) values(82142,2942,11,'GBP',107.00 ,4508.98 );
insert into room_price (id, room_info_id, contract_type_id, currency, weekPrice, salePrice) values(82143,2942,30,'GBP',99.00 ,4948.02 );
insert into room_price (id, room_info_id, contract_type_id, currency, weekPrice, salePrice) values(82145,2945,11,'GBP',111.50 ,4698.61 );
insert into room_price (id, room_info_id, contract_type_id, currency, weekPrice, salePrice) values(82146,2945,30,'GBP',103.00 ,5147.94 );
insert into room_price (id, room_info_id, contract_type_id, currency, weekPrice, salePrice) values(82147,2947,11,'GBP',170.00 ,7163.80 );
insert into room_price (id, room_info_id, contract_type_id, currency, weekPrice, salePrice) values(82148,2947,30,'GBP',150.00 ,7497.00 );
insert into room_price (id, room_info_id, contract_type_id, currency, weekPrice, salePrice) values(82150,2950,11,'GBP',111.00 ,4677.54 );
insert into room_price (id, room_info_id, contract_type_id, currency, weekPrice, salePrice) values(82151,2950,30,'GBP',103.00 ,5147.94 );
insert into room_price (id, room_info_id, contract_type_id, currency, weekPrice, salePrice) values(82153,2953,18,'GBP',116.50 ,5023.48 );
insert into room_price (id, room_info_id, contract_type_id, currency, weekPrice, salePrice) values(82154,2954,18,'GBP',116.50 ,5023.48 );
insert into room_price (id, room_info_id, contract_type_id, currency, weekPrice, salePrice) values(82155,2953,30,'GBP',105.00 ,5247.90 );
insert into room_price (id, room_info_id, contract_type_id, currency, weekPrice, salePrice) values(82156,2956,30,'GBP',160.00 ,7996.80 );
insert into room_price (id, room_info_id, contract_type_id, currency, weekPrice, salePrice) values(82157,2957,30,'GBP',160.00 ,7996.80 );
insert into room_price (id, room_info_id, contract_type_id, currency, weekPrice, salePrice) values(82158,2958,30,'GBP',148.00 ,7397.04 );
insert into room_price (id, room_info_id, contract_type_id, currency, weekPrice, salePrice) values(82160,2960,8,'GBP',132.50 ,5453.70 );
insert into room_price (id, room_info_id, contract_type_id, currency, weekPrice, salePrice) values(82161,2960,30,'GBP',111.00 ,5547.78 );
insert into room_price (id, room_info_id, contract_type_id, currency, weekPrice, salePrice) values(82162,2960,33,'GBP',111.00 ,5656.56 );
insert into room_price (id, room_info_id, contract_type_id, currency, weekPrice, salePrice) values(82163,2963,8,'GBP',150.00 ,6174.00 );
insert into room_price (id, room_info_id, contract_type_id, currency, weekPrice, salePrice) values(82164,2963,30,'GBP',125.00 ,6247.50 );
insert into room_price (id, room_info_id, contract_type_id, currency, weekPrice, salePrice) values(82165,2963,33,'GBP',125.00 ,6370.00 );
insert into room_price (id, room_info_id, contract_type_id, currency, weekPrice, salePrice) values(82166,2966,8,'GBP',168.00 ,6914.88 );
insert into room_price (id, room_info_id, contract_type_id, currency, weekPrice, salePrice) values(82167,2966,30,'GBP',145.00 ,7247.10 );
insert into room_price (id, room_info_id, contract_type_id, currency, weekPrice, salePrice) values(82168,2966,33,'GBP',145.00 ,7389.20 );
insert into room_price (id, room_info_id, contract_type_id, currency, weekPrice, salePrice) values(82169,2969,8,'GBP',187.00 ,7696.92 );
insert into room_price (id, room_info_id, contract_type_id, currency, weekPrice, salePrice) values(82170,2969,30,'GBP',154.50 ,7721.91 );
insert into room_price (id, room_info_id, contract_type_id, currency, weekPrice, salePrice) values(82171,2969,33,'GBP',154.50 ,7873.32 );
insert into room_price (id, room_info_id, contract_type_id, currency, weekPrice, salePrice) values(82173,2973,11,'GBP',115.00 ,4846.10 );
insert into room_price (id, room_info_id, contract_type_id, currency, weekPrice, salePrice) values(82174,2973,27,'GBP',103.00 ,5047.00 );
insert into room_price (id, room_info_id, contract_type_id, currency, weekPrice, salePrice) values(82175,2973,33,'GBP',103.00 ,5248.88 );
insert into room_price (id, room_info_id, contract_type_id, currency, weekPrice, salePrice) values(82176,2976,11,'GBP',126.00 ,5309.64 );
insert into room_price (id, room_info_id, contract_type_id, currency, weekPrice, salePrice) values(82177,2976,27,'GBP',126.00 ,6174.00 );
insert into room_price (id, room_info_id, contract_type_id, currency, weekPrice, salePrice) values(82178,2976,33,'GBP',126.00 ,6420.96 );
insert into room_price (id, room_info_id, contract_type_id, currency, weekPrice, salePrice) values(82179,2979,11,'GBP',170.00 ,7163.80 );
insert into room_price (id, room_info_id, contract_type_id, currency, weekPrice, salePrice) values(82180,2979,27,'GBP',150.00 ,7350.00 );
insert into room_price (id, room_info_id, contract_type_id, currency, weekPrice, salePrice) values(82181,2979,33,'GBP',150.00 ,7644.00 );
insert into room_price (id, room_info_id, contract_type_id, currency, weekPrice, salePrice) values(82183,2983,11,'GBP',109.00 ,4593.26 );
insert into room_price (id, room_info_id, contract_type_id, currency, weekPrice, salePrice) values(82184,2983,30,'GBP',103.00 ,5147.94 );
insert into room_price (id, room_info_id, contract_type_id, currency, weekPrice, salePrice) values(82185,2983,33,'GBP',103.00 ,5248.88 );
insert into room_price (id, room_info_id, contract_type_id, currency, weekPrice, salePrice) values(82186,2986,11,'GBP',135.00 ,5688.90 );
insert into room_price (id, room_info_id, contract_type_id, currency, weekPrice, salePrice) values(82187,2986,30,'GBP',125.00 ,6247.50 );
insert into room_price (id, room_info_id, contract_type_id, currency, weekPrice, salePrice) values(82188,2986,33,'GBP',125.00 ,6370.00 );
insert into room_price (id, room_info_id, contract_type_id, currency, weekPrice, salePrice) values(82189,2989,11,'GBP',170.00 ,7163.80 );
insert into room_price (id, room_info_id, contract_type_id, currency, weekPrice, salePrice) values(82190,2989,30,'GBP',150.00 ,7497.00 );
insert into room_price (id, room_info_id, contract_type_id, currency, weekPrice, salePrice) values(82191,2989,33,'GBP',150.00 ,7644.00 );
insert into room_price (id, room_info_id, contract_type_id, currency, weekPrice, salePrice) values(82193,2993,11,'GBP',107.00 ,4508.98 );
insert into room_price (id, room_info_id, contract_type_id, currency, weekPrice, salePrice) values(82194,2993,30,'GBP',99.00 ,4948.02 );
insert into room_price (id, room_info_id, contract_type_id, currency, weekPrice, salePrice) values(82195,2993,33,'GBP',99.00 ,5045.04 );
insert into room_price (id, room_info_id, contract_type_id, currency, weekPrice, salePrice) values(82196,2996,11,'GBP',113.00 ,4761.82 );
insert into room_price (id, room_info_id, contract_type_id, currency, weekPrice, salePrice) values(82197,2996,30,'GBP',103.00 ,5147.94 );
insert into room_price (id, room_info_id, contract_type_id, currency, weekPrice, salePrice) values(82198,2996,33,'GBP',103.00 ,5248.88 );
insert into room_price (id, room_info_id, contract_type_id, currency, weekPrice, salePrice) values(82200,3000,8,'GBP',113.50 ,4671.66 );
insert into room_price (id, room_info_id, contract_type_id, currency, weekPrice, salePrice) values(82201,3000,30,'GBP',102.00 ,5097.96 );
insert into room_price (id, room_info_id, contract_type_id, currency, weekPrice, salePrice) values(82202,3002,8,'GBP',116.50 ,4795.14 );
insert into room_price (id, room_info_id, contract_type_id, currency, weekPrice, salePrice) values(82203,3002,30,'GBP',106.00 ,5297.88 );
insert into room_price (id, room_info_id, contract_type_id, currency, weekPrice, salePrice) values(82204,3004,8,'GBP',113.50 ,4671.66 );
insert into room_price (id, room_info_id, contract_type_id, currency, weekPrice, salePrice) values(82205,3004,30,'GBP',102.00 ,5097.96 );
insert into room_price (id, room_info_id, contract_type_id, currency, weekPrice, salePrice) values(82206,3006,8,'GBP',115.50 ,4753.98 );
insert into room_price (id, room_info_id, contract_type_id, currency, weekPrice, salePrice) values(82207,3006,30,'GBP',104.00 ,5197.92 );
insert into room_price (id, room_info_id, contract_type_id, currency, weekPrice, salePrice) values(82208,3008,8,'GBP',115.50 ,4753.98 );
insert into room_price (id, room_info_id, contract_type_id, currency, weekPrice, salePrice) values(82209,3008,30,'GBP',104.00 ,5197.92 );
insert into room_price (id, room_info_id, contract_type_id, currency, weekPrice, salePrice) values(82210,3010,8,'GBP',118.00 ,4856.88 );
insert into room_price (id, room_info_id, contract_type_id, currency, weekPrice, salePrice) values(82211,3010,30,'GBP',108.00 ,5397.84 );
insert into room_price (id, room_info_id, contract_type_id, currency, weekPrice, salePrice) values(82212,3012,8,'GBP',115.50 ,4753.98 );
insert into room_price (id, room_info_id, contract_type_id, currency, weekPrice, salePrice) values(82213,3012,30,'GBP',104.00 ,5197.92 );
insert into room_price (id, room_info_id, contract_type_id, currency, weekPrice, salePrice) values(82214,3014,8,'GBP',118.50 ,4877.46 );
insert into room_price (id, room_info_id, contract_type_id, currency, weekPrice, salePrice) values(82215,3014,30,'GBP',108.00 ,5397.84 );
insert into room_price (id, room_info_id, contract_type_id, currency, weekPrice, salePrice) values(82216,3016,8,'GBP',118.50 ,4877.46 );
insert into room_price (id, room_info_id, contract_type_id, currency, weekPrice, salePrice) values(82217,3016,30,'GBP',108.00 ,5397.84 );
insert into room_price (id, room_info_id, contract_type_id, currency, weekPrice, salePrice) values(82218,3018,8,'GBP',121.00 ,4980.36 );
insert into room_price (id, room_info_id, contract_type_id, currency, weekPrice, salePrice) values(82219,3018,30,'GBP',111.00 ,5547.78 );
insert into room_price (id, room_info_id, contract_type_id, currency, weekPrice, salePrice) values(82220,3020,8,'GBP',190.00 ,7820.40 );
insert into room_price (id, room_info_id, contract_type_id, currency, weekPrice, salePrice) values(82221,3020,30,'GBP',190.00 ,9496.20 );
insert into room_price (id, room_info_id, contract_type_id, currency, weekPrice, salePrice) values(82223,3023,18,'GBP',109.00 ,4700.08 );
insert into room_price (id, room_info_id, contract_type_id, currency, weekPrice, salePrice) values(82224,3023,30,'GBP',103.00 ,5147.94 );
insert into room_price (id, room_info_id, contract_type_id, currency, weekPrice, salePrice) values(82225,3025,18,'GBP',130.00 ,5605.60 );
insert into room_price (id, room_info_id, contract_type_id, currency, weekPrice, salePrice) values(82226,3025,30,'GBP',119.50 ,5972.61 );
insert into room_price (id, room_info_id, contract_type_id, currency, weekPrice, salePrice) values(82227,3027,18,'GBP',156.00 ,6726.72 );
insert into room_price (id, room_info_id, contract_type_id, currency, weekPrice, salePrice) values(82228,3027,30,'GBP',146.00 ,7297.08 );
insert into room_price (id, room_info_id, contract_type_id, currency, weekPrice, salePrice) values(82230,3030,8,'GBP',98.50 ,4054.26 );
insert into room_price (id, room_info_id, contract_type_id, currency, weekPrice, salePrice) values(82231,3030,30,'GBP',92.00 ,4598.16 );
insert into room_price (id, room_info_id, contract_type_id, currency, weekPrice, salePrice) values(82232,3032,8,'GBP',100.00 ,4116.00 );
insert into room_price (id, room_info_id, contract_type_id, currency, weekPrice, salePrice) values(82233,3032,30,'GBP',95.00 ,4748.10 );
insert into room_price (id, room_info_id, contract_type_id, currency, weekPrice, salePrice) values(82234,3034,8,'GBP',108.50 ,4465.86 );
insert into room_price (id, room_info_id, contract_type_id, currency, weekPrice, salePrice) values(82235,3034,30,'GBP',102.50 ,5122.95 );
insert into room_price (id, room_info_id, contract_type_id, currency, weekPrice, salePrice) values(82237,3037,11,'GBP',116.00 ,4888.24 );
insert into room_price (id, room_info_id, contract_type_id, currency, weekPrice, salePrice) values(82238,3037,30,'GBP',108.00 ,5397.84 );
insert into room_price (id, room_info_id, contract_type_id, currency, weekPrice, salePrice) values(82239,3039,11,'GBP',150.00 ,6321.00 );
insert into room_price (id, room_info_id, contract_type_id, currency, weekPrice, salePrice) values(82240,3039,30,'GBP',137.00 ,6847.26 );
insert into room_price (id, room_info_id, contract_type_id, currency, weekPrice, salePrice) values(82241,3041,11,'GBP',170.00 ,7163.80 );
insert into room_price (id, room_info_id, contract_type_id, currency, weekPrice, salePrice) values(82242,3041,30,'GBP',153.00 ,7646.94 );
insert into room_price (id, room_info_id, contract_type_id, currency, weekPrice, salePrice) values(82244,3044,30,'GBP',195.00 ,9746.10 );
insert into room_price (id, room_info_id, contract_type_id, currency, weekPrice, salePrice) values(82245,3045,30,'GBP',150.00 ,7497.00 );
insert into room_price (id, room_info_id, contract_type_id, currency, weekPrice, salePrice) values(82246,3046,30,'GBP',170.00 ,8496.60 );
insert into room_price (id, room_info_id, contract_type_id, currency, weekPrice, salePrice) values(82248,3048,36,'GBP',134.00 ,5121.48 );
insert into room_price (id, room_info_id, contract_type_id, currency, weekPrice, salePrice) values(82249,3048,8,'GBP',125.50 ,5165.58 );
insert into room_price (id, room_info_id, contract_type_id, currency, weekPrice, salePrice) values(82250,3048,30,'GBP',111.00 ,5547.78 );
insert into room_price (id, room_info_id, contract_type_id, currency, weekPrice, salePrice) values(82251,3051,8,'GBP',138.00 ,5680.08 );
insert into room_price (id, room_info_id, contract_type_id, currency, weekPrice, salePrice) values(82252,3051,30,'GBP',130.00 ,6497.40 );
insert into room_price (id, room_info_id, contract_type_id, currency, weekPrice, salePrice) values(82253,3053,8,'GBP',155.00 ,6379.80 );
insert into room_price (id, room_info_id, contract_type_id, currency, weekPrice, salePrice) values(82254,3053,30,'GBP',130.00 ,6497.40 );
insert into room_price (id, room_info_id, contract_type_id, currency, weekPrice, salePrice) values(82256,3056,8,'GBP',114.00 ,4692.24 );
insert into room_price (id, room_info_id, contract_type_id, currency, weekPrice, salePrice) values(82257,3056,30,'GBP',103.00 ,5147.94 );
insert into room_price (id, room_info_id, contract_type_id, currency, weekPrice, salePrice) values(82258,3058,8,'GBP',121.50 ,5000.94 );
insert into room_price (id, room_info_id, contract_type_id, currency, weekPrice, salePrice) values(82259,3058,30,'GBP',109.00 ,5447.82 );
insert into room_price (id, room_info_id, contract_type_id, currency, weekPrice, salePrice) values(82260,3060,8,'GBP',125.00 ,5145.00 );
insert into room_price (id, room_info_id, contract_type_id, currency, weekPrice, salePrice) values(82261,3060,30,'GBP',114.00 ,5697.72 );
insert into room_price (id, room_info_id, contract_type_id, currency, weekPrice, salePrice) values(82262,3062,8,'GBP',166.00 ,6832.56 );
insert into room_price (id, room_info_id, contract_type_id, currency, weekPrice, salePrice) values(82263,3062,30,'GBP',164.00 ,8196.72 );
insert into room_price (id, room_info_id, contract_type_id, currency, weekPrice, salePrice) values(82265,3065,11,'GBP',147.00 ,6194.58 );
insert into room_price (id, room_info_id, contract_type_id, currency, weekPrice, salePrice) values(82266,3065,11,'GBP',147.00 ,6194.58 );
insert into room_price (id, room_info_id, contract_type_id, currency, weekPrice, salePrice) values(82267,3065,30,'GBP',136.00 ,6797.28 );
insert into room_price (id, room_info_id, contract_type_id, currency, weekPrice, salePrice) values(82268,3068,30,'GBP',184.00 ,9196.32 );
insert into room_price (id, room_info_id, contract_type_id, currency, weekPrice, salePrice) values(82269,3069,30,'GBP',235.00 ,11745.30 );
insert into room_price (id, room_info_id, contract_type_id, currency, weekPrice, salePrice) values(82270,3070,11,'GBP',142.00 ,5983.88 );
insert into room_price (id, room_info_id, contract_type_id, currency, weekPrice, salePrice) values(82271,3070,11,'GBP',142.00 ,5983.88 );
insert into room_price (id, room_info_id, contract_type_id, currency, weekPrice, salePrice) values(82272,3070,30,'GBP',130.00 ,6497.40 );
insert into room_price (id, room_info_id, contract_type_id, currency, weekPrice, salePrice) values(82273,3073,11,'GBP',129.00 ,5436.06 );
insert into room_price (id, room_info_id, contract_type_id, currency, weekPrice, salePrice) values(82274,3073,11,'GBP',129.00 ,5436.06 );
insert into room_price (id, room_info_id, contract_type_id, currency, weekPrice, salePrice) values(82275,3073,30,'GBP',119.00 ,5947.62 );
insert into room_price (id, room_info_id, contract_type_id, currency, weekPrice, salePrice) values(82276,3076,30,'GBP',152.00 ,7596.96 );
insert into room_price (id, room_info_id, contract_type_id, currency, weekPrice, salePrice) values(82277,3077,30,'GBP',166.00 ,8296.68 );
insert into room_price (id, room_info_id, contract_type_id, currency, weekPrice, salePrice) values(82278,3078,30,'GBP',193.00 ,9646.14 );
insert into room_price (id, room_info_id, contract_type_id, currency, weekPrice, salePrice) values(82279,3079,30,'GBP',250.00 ,12495.00 );
insert into room_price (id, room_info_id, contract_type_id, currency, weekPrice, salePrice) values(82280,3080,30,'GBP',236.00 ,11795.28 );
insert into room_price (id, room_info_id, contract_type_id, currency, weekPrice, salePrice) values(82281,3081,30,'GBP',285.00 ,14244.30 );
insert into room_price (id, room_info_id, contract_type_id, currency, weekPrice, salePrice) values(82283,3083,18,'GBP',99.00 ,4268.88 );
insert into room_price (id, room_info_id, contract_type_id, currency, weekPrice, salePrice) values(82284,3083,30,'GBP',93.00 ,4648.14 );
insert into room_price (id, room_info_id, contract_type_id, currency, weekPrice, salePrice) values(82285,3085,18,'GBP',103.00 ,4441.36 );
insert into room_price (id, room_info_id, contract_type_id, currency, weekPrice, salePrice) values(82286,3085,30,'GBP',98.00 ,4898.04 );
insert into room_price (id, room_info_id, contract_type_id, currency, weekPrice, salePrice) values(82288,3088,11,'GBP',92.00 ,3876.88 );
insert into room_price (id, room_info_id, contract_type_id, currency, weekPrice, salePrice) values(82289,3088,30,'GBP',89.00 ,4448.22 );
insert into room_price (id, room_info_id, contract_type_id, currency, weekPrice, salePrice) values(82290,3090,11,'GBP',95.00 ,4003.30 );
insert into room_price (id, room_info_id, contract_type_id, currency, weekPrice, salePrice) values(82291,3090,30,'GBP',92.00 ,4598.16 );
insert into room_price (id, room_info_id, contract_type_id, currency, weekPrice, salePrice) values(82293,3093,11,'GBP',92.00 ,3876.88 );
insert into room_price (id, room_info_id, contract_type_id, currency, weekPrice, salePrice) values(82294,3093,30,'GBP',89.00 ,4448.22 );
insert into room_price (id, room_info_id, contract_type_id, currency, weekPrice, salePrice) values(82295,3095,11,'GBP',95.00 ,4003.30 );
insert into room_price (id, room_info_id, contract_type_id, currency, weekPrice, salePrice) values(82296,3095,30,'GBP',92.00 ,4598.16 );
insert into room_price (id, room_info_id, contract_type_id, currency, weekPrice, salePrice) values(82297,3097,11,'GBP',105.00 ,4424.70 );
insert into room_price (id, room_info_id, contract_type_id, currency, weekPrice, salePrice) values(82298,3097,30,'GBP',100.00 ,4998.00 );
insert into room_price (id, room_info_id, contract_type_id, currency, weekPrice, salePrice) values(82299,3099,11,'GBP',140.00 ,5899.60 );
insert into room_price (id, room_info_id, contract_type_id, currency, weekPrice, salePrice) values(82300,3099,30,'GBP',125.00 ,6247.50 );
insert into room_price (id, room_info_id, contract_type_id, currency, weekPrice, salePrice) values(82302,3102,11,'GBP',118.00 ,4972.52 );
insert into room_price (id, room_info_id, contract_type_id, currency, weekPrice, salePrice) values(82303,3102,30,'GBP',105.00 ,5247.90 );
insert into room_price (id, room_info_id, contract_type_id, currency, weekPrice, salePrice) values(82304,3104,11,'GBP',132.00 ,5562.48 );
insert into room_price (id, room_info_id, contract_type_id, currency, weekPrice, salePrice) values(82305,3104,30,'GBP',120.00 ,5997.60 );
insert into room_price (id, room_info_id, contract_type_id, currency, weekPrice, salePrice) values(82306,3106,11,'GBP',161.00 ,6784.54 );
insert into room_price (id, room_info_id, contract_type_id, currency, weekPrice, salePrice) values(82307,3106,30,'GBP',145.00 ,7247.10 );
insert into room_price (id, room_info_id, contract_type_id, currency, weekPrice, salePrice) values(82308,3108,11,'GBP',170.00 ,7163.80 );
insert into room_price (id, room_info_id, contract_type_id, currency, weekPrice, salePrice) values(82309,3108,30,'GBP',156.00 ,7796.88 );
insert into room_price (id, room_info_id, contract_type_id, currency, weekPrice, salePrice) values(82311,3111,11,'GBP',118.00 ,4972.52 );
insert into room_price (id, room_info_id, contract_type_id, currency, weekPrice, salePrice) values(82312,3111,30,'GBP',105.00 ,5247.90 );
insert into room_price (id, room_info_id, contract_type_id, currency, weekPrice, salePrice) values(82313,3113,11,'GBP',145.00 ,6110.30 );
insert into room_price (id, room_info_id, contract_type_id, currency, weekPrice, salePrice) values(82314,3113,30,'GBP',125.00 ,6247.50 );
insert into room_price (id, room_info_id, contract_type_id, currency, weekPrice, salePrice) values(82315,3115,11,'GBP',155.00 ,6531.70 );
insert into room_price (id, room_info_id, contract_type_id, currency, weekPrice, salePrice) values(82316,3115,30,'GBP',135.00 ,6747.30 );
insert into room_price (id, room_info_id, contract_type_id, currency, weekPrice, salePrice) values(82318,3118,11,'GBP',95.00 ,4003.30 );
insert into room_price (id, room_info_id, contract_type_id, currency, weekPrice, salePrice) values(82319,3118,30,'GBP',87.00 ,4348.26 );
insert into room_price (id, room_info_id, contract_type_id, currency, weekPrice, salePrice) values(82320,3120,11,'GBP',100.00 ,4214.00 );
insert into room_price (id, room_info_id, contract_type_id, currency, weekPrice, salePrice) values(82321,3120,30,'GBP',92.00 ,4598.16 );

update dormitory set status= 'HAS_VACANCY' where id > 223;

update room_info set status = '0' where status='13' and id > 2800;
update room_info set status = '13' where status='14' and id > 2800;