/* Room Type */
INSERT INTO `dormitory`.`room_type` (`id`, `name`, `create_time`, `update_time`) VALUES ('1', 'Single', '2014-03-20', '2014-03-20');
INSERT INTO `dormitory`.`room_type` (`id`, `name`, `create_time`, `update_time`) VALUES ('2', 'Double', '2014-03-20', '2014-03-20');
INSERT INTO `dormitory`.`room_type` (`id`, `name`, `create_time`, `update_time`) VALUES ('3', 'Triple', '2014-03-20', '2014-03-20');
INSERT INTO `dormitory`.`room_type` (`id`, `name`, `create_time`, `update_time`) VALUES ('4', 'Quadruple', '2014-03-20', '2014-03-20');
INSERT INTO `dormitory`.`room_type` (`id`, `name`, `create_time`, `update_time`) VALUES ('5', 'Quintuple', '2014-03-20', '2014-03-20');

/* Contract Type */
INSERT INTO `dormitory`.`contract_type` (`id`, `name`, `create_time`, `update_time`) VALUES ('1', 51, '2014-03-20', '2014-03-20');
INSERT INTO `dormitory`.`contract_type` (`id`, `name`, `create_time`, `update_time`) VALUES ('2', 41, '2014-03-20', '2014-03-20');
INSERT INTO `dormitory`.`contract_type` (`id`, `name`, `create_time`, `update_time`) VALUES ('3', 60, '2014-03-20', '2014-03-20');

/* Country/City/College */
INSERT INTO `dormitory`.`country` (`id`,`name`,`countrycode`,`status`,`create_time`,`update_time`) VALUES (1,'United Kingdom','GB','1','2014-02-11','2014-02-11');
INSERT INTO `dormitory`.`city` (`id`,`country_id`,`name`,`status`,`create_time`,`update_time`) VALUES (1,1,'London','1','2014-02-11','2014-02-11');
INSERT INTO `dormitory`.`city` (`id`,`country_id`,`name`,`status`,`create_time`,`update_time`) VALUES (2,1,'Edinburgh','1','2014-02-11','2014-02-11');
INSERT INTO `dormitory`.`city` (`id`,`country_id`,`name`,`status`,`create_time`,`update_time`) VALUES (3,1,'Cardiff','0','2014-02-11','2014-02-11');
INSERT INTO `dormitory`.`city` (`id`,`country_id`,`name`,`status`,`create_time`,`update_time`) VALUES (4,1,'Birmingham','1','2014-02-11','2014-02-11');
INSERT INTO `dormitory`.`college` (`id`,`city_id`,`name`,`latitude`,`longitude`,`status`,`create_time`,`update_time`) VALUES (1,1,'University of London',51.5230040,-0.1307880,'1','2014-02-11','2014-02-11');
INSERT INTO `dormitory`.`college` (`id`,`city_id`,`name`,`latitude`,`longitude`,`status`,`create_time`,`update_time`) VALUES (2,1,'Imperial College London',51.4988180,-0.1748620,'1','2014-02-11','2014-02-11');
INSERT INTO `dormitory`.`college` (`id`,`city_id`,`name`,`latitude`,`longitude`,`status`,`create_time`,`update_time`) VALUES (3,1,'The London College',51.5084620,-0.1986160,'1','2014-02-11','2014-02-11');
INSERT INTO `dormitory`.`college` (`id`,`city_id`,`name`,`latitude`,`longitude`,`status`,`create_time`,`update_time`) VALUES (4,4,'University of Birmingham',52.4508310,-1.9305290,'1','2014-02-11','2014-02-11');
INSERT INTO `dormitory`.`college` (`id`,`city_id`,`name`,`latitude`,`longitude`,`status`,`create_time`,`update_time`) VALUES (5,4,'UCE Birmingham',52.5170960,-1.8972690,'1','2014-02-11','2014-02-11');

/* Dormitory */
INSERT INTO `dormitory`.`dormitory` (`id`,`city_id`,`name`,`address`,`postcode`,`equipment`,`service`,`weekPrice`,`salePrice`,`currency`,`latitude`,`longitude`,`description`,`create_time`,`update_time`,`status`) VALUES (1,1,'Clandon House','London, Malet Street, Clandon House, University of London, Conference Office, Room 1','WC1E 7HZ',0,0,0.00,0.00,'USD',51.5226560,-0.1311100,'Clandon House consists of 3 blocks of 21 flats accommodating 97 students.  Each flat has a shared kitchen, bath/shower and WC. All kitchens and bathrooms have been recently refurbished. There is a washing machine in each flat.','2014-03-20 00:00:00','2014-03-20 00:00:00','HAS_VACANCY');
INSERT INTO `dormitory`.`dormitory` (`id`,`city_id`,`name`,`address`,`postcode`,`equipment`,`service`,`weekPrice`,`salePrice`,`currency`,`latitude`,`longitude`,`description`,`create_time`,`update_time`,`status`) VALUES (2,1,'White House','London, Chenies Street, White House, University of London, N Crescent ','WC1E 7EY',0,0,0.00,0.00,'USD',51.5205990,-0.1333680,'Perfect house at London WC1E 7EY.','2014-03-20 00:00:00','2014-03-20 00:00:00','HAS_VACANCY');
INSERT INTO `dormitory`.`dormitory` (`id`,`city_id`,`name`,`address`,`postcode`,`equipment`,`service`,`weekPrice`,`salePrice`,`currency`,`latitude`,`longitude`,`description`,`create_time`,`update_time`,`status`) VALUES (3,1,'Percy Room','London, Percy Street, Percy Room, University of London,  Side by Re Cover uk','W1T 1DE',0,0,0.00,0.00,'USD',51.5182050,-0.1334910,'Percy room at Percy St, near University of London.','2014-03-20 00:00:00','2014-03-20 00:00:00','HAS_VACANCY');
INSERT INTO `dormitory`.`dormitory` (`id`,`city_id`,`name`,`address`,`postcode`,`equipment`,`service`,`weekPrice`,`salePrice`,`currency`,`latitude`,`longitude`,`description`,`create_time`,`update_time`,`status`) VALUES (4,4,'Birmingham College House','Birmingham, Margret St, Birmingham College House, Birmingham College, West Midlands ','B3 3BS',0,0,0.00,0.00,'USD',52.4813690,-1.9041880,'9 Margaret St, Birmingham, West Midlands B3 3BS, UK','2014-03-20 00:00:00','2014-03-20 00:00:00','HAS_VACANCY');
INSERT INTO `dormitory`.`dormitory` (`id`,`city_id`,`name`,`address`,`postcode`,`equipment`,`service`,`weekPrice`,`salePrice`,`currency`,`latitude`,`longitude`,`description`,`create_time`,`update_time`,`status`) VALUES (5,4,'Birmingham Central Backpackers','Birmingham, West Midlands, 8 Cherry St','B2 5AL',0,0,0.00,0.00,'USD',52.4807420,-1.8974970,'Here at Birmingham Central we love our guests and we hope you love us too! So, in your honour, we decided to give you a lot of Free things to make your stay even more enjoyable - and because we know you are broke from your travels, just like us.','2014-03-20 00:00:00','2014-03-20 00:00:00','HAS_VACANCY');
INSERT INTO `dormitory`.`dormitory` (`id`,`city_id`,`name`,`address`,`postcode`,`equipment`,`service`,`weekPrice`,`salePrice`,`currency`,`latitude`,`longitude`,`description`,`create_time`,`update_time`,`status`) VALUES (6,4,'Brighton Arms','Old College House, 188 College Rd, Birmingham, West Midlands','B8 3TQ',0,0,0.00,0.00,'USD',52.4852890,-1.8524110,'The Brighton Arms Hotel is a victorian bed and breakfast situated in the heart of Birmingham on one corner of the famous Balti triangle.','2014-03-20 00:00:00','2014-03-20 00:00:00','HAS_VACANCY');
INSERT INTO `dormitory`.`dormitory` (`id`,`city_id`,`name`,`address`,`postcode`,`equipment`,`service`,`weekPrice`,`salePrice`,`currency`,`latitude`,`longitude`,`description`,`create_time`,`update_time`,`status`) VALUES (7,4,'Central Guesthouse','Birmingham, West Midlands, 79 Chester St','B6 4AE',0,0,0.00,0.00,'USD',52.4942780,-1.8842870,'4 miles into Birmingham City Centre, New Street Station, 4 miles to the National Exhibition Centre. ','2014-03-20 00:00:00','2014-03-20 00:00:00','HAS_VACANCY');
INSERT INTO `dormitory`.`dormitory` (`id`,`city_id`,`name`,`address`,`postcode`,`equipment`,`service`,`weekPrice`,`salePrice`,`currency`,`latitude`,`longitude`,`description`,`create_time`,`update_time`,`status`) VALUES (8,4,'Birmingham Best Inn','Birmingham, West Midlands, 60-62 Constitution Hill','B19 3JT',0,0,0.00,0.00,'USD',52.4873010,-1.9035600,'A very warm welcome awaits you at the Birmingham Best Inn Hotel and Restaurant, conveniently located less than 15 minutes from Birmingham city centre, 8 miles from Birmingham City Football Club, Airport & NEC exhibition centre!','2014-03-20 00:00:00','2014-03-20 00:00:00','HAS_VACANCY');

/* Room Info*/
INSERT INTO `dormitory`.`room_info` (`id`,`dormitory_id`,`room_type_id`,`equipment`,`service`,`description`,`checkin_date`,`orientations`,`floors`,`bed_type`,`house_area`,`ensuite_bathroom`,`kitchen_people_number`,`floor_arrangement`,`orientation_arrangement`,`room_language_arrangement`,`status`) VALUES (1,'1','1',0,0,NULL,'2014-03-20 22:47:37','WEST','1,3,5','120cm','12m','1',1,'0','1','0','HAS_VACANCY');
INSERT INTO `dormitory`.`room_info` (`id`,`dormitory_id`,`room_type_id`,`equipment`,`service`,`description`,`checkin_date`,`orientations`,`floors`,`bed_type`,`house_area`,`ensuite_bathroom`,`kitchen_people_number`,`floor_arrangement`,`orientation_arrangement`,`room_language_arrangement`,`status`) VALUES (2,'1','2',0,0,NULL,'2014-03-20 22:47:37','WEST','1,3,5','120cm','12m','1',2,'0','1','0','HAS_VACANCY');
INSERT INTO `dormitory`.`room_info` (`id`,`dormitory_id`,`room_type_id`,`equipment`,`service`,`description`,`checkin_date`,`orientations`,`floors`,`bed_type`,`house_area`,`ensuite_bathroom`,`kitchen_people_number`,`floor_arrangement`,`orientation_arrangement`,`room_language_arrangement`,`status`) VALUES (3,'2','3',0,0,NULL,'2014-03-20 22:47:37','NORTH','1,3,5','120cm','12m','1',3,'0','1','0','HAS_VACANCY');
INSERT INTO `dormitory`.`room_info` (`id`,`dormitory_id`,`room_type_id`,`equipment`,`service`,`description`,`checkin_date`,`orientations`,`floors`,`bed_type`,`house_area`,`ensuite_bathroom`,`kitchen_people_number`,`floor_arrangement`,`orientation_arrangement`,`room_language_arrangement`,`status`) VALUES (4,'2','4',0,0,NULL,'2014-03-20 22:47:37','NORTH','1,3,5','120cm','12m','1',4,'0','1','0','HAS_VACANCY');
INSERT INTO `dormitory`.`room_info` (`id`,`dormitory_id`,`room_type_id`,`equipment`,`service`,`description`,`checkin_date`,`orientations`,`floors`,`bed_type`,`house_area`,`ensuite_bathroom`,`kitchen_people_number`,`floor_arrangement`,`orientation_arrangement`,`room_language_arrangement`,`status`) VALUES (5,'3','5',0,0,NULL,'2014-03-20 22:47:37','EAST','1,3,5','120cm','12m','1',5,'0','1','0','HAS_VACANCY');
INSERT INTO `dormitory`.`room_info` (`id`,`dormitory_id`,`room_type_id`,`equipment`,`service`,`description`,`checkin_date`,`orientations`,`floors`,`bed_type`,`house_area`,`ensuite_bathroom`,`kitchen_people_number`,`floor_arrangement`,`orientation_arrangement`,`room_language_arrangement`,`status`) VALUES (6,'3','1',0,0,NULL,'2014-03-20 22:47:37','EAST','1,3,5','120cm','12m','1',1,'0','1','0','HAS_VACANCY');
INSERT INTO `dormitory`.`room_info` (`id`,`dormitory_id`,`room_type_id`,`equipment`,`service`,`description`,`checkin_date`,`orientations`,`floors`,`bed_type`,`house_area`,`ensuite_bathroom`,`kitchen_people_number`,`floor_arrangement`,`orientation_arrangement`,`room_language_arrangement`,`status`) VALUES (7,'4','2',0,0,NULL,'2014-03-20 22:47:37','SOUTH','1,3,5','120cm','12m','1',2,'0','1','0','HAS_VACANCY');
INSERT INTO `dormitory`.`room_info` (`id`,`dormitory_id`,`room_type_id`,`equipment`,`service`,`description`,`checkin_date`,`orientations`,`floors`,`bed_type`,`house_area`,`ensuite_bathroom`,`kitchen_people_number`,`floor_arrangement`,`orientation_arrangement`,`room_language_arrangement`,`status`) VALUES (8,'4','3',0,0,NULL,'2014-03-20 22:47:37','SOUTH','1,3,5','120cm','12m','1',3,'0','1','0','HAS_VACANCY');
INSERT INTO `dormitory`.`room_info` (`id`,`dormitory_id`,`room_type_id`,`equipment`,`service`,`description`,`checkin_date`,`orientations`,`floors`,`bed_type`,`house_area`,`ensuite_bathroom`,`kitchen_people_number`,`floor_arrangement`,`orientation_arrangement`,`room_language_arrangement`,`status`) VALUES (9,'5','4',0,0,NULL,'2014-03-20 22:47:37','WEST','1,3,5','120cm','12m','1',4,'0','1','0','HAS_VACANCY');
INSERT INTO `dormitory`.`room_info` (`id`,`dormitory_id`,`room_type_id`,`equipment`,`service`,`description`,`checkin_date`,`orientations`,`floors`,`bed_type`,`house_area`,`ensuite_bathroom`,`kitchen_people_number`,`floor_arrangement`,`orientation_arrangement`,`room_language_arrangement`,`status`) VALUES (10,'5','5',0,0,NULL,'2014-03-20 22:47:37','WEST','1,3,5','120cm','12m','1',5,'0','1','0','HAS_VACANCY');
INSERT INTO `dormitory`.`room_info` (`id`,`dormitory_id`,`room_type_id`,`equipment`,`service`,`description`,`checkin_date`,`orientations`,`floors`,`bed_type`,`house_area`,`ensuite_bathroom`,`kitchen_people_number`,`floor_arrangement`,`orientation_arrangement`,`room_language_arrangement`,`status`) VALUES (11,'6','1',0,0,NULL,'2014-03-20 22:47:37','NORTH','1,3,5','120cm','12m','1',1,'0','1','0','HAS_VACANCY');
INSERT INTO `dormitory`.`room_info` (`id`,`dormitory_id`,`room_type_id`,`equipment`,`service`,`description`,`checkin_date`,`orientations`,`floors`,`bed_type`,`house_area`,`ensuite_bathroom`,`kitchen_people_number`,`floor_arrangement`,`orientation_arrangement`,`room_language_arrangement`,`status`) VALUES (12,'6','2',0,0,NULL,'2014-03-20 22:47:37','NORTH','1,3,5','120cm','12m','1',2,'0','1','0','HAS_VACANCY');
INSERT INTO `dormitory`.`room_info` (`id`,`dormitory_id`,`room_type_id`,`equipment`,`service`,`description`,`checkin_date`,`orientations`,`floors`,`bed_type`,`house_area`,`ensuite_bathroom`,`kitchen_people_number`,`floor_arrangement`,`orientation_arrangement`,`room_language_arrangement`,`status`) VALUES (13,'7','3',0,0,NULL,'2014-03-20 22:47:37','EAST','1,3,5','120cm','12m','1',3,'0','1','0','HAS_VACANCY');
INSERT INTO `dormitory`.`room_info` (`id`,`dormitory_id`,`room_type_id`,`equipment`,`service`,`description`,`checkin_date`,`orientations`,`floors`,`bed_type`,`house_area`,`ensuite_bathroom`,`kitchen_people_number`,`floor_arrangement`,`orientation_arrangement`,`room_language_arrangement`,`status`) VALUES (14,'7','4',0,0,NULL,'2014-03-20 22:47:37','EAST','1,3,5','120cm','12m','1',4,'0','1','0','HAS_VACANCY');
INSERT INTO `dormitory`.`room_info` (`id`,`dormitory_id`,`room_type_id`,`equipment`,`service`,`description`,`checkin_date`,`orientations`,`floors`,`bed_type`,`house_area`,`ensuite_bathroom`,`kitchen_people_number`,`floor_arrangement`,`orientation_arrangement`,`room_language_arrangement`,`status`) VALUES (15,'8','5',0,0,NULL,'2014-03-20 22:47:37','SOUTH','1,3,5','120cm','12m','1',5,'0','1','0','HAS_VACANCY');
INSERT INTO `dormitory`.`room_info` (`id`,`dormitory_id`,`room_type_id`,`equipment`,`service`,`description`,`checkin_date`,`orientations`,`floors`,`bed_type`,`house_area`,`ensuite_bathroom`,`kitchen_people_number`,`floor_arrangement`,`orientation_arrangement`,`room_language_arrangement`,`status`) VALUES (16,'8','1',0,0,NULL,'2014-03-20 22:47:37','SOUTH','1,3,5','120cm','12m','1',1,'0','1','0','HAS_VACANCY');


/* Room Price */
INSERT INTO `dormitory`.`room_price` (`id`, `room_info_id`, `contract_type_id`, `currency`, `weekPrice`, `salePrice`, `status`, `create_time`, `update_time`) VALUES (1, 1, 1, 'USD', 50, 50, 1, now(), now());
INSERT INTO `dormitory`.`room_price` (`id`, `room_info_id`, `contract_type_id`, `currency`, `weekPrice`, `salePrice`, `status`, `create_time`, `update_time`) VALUES (2, 1, 2, 'USD', 60, 60, 1, now(), now());
INSERT INTO `dormitory`.`room_price` (`id`, `room_info_id`, `contract_type_id`, `currency`, `weekPrice`, `salePrice`, `status`, `create_time`, `update_time`) VALUES (3, 1, 3, 'USD', 80, 80, 1, now(), now());