insert into country (id, name, countrycode, status, create_time, update_time) values (1,'英国','UK', 1, now(), now());
insert into country (id, name, countrycode, status, create_time, update_time) values (2,'美国','USA', 1, now(), now());
insert into country (id, name, countrycode, status, create_time, update_time) values (3,'澳大利亚','AUS', 1, now(), now());
insert into country (id, name, countrycode, status, create_time, update_time) values (4,'爱尔兰','IRL', 1, now(), now());


-- city

insert into city (id, country_id, name_ch, name, status, create_time, update_time) values(1, 1, '阿伯丁', 'Aberdeen', 1, now(), now());
insert into city (id, country_id, name_ch, name, status, create_time, update_time) values(2, 1, '阿伯里斯特维斯*', 'Aberystwyth', 0, now(), now());
insert into city (id, country_id, name_ch, name, status, create_time, update_time) values(3, 1, '班戈', 'Bangor', 1, now(), now());
insert into city (id, country_id, name_ch, name, status, create_time, update_time) values(4, 1, '巴斯*', 'Bath', 1, now(), now());
insert into city (id, country_id, name_ch, name, status, create_time, update_time) values(5, 1, '贝尔法斯特*', 'Belfast', 0, now(), now());
insert into city (id, country_id, name_ch, name, status, create_time, update_time) values(6, 1, '伯明翰', 'Birmingham', 1, now(), now());
insert into city (id, country_id, name_ch, name, status, create_time, update_time) values(7, 1, '博尔顿*', 'Bolton', 0, now(), now());
insert into city (id, country_id, name_ch, name, status, create_time, update_time) values(8, 1, '伯恩茅斯*', 'Bournemouth', 0, now(), now());
insert into city (id, country_id, name_ch, name, status, create_time, update_time) values(9, 1, '布拉德福德', 'Bradford', 1, now(), now());
insert into city (id, country_id, name_ch, name, status, create_time, update_time) values(10, 1, '布里德灵顿*', 'Bridlington', 0, now(), now());
insert into city (id, country_id, name_ch, name, status, create_time, update_time) values(11, 1, '布莱顿*', 'Brighton', 0, now(), now());
insert into city (id, country_id, name_ch, name, status, create_time, update_time) values(12, 1, '布里斯托', 'Bristol', 1, now(), now());
insert into city (id, country_id, name_ch, name, status, create_time, update_time) values(13, 1, '白金汉*', 'Buckingham', 0, now(), now());
insert into city (id, country_id, name_ch, name, status, create_time, update_time) values(14, 1, '剑桥*', 'Cambridge', 1, now(), now());
insert into city (id, country_id, name_ch, name, status, create_time, update_time) values(15, 1, '坎特伯里*', 'Canterbury', 0, now(), now());
insert into city (id, country_id, name_ch, name, status, create_time, update_time) values(16, 1, '卡迪夫', 'Cardiff', 1, now(), now());
insert into city (id, country_id, name_ch, name, status, create_time, update_time) values(17, 1, '切尔滕纳姆*', 'Cheltenham', 0, now(), now());
insert into city (id, country_id, name_ch, name, status, create_time, update_time) values(18, 1, '切斯特', 'Chester', 1, now(), now());
insert into city (id, country_id, name_ch, name, status, create_time, update_time) values(19, 1, '奇切斯特*', 'Chichester', 0, now(), now());
insert into city (id, country_id, name_ch, name, status, create_time, update_time) values(20, 1, '科尔切斯特', 'Colchester', 1, now(), now());
insert into city (id, country_id, name_ch, name, status, create_time, update_time) values(21, 1, '考文垂', 'Coventry', 1, now(), now());
insert into city (id, country_id, name_ch, name, status, create_time, update_time) values(22, 1, '德比', 'Derby', 1, now(), now());
insert into city (id, country_id, name_ch, name, status, create_time, update_time) values(23, 1, '邓迪*', 'Dundee', 0, now(), now());
insert into city (id, country_id, name_ch, name, status, create_time, update_time) values(24, 1, '杜伦*', 'Durham', 0, now(), now());
insert into city (id, country_id, name_ch, name, status, create_time, update_time) values(25, 1, '爱丁堡', 'Edinburgh', 1, now(), now());
insert into city (id, country_id, name_ch, name, status, create_time, update_time) values(26, 1, '埃克赛特', 'Exeter', 1, now(), now());
insert into city (id, country_id, name_ch, name, status, create_time, update_time) values(27, 1, '法尔茅斯*', 'Falmouth', 0, now(), now());
insert into city (id, country_id, name_ch, name, status, create_time, update_time) values(28, 1, '吉灵厄姆', 'Gillingham', 1, now(), now());
insert into city (id, country_id, name_ch, name, status, create_time, update_time) values(29, 1, '格拉斯哥', 'Glasgow', 1, now(), now());
insert into city (id, country_id, name_ch, name, status, create_time, update_time) values(30, 1, '赫特福德*', 'Hertfordshire', 0, now(), now());
insert into city (id, country_id, name_ch, name, status, create_time, update_time) values(31, 1, '哈德斯菲尔德', 'Huddersfield', 1, now(), now());
insert into city (id, country_id, name_ch, name, status, create_time, update_time) values(32, 1, '赫尔*', 'Hull', 0, now(), now());
insert into city (id, country_id, name_ch, name, status, create_time, update_time) values(33, 1, '因弗内斯*', 'Inverness', 0, now(), now());
insert into city (id, country_id, name_ch, name, status, create_time, update_time) values(34, 1, '基尔*', 'Keele', 0, now(), now());
insert into city (id, country_id, name_ch, name, status, create_time, update_time) values(35, 1, '肯特*', 'Kent', 0, now(), now());
insert into city (id, country_id, name_ch, name, status, create_time, update_time) values(36, 1, '金斯顿', 'Kinston', 1, now(), now());
insert into city (id, country_id, name_ch, name, status, create_time, update_time) values(37, 1, '兰卡斯特', 'Lancaster', 1, now(), now());
insert into city (id, country_id, name_ch, name, status, create_time, update_time) values(38, 1, '利兹', 'Leeds', 1, now(), now());
insert into city (id, country_id, name_ch, name, status, create_time, update_time) values(39, 1, '莱斯特', 'Leicester', 1, now(), now());
insert into city (id, country_id, name_ch, name, status, create_time, update_time) values(40, 1, '林肯*', 'Lincoln', 0, now(), now());
insert into city (id, country_id, name_ch, name, status, create_time, update_time) values(41, 1, '利物浦', 'Liverpool', 1, now(), now());
insert into city (id, country_id, name_ch, name, status, create_time, update_time) values(42, 1, '伦敦', 'London', 1, now(), now());
insert into city (id, country_id, name_ch, name, status, create_time, update_time) values(43, 1, '拉夫堡', 'Loughborough', 1, now(), now());
insert into city (id, country_id, name_ch, name, status, create_time, update_time) values(44, 1, '卢顿*', 'Luton', 0, now(), now());
insert into city (id, country_id, name_ch, name, status, create_time, update_time) values(45, 1, '曼彻斯特', 'Manchester', 1, now(), now());
insert into city (id, country_id, name_ch, name, status, create_time, update_time) values(46, 1, '米德尔斯堡*', 'Middlesbrough', 0, now(), now());
insert into city (id, country_id, name_ch, name, status, create_time, update_time) values(47, 1, '米德尔塞克斯*', 'Middlesex', 0, now(), now());
insert into city (id, country_id, name_ch, name, status, create_time, update_time) values(48, 1, '纽卡斯尔', 'Newcastle', 1, now(), now());
insert into city (id, country_id, name_ch, name, status, create_time, update_time) values(49, 1, '北安普顿*', 'Northampton', 0, now(), now());
insert into city (id, country_id, name_ch, name, status, create_time, update_time) values(50, 1, '诺威治*', 'Norwich', 0, now(), now());
insert into city (id, country_id, name_ch, name, status, create_time, update_time) values(51, 1, '诺丁汉', 'Nottingham', 1, now(), now());
insert into city (id, country_id, name_ch, name, status, create_time, update_time) values(52, 1, '牛津', 'Oxford', 1, now(), now());
insert into city (id, country_id, name_ch, name, status, create_time, update_time) values(53, 1, '奥克斯特德*', 'Oxted', 0, now(), now());
insert into city (id, country_id, name_ch, name, status, create_time, update_time) values(54, 1, '佩斯利*', 'Paisley', 0, now(), now());
insert into city (id, country_id, name_ch, name, status, create_time, update_time) values(55, 1, '普利茅斯', 'Plymouth', 1, now(), now());
insert into city (id, country_id, name_ch, name, status, create_time, update_time) values(56, 1, '朴茨茅斯*', 'Portsmouth', 0, now(), now());
insert into city (id, country_id, name_ch, name, status, create_time, update_time) values(57, 1, '普雷斯顿', 'Preston', 1, now(), now());
insert into city (id, country_id, name_ch, name, status, create_time, update_time) values(58, 1, '雷丁', 'Reading', 1, now(), now());
insert into city (id, country_id, name_ch, name, status, create_time, update_time) values(59, 1, '索尔福德', 'Salford', 1, now(), now());
insert into city (id, country_id, name_ch, name, status, create_time, update_time) values(60, 1, '谢菲尔德', 'Sheffield', 1, now(), now());
insert into city (id, country_id, name_ch, name, status, create_time, update_time) values(61, 1, '南安普顿', 'Southampton', 1, now(), now());
insert into city (id, country_id, name_ch, name, status, create_time, update_time) values(62, 1, '圣安德鲁斯*', 'St Andrews', 0, now(), now());
insert into city (id, country_id, name_ch, name, status, create_time, update_time) values(63, 1, '史塔福*', 'Staffordshire', 0, now(), now());
insert into city (id, country_id, name_ch, name, status, create_time, update_time) values(64, 1, '斯特灵*', 'Stirling', 0, now(), now());
insert into city (id, country_id, name_ch, name, status, create_time, update_time) values(65, 1, '斯托克', 'Stoke', 1, now(), now());
insert into city (id, country_id, name_ch, name, status, create_time, update_time) values(66, 1, '桑德兰*', 'Sunderland', 0, now(), now());
insert into city (id, country_id, name_ch, name, status, create_time, update_time) values(67, 1, '萨里*', 'Surrey', 0, now(), now());
insert into city (id, country_id, name_ch, name, status, create_time, update_time) values(68, 1, '斯旺西', 'Swansea', 1, now(), now());
insert into city (id, country_id, name_ch, name, status, create_time, update_time) values(69, 1, '温切斯特*', 'Winchester', 0, now(), now());
insert into city (id, country_id, name_ch, name, status, create_time, update_time) values(70, 1, '伍尔夫汉普顿', 'Wolverhampton', 1, now(), now());
insert into city (id, country_id, name_ch, name, status, create_time, update_time) values(71, 1, '伍斯特*', 'Worcester', 0, now(), now());
insert into city (id, country_id, name_ch, name, status, create_time, update_time) values(72, 1, '雷克瑟姆*', 'Wrexham', 0, now(), now());
insert into city (id, country_id, name_ch, name, status, create_time, update_time) values(73, 1, '约克*', 'York', 0, now(), now());
insert into city (id, country_id, name_ch, name, status, create_time, update_time) values(74, 1, '科尔雷恩*', 'Coleraine', 0, now(), now());
insert into city (id, country_id, name_ch, name, status, create_time, update_time) values(75, 1, '纽敦阿比*', 'Newtownabbey', 0, now(), now());
insert into city (id, country_id, name_ch, name, status, create_time, update_time) values(76, 1, '伦敦德里*', 'Londonderry', 0, now(), now());
insert into city (id, country_id, name_ch, name, status, create_time, update_time) values(77, 1, '斯特拉特福德*', 'Stratford', 0, now(), now());
insert into city (id, country_id, name_ch, name, status, create_time, update_time) values(78, 1, '伊斯特本*', 'Eastbourne', 0, now(), now());
insert into city (id, country_id, name_ch, name, status, create_time, update_time) values(79, 1, '黑斯廷斯*', 'Hastings', 0, now(), now());
insert into city (id, country_id, name_ch, name, status, create_time, update_time) values(80, 1, '格洛斯特*', 'Gloucester', 0, now(), now());
insert into city (id, country_id, name_ch, name, status, create_time, update_time) values(81, 1, '海威科姆*', 'High Wycombe', 0, now(), now());
insert into city (id, country_id, name_ch, name, status, create_time, update_time) values(82, 1, '阿克斯布里奇*', 'Uxbridge', 0, now(), now());
insert into city (id, country_id, name_ch, name, status, create_time, update_time) values(83, 1, '切姆斯福德*', 'Chelmsford', 0, now(), now());
insert into city (id, country_id, name_ch, name, status, create_time, update_time) values(84, 1, '彼得伯勒*', 'Peterborough', 0, now(), now());
insert into city (id, country_id, name_ch, name, status, create_time, update_time) values(85, 1, '布罗德斯泰斯*', 'Broadstairs', 0, now(), now());
insert into city (id, country_id, name_ch, name, status, create_time, update_time) values(86, 1, '查塔姆*', 'Chatham', 0, now(), now());
insert into city (id, country_id, name_ch, name, status, create_time, update_time) values(87, 1, '坦布里奇威尔斯*', 'Tunbridge wells', 0, now(), now());
insert into city (id, country_id, name_ch, name, status, create_time, update_time) values(88, 1, '埃普索姆*', 'Epsom', 0, now(), now());
insert into city (id, country_id, name_ch, name, status, create_time, update_time) values(89, 1, '法纳姆*', 'Farnham', 0, now(), now());
insert into city (id, country_id, name_ch, name, status, create_time, update_time) values(90, 1, '梅德斯通*', 'Maidstone', 0, now(), now());
insert into city (id, country_id, name_ch, name, status, create_time, update_time) values(91, 1, '罗切斯特*', 'Rochester', 0, now(), now());
insert into city (id, country_id, name_ch, name, status, create_time, update_time) values(92, 1, '沃灵顿*', 'Warrington', 0, now(), now());
insert into city (id, country_id, name_ch, name, status, create_time, update_time) values(93, 1, '博格诺里吉斯*', 'Bognor regis', 0, now(), now());
insert into city (id, country_id, name_ch, name, status, create_time, update_time) values(94, 1, '劳顿*', 'Loughton', 0, now(), now());
insert into city (id, country_id, name_ch, name, status, create_time, update_time) values(95, 1, '滨海绍森德*', 'Southend-on-sea', 0, now(), now());
insert into city (id, country_id, name_ch, name, status, create_time, update_time) values(96, 1, '巴克斯顿*', 'Buxton', 0, now(), now());
insert into city (id, country_id, name_ch, name, status, create_time, update_time) values(97, 1, '切斯特菲尔德*', 'Chesterfield', 0, now(), now());
insert into city (id, country_id, name_ch, name, status, create_time, update_time) values(98, 1, '蒂斯河畔斯托克顿*', 'Stockton-on-Tees', 0, now(), now());
insert into city (id, country_id, name_ch, name, status, create_time, update_time) values(99, 1, '塞尔克内斯*', 'Selkirkshire', 0, now(), now());
insert into city (id, country_id, name_ch, name, status, create_time, update_time) values(100, 1, '斯特罗姆内斯*', 'Stromness', 0, now(), now());
insert into city (id, country_id, name_ch, name, status, create_time, update_time) values(101, 1, '彭林*', 'Penryn', 0, now(), now());
insert into city (id, country_id, name_ch, name, status, create_time, update_time) values(102, 1, '特鲁罗*', 'Truro', 0, now(), now());
insert into city (id, country_id, name_ch, name, status, create_time, update_time) values(103, 1, '邓弗里斯*', 'Dumfries', 0, now(), now());
insert into city (id, country_id, name_ch, name, status, create_time, update_time) values(104, 1, '哈特菲尔德*', 'Hatfield', 0, now(), now());
insert into city (id, country_id, name_ch, name, status, create_time, update_time) values(105, 1, '斯卡伯勒*', 'Scarborough', 0, now(), now());
insert into city (id, country_id, name_ch, name, status, create_time, update_time) values(106, 1, '汤布里奇*', 'Tonbridge', 0, now(), now());
insert into city (id, country_id, name_ch, name, status, create_time, update_time) values(107, 1, '巴罗弗内斯*', 'Barrow-in-Furness', 0, now(), now());
insert into city (id, country_id, name_ch, name, status, create_time, update_time) values(108, 1, '艾格汉*', 'Egham', 0, now(), now());
insert into city (id, country_id, name_ch, name, status, create_time, update_time) values(109, 1, '哈罗*', 'Harrow', 0, now(), now());
insert into city (id, country_id, name_ch, name, status, create_time, update_time) values(110, 1, '布伦特福德*', 'Brentford', 0, now(), now());
insert into city (id, country_id, name_ch, name, status, create_time, update_time) values(111, 1, '阿斯科特*', 'Ascot', 0, now(), now());
insert into city (id, country_id, name_ch, name, status, create_time, update_time) values(112, 1, '贝德福德*', 'Bedford', 0, now(), now());
insert into city (id, country_id, name_ch, name, status, create_time, update_time) values(113, 1, '米尔顿凯恩斯*', 'Milton Keynes', 0, now(), now());
insert into city (id, country_id, name_ch, name, status, create_time, update_time) values(114, 1, '达灵顿*', 'Darlington', 0, now(), now());
insert into city (id, country_id, name_ch, name, status, create_time, update_time) values(115, 1, '索思韦尔*', 'Southwell', 0, now(), now());
insert into city (id, country_id, name_ch, name, status, create_time, update_time) values(116, 1, '兰开夏郡*', 'Lancashire', 0, now(), now());
insert into city (id, country_id, name_ch, name, status, create_time, update_time) values(117, 1, '汉密尔顿*', 'Hamilton', 0, now(), now());
insert into city (id, country_id, name_ch, name, status, create_time, update_time) values(118, 1, '坎布里亚*', 'Cumbria', 0, now(), now());
insert into city (id, country_id, name_ch, name, status, create_time, update_time) values(119, 1, '利奇菲尔德*', 'Lichfield', 0, now(), now());
insert into city (id, country_id, name_ch, name, status, create_time, update_time) values(120, 1, '什鲁斯伯里*', 'Shrewsbury', 0, now(), now());
insert into city (id, country_id, name_ch, name, status, create_time, update_time) values(121, 1, '斯托诺韦*', 'Stornoway', 0, now(), now());
insert into city (id, country_id, name_ch, name, status, create_time, update_time) values(122, 1, '弗林特郡*', 'Flintshire', 0, now(), now());

-- college
insert into college (id, city_id, original_name, name, latitude, longitude, postalcode, status, create_time, update_time) values(1,1,'University of Aberdeen','阿伯丁大学',57.165019,-2.0991223,'AB24 3FX ', '1', now(), now()); 
insert into college (id, city_id, original_name, name, latitude, longitude, postalcode, status, create_time, update_time) values(2,1,'The Robert Gordon University','罗伯特戈登大学',57.1183715,-2.1440131,'AB10 7QB', '2', now(), now()); 
insert into college (id, city_id, original_name, name, latitude, longitude, postalcode, status, create_time, update_time) values(3,2,'Aberystwyth University (Penglais Campus)','阿伯里斯特维斯大学（Penglais校区）',52.4178834,-4.064942,'SY23 3BY', '3', now(), now()); 
insert into college (id, city_id, original_name, name, latitude, longitude, postalcode, status, create_time, update_time) values(4,2,'Aberystwyth University (Llanbadarn Campus)','阿伯里斯特维斯大学（Llanbadarn校区）',52.4109247,-4.0535451,'SY23 3AS', '4', now(), now()); 
insert into college (id, city_id, original_name, name, latitude, longitude, postalcode, status, create_time, update_time) values(5,2,'Aberystwyth University (Gogerddan Campus)','阿伯里斯特维斯大学（Gogerddan校区）',52.4335595,-4.0173347,'SY23 3EB', '5', now(), now()); 
insert into college (id, city_id, original_name, name, latitude, longitude, postalcode, status, create_time, update_time) values(6,3,'Bangor University','班戈大学',53.2292191,-4.129498,'LL57 2DG', '6', now(), now()); 
insert into college (id, city_id, original_name, name, latitude, longitude, postalcode, status, create_time, update_time) values(7,4,'University of Bath','巴斯大学',51.3804415,-2.3306731,'BA2 7AY ', '7', now(), now()); 
insert into college (id, city_id, original_name, name, latitude, longitude, postalcode, status, create_time, update_time) values(8,4,'Bath Spa University (Newton Park Campus)','巴斯泉大学（Newton Park校区）',51.3787427,-2.4374017,'BA2 9BN', '8', now(), now()); 
insert into college (id, city_id, original_name, name, latitude, longitude, postalcode, status, create_time, update_time) values(9,4,'Bath Spa University (Sion Hill Campus)','巴斯泉大学（Sion Hill校区）',51.3936995,-2.3712426,'BA1 5SF', '9', now(), now()); 
insert into college (id, city_id, original_name, name, latitude, longitude, postalcode, status, create_time, update_time) values(10,4,'Bath Spa University （Rush Hill Campus）','巴斯泉大学（Rush Hill校区）',51.3640411,-2.3917291,'BA2 2QL', '10', now(), now()); 
insert into college (id, city_id, original_name, name, latitude, longitude, postalcode, status, create_time, update_time) values(11,5,'Queen\'s University Belfast','贝尔法斯特女王大学',54.5838629,-5.9347592,'BT7 1NN', '11', now(), now()); 
insert into college (id, city_id, original_name, name, latitude, longitude, postalcode, status, create_time, update_time) values(12,6,'University of Ulster (Birmingham Branch Campus)','阿尔斯特大学（伯明翰校区）',52.4762241,-1.8985158,'B5 4UA', '12', now(), now()); 
insert into college (id, city_id, original_name, name, latitude, longitude, postalcode, status, create_time, update_time) values(13,42,'University of Ulster (London Branch Campus)','阿尔斯特大学（伦敦校区）',51.5225323,-0.111449,'EC1R 4TF', '13', now(), now()); 
insert into college (id, city_id, original_name, name, latitude, longitude, postalcode, status, create_time, update_time) values(14,74,'University of Ulster (Coleraine Campus)','阿尔斯特大学（Coleraine校区）',55.1467943,-6.6724697,'BT52 1SA ', '14', now(), now()); 
insert into college (id, city_id, original_name, name, latitude, longitude, postalcode, status, create_time, update_time) values(15,75,'University of Ulster (Jordanstown Campus)','阿尔斯特大学（Jordanstown校区）',54.68836,-5.8828069,'BT37 0QB ', '15', now(), now()); 
insert into college (id, city_id, original_name, name, latitude, longitude, postalcode, status, create_time, update_time) values(16,5,'University of Ulster (Belfast Campus)','阿尔斯特大学（贝尔法斯特校区）',54.6125503,-5.925067,'BT15 1ED', '16', now(), now()); 
insert into college (id, city_id, original_name, name, latitude, longitude, postalcode, status, create_time, update_time) values(17,76,'University of Ulster (Magee Campus)','阿尔斯特大学（Magee校区）',55.0062526,-7.3236089,'BT48 7JL ', '17', now(), now()); 
insert into college (id, city_id, original_name, name, latitude, longitude, postalcode, status, create_time, update_time) values(18,6,'University of Birmingham (Edgbaston Campus)','伯明翰大学（Edgbaston校区）',52.4489717,-1.9308602,'B15 2TT ', '18', now(), now()); 
insert into college (id, city_id, original_name, name, latitude, longitude, postalcode, status, create_time, update_time) values(19,6,'University of Birmingham (Selly Oak Campus)','伯明翰大学（Selly Oak校区）',52.4492121,-1.9269166,'B15 2TU ', '19', now(), now()); 
insert into college (id, city_id, original_name, name, latitude, longitude, postalcode, status, create_time, update_time) values(20,77,'University of Birmingham (Shakespeare Institute)','伯明翰大学（莎士比亚研究所）',52.1896899,-1.7094422,'CV37 6HP', '20', now(), now()); 
insert into college (id, city_id, original_name, name, latitude, longitude, postalcode, status, create_time, update_time) values(21,6,'University of Birmingham (The School of Dentistry)','伯明翰大学（牙医学院）',52.4856427,-1.8952397,'B4 6NN', '21', now(), now()); 
insert into college (id, city_id, original_name, name, latitude, longitude, postalcode, status, create_time, update_time) values(22,6,'Aston University','阿斯顿大学',52.4866368,-1.890952,'B4 7ET ', '22', now(), now()); 
insert into college (id, city_id, original_name, name, latitude, longitude, postalcode, status, create_time, update_time) values(23,6,'Newman University','纽曼大学',52.4341222,-1.9950285,'B32 3NT', '23', now(), now()); 
insert into college (id, city_id, original_name, name, latitude, longitude, postalcode, status, create_time, update_time) values(24,6,'Birmingham City University (City Centre Campus-Millennium Point)','伯明翰城市大学（City Centre校区-Millennium Point）',52.4827934,-1.885955,'B4 7XG', '24', now(), now()); 
insert into college (id, city_id, original_name, name, latitude, longitude, postalcode, status, create_time, update_time) values(25,6,'Birmingham City University (City Centre Campus-Parkside Building）','伯明翰城市大学（City Centre 校区-Parkside Building）',-26.6489546,16.1911225,'B4 7BD', '25', now(), now()); 
insert into college (id, city_id, original_name, name, latitude, longitude, postalcode, status, create_time, update_time) values(26,6,'Birmingham City University (City North Campus)','伯明翰城市大学（City North校区）',52.5172711,-1.8972868,'B42 2SU', '26', now(), now()); 
insert into college (id, city_id, original_name, name, latitude, longitude, postalcode, status, create_time, update_time) values(27,6,'Birmingham City University (City South Campus)','伯明翰城市大学（City South校区）',52.4679637,-1.9244862,'B15 3TN', '27', now(), now()); 
insert into college (id, city_id, original_name, name, latitude, longitude, postalcode, status, create_time, update_time) values(28,7,'University of Bolton','博尔顿大学',53.5735109,-2.4362382,'BL3 5AB ', '28', now(), now()); 
insert into college (id, city_id, original_name, name, latitude, longitude, postalcode, status, create_time, update_time) values(29,8,'Arts University Bournemouth','伯恩茅斯艺术学院',50.7417926,-1.8977092,'BH12 5HH', '29', now(), now()); 
insert into college (id, city_id, original_name, name, latitude, longitude, postalcode, status, create_time, update_time) values(30,8,'Bournemouth University (Talbot Campus)','波恩茅斯大学（Talbot校区）',50.7429791,-1.8971681,'BH12 5BB', '30', now(), now()); 
insert into college (id, city_id, original_name, name, latitude, longitude, postalcode, status, create_time, update_time) values(31,8,'Bournemouth University (Lansdowne Campus)','波恩茅斯大学（Lansdowne校区）',50.7223256,-1.8644322,'BH1 3NA', '31', now(), now()); 
insert into college (id, city_id, original_name, name, latitude, longitude, postalcode, status, create_time, update_time) values(32,9,'University of Bradford (City Campus)','布拉德福德大学',53.7906324,-1.7624399,'BD7 1AZ', '32', now(), now()); 
insert into college (id, city_id, original_name, name, latitude, longitude, postalcode, status, create_time, update_time) values(33,9,'University of Bradford (School of Managements)','布拉德福德大学（管理学院）',53.816401,-1.7765411,'BD9 4JL', '33', now(), now()); 
insert into college (id, city_id, original_name, name, latitude, longitude, postalcode, status, create_time, update_time) values(34,10,'University of Sussex','苏塞克斯大学',50.8644696,-0.0870765,'BN1 9RH', '34', now(), now()); 
insert into college (id, city_id, original_name, name, latitude, longitude, postalcode, status, create_time, update_time) values(35,11,'University of Brighton (Grand Parade Campus)','布莱顿大学（Grand Parade校区）',50.8242069,-0.1354789,'BN2 0JY', '35', now(), now()); 
insert into college (id, city_id, original_name, name, latitude, longitude, postalcode, status, create_time, update_time) values(36,11,'University of Brighton (Falmer Campus)','布莱顿大学（Falmer校区）',50.8603529,-0.084474,'BN1 9PH', '36', now(), now()); 
insert into college (id, city_id, original_name, name, latitude, longitude, postalcode, status, create_time, update_time) values(37,11,'University of Brighton (Moulsecoomb Campus)','布莱顿大学（Moulsecoomb校区）',50.8443077,-0.1192513,'BN2 4GJ', '37', now(), now()); 
insert into college (id, city_id, original_name, name, latitude, longitude, postalcode, status, create_time, update_time) values(38,78,'University of Brighton (Eastbourne Campus)','布莱顿大学（Eastbourne校区）',50.774103,0.275477,'BN21 2HW', '38', now(), now()); 
insert into college (id, city_id, original_name, name, latitude, longitude, postalcode, status, create_time, update_time) values(39,79,'University of Brighton (Hasting Campus)','布莱顿大学（Hasting校区）',50.8564238,0.5777549,'TN34 1EA', '39', now(), now()); 
insert into college (id, city_id, original_name, name, latitude, longitude, postalcode, status, create_time, update_time) values(40,12,'University of Bristol','布里斯托大学',51.4590659,-2.6032905,'BS8 1TH', '40', now(), now()); 
insert into college (id, city_id, original_name, name, latitude, longitude, postalcode, status, create_time, update_time) values(41,12,'University of the West of England (Frenchay Campus)','西英格兰大学（Frenchay校区）',51.5002066,-2.5474905,'BS16 1QY', '41', now(), now()); 
insert into college (id, city_id, original_name, name, latitude, longitude, postalcode, status, create_time, update_time) values(42,12,'University of the West of England (Bower Ashton Campus)','西英格兰大学（Bower Ashton校区）',51.4432032,-2.6308799,'BS3 2JT', '42', now(), now()); 
insert into college (id, city_id, original_name, name, latitude, longitude, postalcode, status, create_time, update_time) values(43,12,'University of the West of England (St. Matthias Campus)','西英格兰大学（St. Matthias校区）',51.4839435,-2.529294,'BS16 2JP', '43', now(), now()); 
insert into college (id, city_id, original_name, name, latitude, longitude, postalcode, status, create_time, update_time) values(44,12,'University of the West of England (Glenside Campus)','西英格兰大学（Glenside校区）',51.4830513,-2.5415389,'BS16 1DD', '44', now(), now()); 
insert into college (id, city_id, original_name, name, latitude, longitude, postalcode, status, create_time, update_time) values(45,80,'University of the West of England (Hartpury Campus)','西英格兰大学（Hartpury校区）',51.9049224,-2.3102538,'GL19 3BE', '45', now(), now()); 
insert into college (id, city_id, original_name, name, latitude, longitude, postalcode, status, create_time, update_time) values(46,80,'University of the West of England (Gloucester Campus)','西英格兰大学（Gloucester校区）',51.8622072,-2.2537901,'GL1 2LG', '46', now(), now()); 
insert into college (id, city_id, original_name, name, latitude, longitude, postalcode, status, create_time, update_time) values(47,13,'University of Buckingham','白金汉大学',51.9960073,-0.9918385,'MK18 1EG', '47', now(), now()); 
insert into college (id, city_id, original_name, name, latitude, longitude, postalcode, status, create_time, update_time) values(48,81,'Buckinghamshire New University (High Wycombe Campus)','新白金汉大学（High Wycombe校区）',51.6278529,-0.7525368,'HP11 2JZ ', '48', now(), now()); 
insert into college (id, city_id, original_name, name, latitude, longitude, postalcode, status, create_time, update_time) values(49,82,'Buckinghamshire New University (Uxbridge Campus)','新白金汉大学（Uxbridge校区）',51.5499769,-0.4832146,'UB8 1NA ', '49', now(), now()); 
insert into college (id, city_id, original_name, name, latitude, longitude, postalcode, status, create_time, update_time) values(50,14,'University of Cambridge','剑桥大学',52.2053037,0.1166132,'CB2 1TN ', '50', now(), now()); 
insert into college (id, city_id, original_name, name, latitude, longitude, postalcode, status, create_time, update_time) values(51,14,'Anglia Ruskin University (Cambridge Campus)','安格利亚鲁斯金大学（Cambridge校区）',52.2038249,0.1348076,'CB1 1PT', '51', now(), now()); 
insert into college (id, city_id, original_name, name, latitude, longitude, postalcode, status, create_time, update_time) values(52,83,'Anglia Ruskin University (Chelmsford Campus)','安格利亚鲁斯金大学（Chelmsford校区）',51.7412599,0.4742854,'CM1 1SQ', '52', now(), now()); 
insert into college (id, city_id, original_name, name, latitude, longitude, postalcode, status, create_time, update_time) values(53,84,'Anglia Ruskin University (Peterborough Campus)','安格利亚鲁斯金大学（Peterborough校区）',52.5653012,-0.2523909,'PE2 9PW', '53', now(), now()); 
insert into college (id, city_id, original_name, name, latitude, longitude, postalcode, status, create_time, update_time) values(54,85,'Canterbury Christ Church University (Broadstairs Campus)','坎特伯里基督大学（Broadstairs Campus）',51.3599026,1.40698,'CT10 2WA', '54', now(), now()); 
insert into college (id, city_id, original_name, name, latitude, longitude, postalcode, status, create_time, update_time) values(55,15,'Canterbury Christ Church University (Canterbury Campus)','坎特伯里基督大学（Canterbury Campus）',51.2796427,1.0893644,'CT1 1QU', '55', now(), now()); 
insert into college (id, city_id, original_name, name, latitude, longitude, postalcode, status, create_time, update_time) values(56,86,'Canterbury Christ Church University (Medway Campus)','坎特伯里基督大学（Medway Campus）',51.398967,0.539038,'ME4 4UF', '56', now(), now()); 
insert into college (id, city_id, original_name, name, latitude, longitude, postalcode, status, create_time, update_time) values(57,87,'Canterbury Christ Church University (Salomons Centre)','坎特伯里基督大学（Salomons Centre）',51.1520373,0.241083,'TN3 0TG', '57', now(), now()); 
insert into college (id, city_id, original_name, name, latitude, longitude, postalcode, status, create_time, update_time) values(58,15,'University for the Creative Arts (Canterbury Campus)','创意艺术大学（Canterbury校区）',51.2749572,1.090699,'CT1 3AN', '58', now(), now()); 
insert into college (id, city_id, original_name, name, latitude, longitude, postalcode, status, create_time, update_time) values(59,88,'University for the Creative Arts (Epsom Campus)','创意艺术大学（Epsom校区）',51.3298395,-0.2650447,'KT18 5BE', '59', now(), now()); 
insert into college (id, city_id, original_name, name, latitude, longitude, postalcode, status, create_time, update_time) values(60,89,'University for the Creative Arts (Farnham Campus)','创意艺术大学（Farnham校区）',51.2167151,-0.8048154,'GU9 7DS', '60', now(), now()); 
insert into college (id, city_id, original_name, name, latitude, longitude, postalcode, status, create_time, update_time) values(61,90,'University for the Creative Arts (Maidstone Campus)','创意艺术大学（Maidstone校区）',51.2712894,0.4978393,'ME16 8AG', '61', now(), now()); 
insert into college (id, city_id, original_name, name, latitude, longitude, postalcode, status, create_time, update_time) values(62,91,'University for the Creative Arts (Rochester Campus)','创意艺术大学（Rochester校区）',51.3815228,0.5142865,'ME1 1DZ', '62', now(), now()); 
insert into college (id, city_id, original_name, name, latitude, longitude, postalcode, status, create_time, update_time) values(63,16,'Cardiff University','卡迪夫大学',51.4657448,-3.1936342,'CF10 3XQ ', '63', now(), now()); 
insert into college (id, city_id, original_name, name, latitude, longitude, postalcode, status, create_time, update_time) values(64,16,'Cardiff Metropolitan University (Llandaff Campus)','卡迪夫都市大学（Llandaff校区）',51.4958312,-3.2120957,'CF5 2YB', '64', now(), now()); 
insert into college (id, city_id, original_name, name, latitude, longitude, postalcode, status, create_time, update_time) values(65,16,'Cardiff Metropolitan University (Howard Gardens Campus)','卡迪夫都市大学（Howard Gardens校区）',51.483237,-3.1665408,'CF24 0SP', '65', now(), now()); 
insert into college (id, city_id, original_name, name, latitude, longitude, postalcode, status, create_time, update_time) values(66,16,'Cardiff Metropolitan University (Cyncoed Campus)','卡迪夫都市大学（Cyncoed校区）',51.5104939,-3.1617612,'CF23 6XD', '66', now(), now()); 
insert into college (id, city_id, original_name, name, latitude, longitude, postalcode, status, create_time, update_time) values(67,17,'University of Gloucestershire (The Park)','格鲁斯特大学',51.8874964,-2.0887879,'GL50 2RH', '67', now(), now()); 
insert into college (id, city_id, original_name, name, latitude, longitude, postalcode, status, create_time, update_time) values(68,80,'University of Gloucestershire (Oxstalls Campus)','格鲁斯特大学（Oxstalls校区）',51.8722673,-2.2231558,'GL2 9HW', '68', now(), now()); 
insert into college (id, city_id, original_name, name, latitude, longitude, postalcode, status, create_time, update_time) values(69,17,'University of Gloucestershire (Francis Close Hall Campus)','格鲁斯特大学（Francis Close Hall校区）',51.9055029,-2.0793172,'GL50 4AZ', '69', now(), now()); 
insert into college (id, city_id, original_name, name, latitude, longitude, postalcode, status, create_time, update_time) values(70,18,'University of Chester (Chester Campus )','切斯特大学（Chester校区）',53.1986412,-2.898061,'CH1 4BJ', '70', now(), now()); 
insert into college (id, city_id, original_name, name, latitude, longitude, postalcode, status, create_time, update_time) values(71,92,'University of Chester (Warrington Campus )','切斯特大学（Warrington校区）',53.4159911,-2.546743,'WA2 0DB', '71', now(), now()); 
insert into college (id, city_id, original_name, name, latitude, longitude, postalcode, status, create_time, update_time) values(72,19,'University of Chichester (Bishop Otter Campus)','奇切斯特大学（Bishop Otter Campus）',50.8442774,-0.774428,'PO19 6PE', '72', now(), now()); 
insert into college (id, city_id, original_name, name, latitude, longitude, postalcode, status, create_time, update_time) values(73,93,'University of Chichester (Bishop Regis Campus)','奇切斯特大学（Bishop Regis校区）',50.7885647,-0.6652967,'PO21 1HR', '73', now(), now()); 
insert into college (id, city_id, original_name, name, latitude, longitude, postalcode, status, create_time, update_time) values(74,20,'University of Essex (Colchester Campus)','埃塞克斯大学（Colchester校区）',51.8765579,0.9450282,'CO4 3SQ', '74', now(), now()); 
insert into college (id, city_id, original_name, name, latitude, longitude, postalcode, status, create_time, update_time) values(75,94,'University of Essex (Loughton Campus)','埃塞克斯大学（Loughton校区）',51.6494828,0.0768145,'IG10 3RY', '75', now(), now()); 
insert into college (id, city_id, original_name, name, latitude, longitude, postalcode, status, create_time, update_time) values(76,95,'University of Essex (Southend Campus)','埃塞克斯大学（Southend校区）',51.5381473,0.7122815,'SS1 1LW', '76', now(), now()); 
insert into college (id, city_id, original_name, name, latitude, longitude, postalcode, status, create_time, update_time) values(77,21,'University of Warwick','华威大学',52.3800625,-1.5616976,'CV4 7AL', '77', now(), now()); 
insert into college (id, city_id, original_name, name, latitude, longitude, postalcode, status, create_time, update_time) values(78,21,'Coventry University (Main Campus)','考文垂大学（主校区）',52.407999,-1.5057217,'CV1 5FB', '78', now(), now()); 
insert into college (id, city_id, original_name, name, latitude, longitude, postalcode, status, create_time, update_time) values(79,42,'Coventry University (London Campus)','考文垂大学（London校区）',51.5177724,-0.07861,'E1 7JF', '79', now(), now()); 
insert into college (id, city_id, original_name, name, latitude, longitude, postalcode, status, create_time, update_time) values(80,22,'University of Derby (Derby Campus) ','德比大学（Derby校区）',52.9385272,-1.4966806,'DE22 1GB', '80', now(), now()); 
insert into college (id, city_id, original_name, name, latitude, longitude, postalcode, status, create_time, update_time) values(81,22,'University of Derby (Derby Corporate Campus)','德比大学（Derby Corporate校区）',52.9264924,-1.4866305,'DE1 3LD ', '81', now(), now()); 
insert into college (id, city_id, original_name, name, latitude, longitude, postalcode, status, create_time, update_time) values(82,96,'University of Derby (Buxton Campus)','德比大学（Buxton校区）',53.2609384,-1.9171203,'SK17 6RY', '82', now(), now()); 
insert into college (id, city_id, original_name, name, latitude, longitude, postalcode, status, create_time, update_time) values(83,97,'University of Derby (Chesterfield Campus)','德比大学（Chesterfield校区）',53.2444475,-1.423748,'S41 7NA', '83', now(), now()); 
insert into college (id, city_id, original_name, name, latitude, longitude, postalcode, status, create_time, update_time) values(84,23,'University of Dundee (City Campus)','邓迪大学（City校区）',56.4572091,-2.9784762,'DD1 4HN', '84', now(), now()); 
insert into college (id, city_id, original_name, name, latitude, longitude, postalcode, status, create_time, update_time) values(85,23,'University of Dundee (Ninewells Campus)','邓迪大学（Ninewells校区）',56.461653,-2.9913622,'DD1 9SY', '85', now(), now()); 
insert into college (id, city_id, original_name, name, latitude, longitude, postalcode, status, create_time, update_time) values(86,23,'University of Abertay Dundee','阿伯泰邓迪大学',56.4631531,-2.9743771,'DD1 1HG', '86', now(), now()); 
insert into college (id, city_id, original_name, name, latitude, longitude, postalcode, status, create_time, update_time) values(87,24,'Durham University (Durham Campus)','杜伦大学（Durham校区）',54.768139,-1.5718583,'DH1 3LE', '87', now(), now()); 
insert into college (id, city_id, original_name, name, latitude, longitude, postalcode, status, create_time, update_time) values(88,98,'Durham University (Queen\'s Campus)','杜伦大学（Queen\'s校区）',54.5635753,-1.2985855,'TS17 6BH', '88', now(), now()); 
insert into college (id, city_id, original_name, name, latitude, longitude, postalcode, status, create_time, update_time) values(89,25,'The University of Edinburgh','爱丁堡大学',55.9476915,-3.187347,'EH8 9YL ', '89', now(), now()); 
insert into college (id, city_id, original_name, name, latitude, longitude, postalcode, status, create_time, update_time) values(90,25,'Heriot-Watt University (Edinburgh Campus)','赫瑞瓦特大学（Edinburgh校区）',55.909403,-3.3206991,'EH14 4AS', '90', now(), now()); 
insert into college (id, city_id, original_name, name, latitude, longitude, postalcode, status, create_time, update_time) values(91,99,'Heriot-Watt University (Scottish Borders Campus)','赫瑞瓦特大学（Scottish Borders校区）',55.6073204,-2.7839908,'TD1 3HF', '91', now(), now()); 
insert into college (id, city_id, original_name, name, latitude, longitude, postalcode, status, create_time, update_time) values(92,100,'Heriot-Watt University (Orkney Campus)','赫瑞瓦特大学（Orkney校区）',58.963531,-3.3012965,'KW16 3AW', '92', now(), now()); 
insert into college (id, city_id, original_name, name, latitude, longitude, postalcode, status, create_time, update_time) values(93,25,'Queen Margaret University Edinburgh','爱丁堡玛格丽特皇后学院',55.9313084,-3.0730576,'EH21 6UU ', '93', now(), now()); 
insert into college (id, city_id, original_name, name, latitude, longitude, postalcode, status, create_time, update_time) values(94,25,'Edinburgh Napier University (Sighthill Campus)','龙比亚大学（Sighthill校区）',55.9240765,-3.2884708,'EH11 4BN', '94', now(), now()); 
insert into college (id, city_id, original_name, name, latitude, longitude, postalcode, status, create_time, update_time) values(95,25,'Edinburgh Napier University (Craiglockhart Campus)','龙比亚大学（Craiglockhart校区）',55.91805,-3.2400597,'EH14 1DJ', '95', now(), now()); 
insert into college (id, city_id, original_name, name, latitude, longitude, postalcode, status, create_time, update_time) values(96,25,'Edinburgh Napier University (Merchiston Campus)','龙比亚大学（Merchiston校区）',55.9333255,-3.2138956,'EH10 5DT', '96', now(), now()); 
insert into college (id, city_id, original_name, name, latitude, longitude, postalcode, status, create_time, update_time) values(97,26,'University of Exeter (Streatham Campus)','埃克塞特大学 （Streatham校区）',50.7352098,-3.5343549,'EX4 4QJ', '97', now(), now()); 
insert into college (id, city_id, original_name, name, latitude, longitude, postalcode, status, create_time, update_time) values(98,26,'University of Exeter (St Luke\'s Campus)','埃克塞特大学（St Luke\'s校区）',50.7233278,-3.5166255,'EX1 2LU', '98', now(), now()); 
insert into college (id, city_id, original_name, name, latitude, longitude, postalcode, status, create_time, update_time) values(99,101,'University of Exeter (Penryn Campus)','埃克塞特大学（Penryn校区）',50.1673014,-5.1469325,'TR10 9FE', '99', now(), now()); 
insert into college (id, city_id, original_name, name, latitude, longitude, postalcode, status, create_time, update_time) values(100,26,'University of Exeter (RD & E Wonford Campus)','埃克塞特大学（RD & E Wonford校区）',50.7167119,-3.5066801,'EX2 5DW', '100', now(), now()); 
insert into college (id, city_id, original_name, name, latitude, longitude, postalcode, status, create_time, update_time) values(101,102,'University of Exeter (Truro Campus)','埃克塞特大学（Truro校区）',50.2649231,-5.0931462,'TR1 3HD', '101', now(), now()); 
insert into college (id, city_id, original_name, name, latitude, longitude, postalcode, status, create_time, update_time) values(102,27,'Falmouth University (Falmouth Campus)','法尔茅斯大学学院（Falmouth校区）',50.1491811,-5.0708546,'TR11 4RH', '102', now(), now()); 
insert into college (id, city_id, original_name, name, latitude, longitude, postalcode, status, create_time, update_time) values(103,102,'Falmouth University (Penryn Campus)','法尔茅斯大学学院（Penryn）',50.1673014,-5.1469325,'TR10 9FE', '103', now(), now()); 
insert into college (id, city_id, original_name, name, latitude, longitude, postalcode, status, create_time, update_time) values(104,103,'University of Glasgow (Dumfries Campus)','格拉斯哥大学（Dumfries校区）',55.0481019,-3.5891122,'DG1 4ZL', '104', now(), now()); 
insert into college (id, city_id, original_name, name, latitude, longitude, postalcode, status, create_time, update_time) values(105,29,'University of Glasgow (Garscube Campus)','格拉斯哥大学（Garscube校区）',55.901877,-4.3124349,'G20 0TH', '105', now(), now()); 
insert into college (id, city_id, original_name, name, latitude, longitude, postalcode, status, create_time, update_time) values(106,29,'University of Glasgow (Gilmorehill Campus)','格拉斯哥大学（Gilmorehill校区）',55.8704755,-4.2970284,'G11 5JR', '106', now(), now()); 
insert into college (id, city_id, original_name, name, latitude, longitude, postalcode, status, create_time, update_time) values(107,29,'University of Strathclyde','斯特拉思克莱德大学',55.8613683,-4.2446005,'G1 1XQ', '107', now(), now()); 
insert into college (id, city_id, original_name, name, latitude, longitude, postalcode, status, create_time, update_time) values(108,29,'Glasgow Caledonian University (Main Campus)','格拉斯哥喀里多尼亚大学（主校区）',55.8661664,-4.2505673,'G4 0BA', '108', now(), now()); 
insert into college (id, city_id, original_name, name, latitude, longitude, postalcode, status, create_time, update_time) values(109,42,'Glasgow Caledonian University (London Campus)','格拉斯哥喀里多尼亚大学（伦敦校区）',51.5185458,-0.0725813,'E1 6PX', '109', now(), now()); 
insert into college (id, city_id, original_name, name, latitude, longitude, postalcode, status, create_time, update_time) values(110,104,'University of Hertfordshire (College Lane Campus)','赫特福德大学（College Lane校区）',51.7528765,-0.2421732,'AL10 9AB', '110', now(), now()); 
insert into college (id, city_id, original_name, name, latitude, longitude, postalcode, status, create_time, update_time) values(111,104,'University of Hertfordshire (De Havilland Campus)','赫特福德大学（de Havilland校区）',51.7600597,-0.250516,'AL10 9EU', '111', now(), now()); 
insert into college (id, city_id, original_name, name, latitude, longitude, postalcode, status, create_time, update_time) values(112,31,'University of Huddersfield','哈德斯菲尔德大学',53.6437153,-1.777711,'HD1 3DH ', '112', now(), now()); 
insert into college (id, city_id, original_name, name, latitude, longitude, postalcode, status, create_time, update_time) values(113,32,'The University of Hull (Hull Campus)','赫尔大学（Hull校区）',53.76964,-0.3671649,'HU6 7RX', '113', now(), now()); 
insert into college (id, city_id, original_name, name, latitude, longitude, postalcode, status, create_time, update_time) values(114,105,'The University of Hull (Scarborough Campus)','赫尔大学（Scarborough校区）',54.2626561,-0.3946799,'YO11 3AZ', '114', now(), now()); 
insert into college (id, city_id, original_name, name, latitude, longitude, postalcode, status, create_time, update_time) values(115,33,'University of the Highlands and Islands','高地和群岛大学',57.4696915,-4.2307974,'IV3 5SQ', '115', now(), now()); 
insert into college (id, city_id, original_name, name, latitude, longitude, postalcode, status, create_time, update_time) values(116,34,'Keele University','基尔大学',53.0039516,-2.2745983,'ST5 5BG', '116', now(), now()); 
insert into college (id, city_id, original_name, name, latitude, longitude, postalcode, status, create_time, update_time) values(117,35,'University of Kent (Main Campus)','肯特大学（主校区）',51.2984871,1.0708881,'CT2 7NZ', '117', now(), now()); 
insert into college (id, city_id, original_name, name, latitude, longitude, postalcode, status, create_time, update_time) values(118,86,'University of Kent (Medway Campus)','肯特大学（Medway校区）',51.3980362,0.5433858,'ME4 4AG', '118', now(), now()); 
insert into college (id, city_id, original_name, name, latitude, longitude, postalcode, status, create_time, update_time) values(119,106,'University of Kent (Tonbridge Campus)','肯特大学（Tonbridge校区）',51.1925805,0.2713455,'TN9 1TG', '119', now(), now()); 
insert into college (id, city_id, original_name, name, latitude, longitude, postalcode, status, create_time, update_time) values(120,36,'Kingston University (Penrhyn Road Campus)','金斯顿大学（Penrhyn Road校区）',51.4036032,-0.303575,'KT1 2EE', '120', now(), now()); 
insert into college (id, city_id, original_name, name, latitude, longitude, postalcode, status, create_time, update_time) values(121,36,'Kingston University (Kingston Hill Campus)','金斯顿大学（Kingston Hill校区）',51.4294569,-0.264295,'KT2 7LB', '121', now(), now()); 
insert into college (id, city_id, original_name, name, latitude, longitude, postalcode, status, create_time, update_time) values(122,36,'Kingston University (Knights Park Campus)','金斯顿大学（Knights Park校区）',51.4053338,-0.2988957,'KT1 2QJ', '122', now(), now()); 
insert into college (id, city_id, original_name, name, latitude, longitude, postalcode, status, create_time, update_time) values(123,42,'Kingston University (Roehampton Vale Campus)','金斯顿大学（Roehampton Vale校区）',51.4373627,-0.2516793,'SW15 3DW', '123', now(), now()); 
insert into college (id, city_id, original_name, name, latitude, longitude, postalcode, status, create_time, update_time) values(124,42,'Kingston University (St George\'s Campus)','金斯顿大学（St. George\'s校区）',51.4279855,-0.1733797,'SW17 0RE', '124', now(), now()); 
insert into college (id, city_id, original_name, name, latitude, longitude, postalcode, status, create_time, update_time) values(125,37,'Lancaster University','兰卡斯特大学',54.0104685,-2.7869096,'LA1 4YW ', '125', now(), now()); 
insert into college (id, city_id, original_name, name, latitude, longitude, postalcode, status, create_time, update_time) values(126,37,'University of Cumbria (Ambleside Campus)','坎布里亚大学（Ambleside校区）',54.4354806,-2.9644087,'LA22 9BB', '126', now(), now()); 
insert into college (id, city_id, original_name, name, latitude, longitude, postalcode, status, create_time, update_time) values(127,42,'University of Cumbria (London Campus)','坎布里亚大学（London校区）',51.5111704,-0.024931,'E14 6JE ', '127', now(), now()); 
insert into college (id, city_id, original_name, name, latitude, longitude, postalcode, status, create_time, update_time) values(128,37,'University of Cumbria (Lancaster Campus)','坎布里亚大学（Lancaster校区）',54.0407972,-2.7877269,'LA1 3JD', '128', now(), now()); 
insert into college (id, city_id, original_name, name, latitude, longitude, postalcode, status, create_time, update_time) values(129,107,'University of Cumbria (Barrow-in-Furness Campus)','坎布里亚大学（Barrow-in-Furness校区）',54.1164834,-3.2417581,'LA14 2PJ', '129', now(), now()); 
insert into college (id, city_id, original_name, name, latitude, longitude, postalcode, status, create_time, update_time) values(130,38,'University of Leeds','利兹大学',53.8084778,-1.5527923,'LS2 9JT', '130', now(), now()); 
insert into college (id, city_id, original_name, name, latitude, longitude, postalcode, status, create_time, update_time) values(131,38,'Leeds Metropolitan University (City Campus)','利兹城市大学（City校区）',53.8036465,-1.5491388,'LS1 3HE ', '131', now(), now()); 
insert into college (id, city_id, original_name, name, latitude, longitude, postalcode, status, create_time, update_time) values(132,38,'Leeds Metropolitan University (Headingley Campus)','利兹城市大学（Headingley校区）',53.8274336,-1.5932458,'LS6 3QS', '132', now(), now()); 
insert into college (id, city_id, original_name, name, latitude, longitude, postalcode, status, create_time, update_time) values(133,38,'Leeds Trinity University','利兹三一大学学院',53.8485578,-1.6480962,'LS18 5HD', '133', now(), now()); 
insert into college (id, city_id, original_name, name, latitude, longitude, postalcode, status, create_time, update_time) values(134,39,'University of Leicester','莱斯特大学',52.6219193,-1.1238104,'LE1 7RH', '134', now(), now()); 
insert into college (id, city_id, original_name, name, latitude, longitude, postalcode, status, create_time, update_time) values(135,39,'De Montfort University','德蒙福特大学',52.6286992,-1.1374891,'LE2 7DP', '135', now(), now()); 
insert into college (id, city_id, original_name, name, latitude, longitude, postalcode, status, create_time, update_time) values(136,40,'University of Lincoln','林肯大学',53.2288333,-0.5492365,'LN6 7TS', '136', now(), now()); 
insert into college (id, city_id, original_name, name, latitude, longitude, postalcode, status, create_time, update_time) values(137,41,'University of Liverpool (Main Campus)','利物浦大学（主校区）',53.4050214,-2.9658354,'L3 5TR', '137', now(), now()); 
insert into college (id, city_id, original_name, name, latitude, longitude, postalcode, status, create_time, update_time) values(138,42,'University of Liverpool (London Campus)','利物浦大学（London校区）',51.5206805,-0.085421,'EC2A 1BB', '138', now(), now()); 
insert into college (id, city_id, original_name, name, latitude, longitude, postalcode, status, create_time, update_time) values(139,41,'University of Liverpool (Leahurst Campus)','利物浦大学（Leahurst校区）',53.4057704,-2.9665894,'L69 7ZX', '139', now(), now()); 
insert into college (id, city_id, original_name, name, latitude, longitude, postalcode, status, create_time, update_time) values(140,41,'Liverpool John Moores University (City Campus)','利物浦约翰摩尔大学（City校区）',53.4127244,-2.9813256,'L3 3AF', '140', now(), now()); 
insert into college (id, city_id, original_name, name, latitude, longitude, postalcode, status, create_time, update_time) values(141,41,'Liverpool John Moores University (Mount Pleasant Campus)','利物浦约翰摩尔大学（Mount Pleasant校区）',53.4035677,-2.971067,'L3 5UZ', '141', now(), now()); 
insert into college (id, city_id, original_name, name, latitude, longitude, postalcode, status, create_time, update_time) values(142,41,'Liverpool John Moores University (IM Marsh Campus)','利物浦约翰摩尔大学（IM Marsh校区）',53.3702234,-2.9205745,'L17 6ED', '142', now(), now()); 
insert into college (id, city_id, original_name, name, latitude, longitude, postalcode, status, create_time, update_time) values(143,42,'London School of Economics and Political Science (LSE)','伦敦政治经济学院',51.5139664,-0.1167323,'WC2A 2AE', '143', now(), now()); 
insert into college (id, city_id, original_name, name, latitude, longitude, postalcode, status, create_time, update_time) values(144,42,'School of Oriental and African Studies (Russell Square Campus)','伦敦大学亚非学院（Russell Square校区）',51.52235,-0.129259,'WC1H 0XG', '144', now(), now()); 
insert into college (id, city_id, original_name, name, latitude, longitude, postalcode, status, create_time, update_time) values(145,42,'School of Oriental and African Studies (Vernon  Square Campus)','伦敦大学亚非学院（VernonSquare校区）',51.5304341,-0.1146399,'WC1X 9EW', '145', now(), now()); 
insert into college (id, city_id, original_name, name, latitude, longitude, postalcode, status, create_time, update_time) values(146,42,'King\'s College London (Denmark Hill Campus)','伦敦大学国王学院（Denmark Hill校区）',51.4684087,-0.0960472,'SE5 9RJ ', '146', now(), now()); 
insert into college (id, city_id, original_name, name, latitude, longitude, postalcode, status, create_time, update_time) values(147,42,'King\'s College London (Guy\'s Campus)','伦敦大学国王学院（Guy\'s校区）',51.4977739,-0.0896804,'SE1 4XA ', '147', now(), now()); 
insert into college (id, city_id, original_name, name, latitude, longitude, postalcode, status, create_time, update_time) values(148,42,'King\'s College London (Strand Campus)','伦敦大学国王学院（Strand校区）',51.5107324,-0.1169377,'WC2R 2LS', '148', now(), now()); 
insert into college (id, city_id, original_name, name, latitude, longitude, postalcode, status, create_time, update_time) values(149,42,'King\'s College London (St Thomas\' Campus)','伦敦大学国王学院（St Thomas\'校区）',51.4979079,-0.1196707,'SE1 7EH', '149', now(), now()); 
insert into college (id, city_id, original_name, name, latitude, longitude, postalcode, status, create_time, update_time) values(150,42,'King\'s College London (Waterloo Campus)','伦敦大学国王学院（Waterloo校区）',51.5065177,-0.1098489,'SE1 9NH', '150', now(), now()); 
insert into college (id, city_id, original_name, name, latitude, longitude, postalcode, status, create_time, update_time) values(151,108,'Royal Holloway, University of London','皇家霍洛威大学',51.425323,-0.5672179,'TW20 0EX', '151', now(), now()); 
insert into college (id, city_id, original_name, name, latitude, longitude, postalcode, status, create_time, update_time) values(152,42,'Queen Mary University of London (Mile End Campus)','伦敦大学玛丽皇后学院（Mile End校区）',51.5234103,-0.0405323,'E1 4NS', '152', now(), now()); 
insert into college (id, city_id, original_name, name, latitude, longitude, postalcode, status, create_time, update_time) values(153,42,'Queen Mary University of London (Whitechapel Campus)','伦敦大学玛丽皇后学院（Whitechapel校区）',51.5177741,-0.0606795,'E1 2AD', '153', now(), now()); 
insert into college (id, city_id, original_name, name, latitude, longitude, postalcode, status, create_time, update_time) values(154,42,'Queen Mary University of London (Charterhouse Square Campus)','伦敦大学玛丽皇后学院（Charterhouse Square校区）',51.5213129,-0.0988722,'EC1M 6BQ', '154', now(), now()); 
insert into college (id, city_id, original_name, name, latitude, longitude, postalcode, status, create_time, update_time) values(155,42,'Queen Mary University of London (Lincoln\'s Inn Fields Campus)','伦敦大学玛丽皇后学院（Lincoln\'s Inn Fields校区）',51.5166719,-0.118898,'WC2A 3JB', '155', now(), now()); 
insert into college (id, city_id, original_name, name, latitude, longitude, postalcode, status, create_time, update_time) values(156,42,'Queen Mary University of London (West Smithfield Square Campus)','伦敦大学玛丽皇后学院（West Smithfield Square校区）',51.5169661,-0.1008837,'EC1A 7BE', '156', now(), now()); 
insert into college (id, city_id, original_name, name, latitude, longitude, postalcode, status, create_time, update_time) values(157,42,'City University London','伦敦城市大学',51.5277895,-0.1023219,'EC1V 0HB', '157', now(), now()); 
insert into college (id, city_id, original_name, name, latitude, longitude, postalcode, status, create_time, update_time) values(158,82,'Brunel University','布鲁内尔大学',51.5328475,-0.4728554,'UB8 3PH', '158', now(), now()); 
insert into college (id, city_id, original_name, name, latitude, longitude, postalcode, status, create_time, update_time) values(159,42,'University of the Arts London','伦敦艺术大学',51.474058,-0.0807211,'SE5 8UF ', '159', now(), now()); 
insert into college (id, city_id, original_name, name, latitude, longitude, postalcode, status, create_time, update_time) values(160,42,'Roehampton University','罗汉普顿大学',51.456757,-0.2430936,'SW15 5PU', '160', now(), now()); 
insert into college (id, city_id, original_name, name, latitude, longitude, postalcode, status, create_time, update_time) values(161,42,'Middlesex University','密德萨斯大学',51.5897139,-0.2284411,'NW4 4BT', '161', now(), now()); 
insert into college (id, city_id, original_name, name, latitude, longitude, postalcode, status, create_time, update_time) values(162,42,'University of Greenwich (Avery Hill Campus)','格林威治大学（Avery Hill校区）',51.4505326,0.0770562,'SE9 2PQ', '162', now(), now()); 
insert into college (id, city_id, original_name, name, latitude, longitude, postalcode, status, create_time, update_time) values(163,86,'University of Greenwich (Greemwithe Medway Campus)','格林威治大学（Greenwithe Medway校区）',51.3969303,0.539644,'ME4 4TB', '163', now(), now()); 
insert into college (id, city_id, original_name, name, latitude, longitude, postalcode, status, create_time, update_time) values(164,42,'University of Westminster (Cavendish Campus)','威斯敏斯特大学（Cavendish校区）',51.5205866,-0.141079,'W1W 6XH', '164', now(), now()); 
insert into college (id, city_id, original_name, name, latitude, longitude, postalcode, status, create_time, update_time) values(165,109,'University of Westminster (Harrow Campus)','威斯敏斯特大学（Harrow校区）',51.5776102,-0.3245682,'HA1 3TP', '165', now(), now()); 
insert into college (id, city_id, original_name, name, latitude, longitude, postalcode, status, create_time, update_time) values(166,42,'University of Westminster (Marylebone Campus)','威斯敏斯特大学（Marylebone校区）',51.5220231,-0.1545992,'NW1 5LS', '166', now(), now()); 
insert into college (id, city_id, original_name, name, latitude, longitude, postalcode, status, create_time, update_time) values(167,42,'University of Westminster (Regent Street Campus)','威斯敏斯特大学（Regent Street校区）',51.516792,-0.1433666,'W1B 2HW', '167', now(), now()); 
insert into college (id, city_id, original_name, name, latitude, longitude, postalcode, status, create_time, update_time) values(168,42,'University of West London (Ealing Campus)','西伦敦大学（Ealing校区）',51.522522,-0.3087886,'W5 2RF', '168', now(), now()); 
insert into college (id, city_id, original_name, name, latitude, longitude, postalcode, status, create_time, update_time) values(169,110,'University of West London (Brentford Campus)','西伦敦大学（Brentford校区）',51.4893845,-0.3137313,'TW8 9GA', '169', now(), now()); 
insert into college (id, city_id, original_name, name, latitude, longitude, postalcode, status, create_time, update_time) values(170,42,'London South Bank University','伦敦南岸大学',51.498409,-0.1016552,'SE1 0AA', '170', now(), now()); 
insert into college (id, city_id, original_name, name, latitude, longitude, postalcode, status, create_time, update_time) values(171,42,'University of East London (Docklands Campus)','东伦敦大学（Dockland校区）',51.5073953,0.0647696,'E16 2RD', '171', now(), now()); 
insert into college (id, city_id, original_name, name, latitude, longitude, postalcode, status, create_time, update_time) values(172,42,'University of East London (Stratford Campus)','东伦敦大学（Stratford校区）',51.5433853,0.0098213,'E15 4LZ', '172', now(), now()); 
insert into college (id, city_id, original_name, name, latitude, longitude, postalcode, status, create_time, update_time) values(173,42,'University of East London (University Square Stratford Campus)','东伦敦大学（University Square Stratford校区）',47.507821,4.005953,'E15 1NF', '173', now(), now()); 
insert into college (id, city_id, original_name, name, latitude, longitude, postalcode, status, create_time, update_time) values(174,42,'London Metropolitan University','伦敦都市大学',51.5518193,-0.1102363,'N7 8DB', '174', now(), now()); 
insert into college (id, city_id, original_name, name, latitude, longitude, postalcode, status, create_time, update_time) values(175,42,'Imperial College London (South Kensington Campus)','帝国理工学院（South Kensington校区）',51.5005046,-0.1782187,'SW7 2AZ', '175', now(), now()); 
insert into college (id, city_id, original_name, name, latitude, longitude, postalcode, status, create_time, update_time) values(176,42,'Imperial College London (Charing Cross Campus)','帝国理工学院（Charing Cross校区）',51.4880878,-0.2193186,'W6 8RP', '176', now(), now()); 
insert into college (id, city_id, original_name, name, latitude, longitude, postalcode, status, create_time, update_time) values(177,42,'Imperial College London (Chelsea and Westminster Campus)','帝国理工学院（Chelsea and Westminster校区）',51.4842605,-0.1814587,'SW10 9NH', '177', now(), now()); 
insert into college (id, city_id, original_name, name, latitude, longitude, postalcode, status, create_time, update_time) values(178,42,'Imperial College London (Hammersmith Campus)','帝国理工学院（Hammersmith校区）',51.5174289,-0.2347064,'W12 0NN', '178', now(), now()); 
insert into college (id, city_id, original_name, name, latitude, longitude, postalcode, status, create_time, update_time) values(179,109,'Imperial College London (North West London Hospitals Campus)','帝国理工学院（North West London Hospitals校区）',51.5750985,-0.3224814,'HA1 3UJ', '179', now(), now()); 
insert into college (id, city_id, original_name, name, latitude, longitude, postalcode, status, create_time, update_time) values(180,42,'Imperial College London (Royal Brompton Campus)','帝国理工学院（Royal Brompton校区）',51.4897429,-0.1708549,'SW3 6LY', '180', now(), now()); 
insert into college (id, city_id, original_name, name, latitude, longitude, postalcode, status, create_time, update_time) values(181,111,'Imperial College London (Silwood Park Campus)','帝国理工学院（Silwood Park校区）',51.4090676,-0.6398918,'SL5 7PY', '181', now(), now()); 
insert into college (id, city_id, original_name, name, latitude, longitude, postalcode, status, create_time, update_time) values(182,42,'Imperial College London (St Mary\'s Campus)','帝国理工学院（St Mary\'s校区）',51.5177367,-0.1731784,'W2 1PG', '182', now(), now()); 
insert into college (id, city_id, original_name, name, latitude, longitude, postalcode, status, create_time, update_time) values(183,42,'University College London','伦敦大学学院',51.5247725,-0.1334268,'WC1E 6BT', '183', now(), now()); 
insert into college (id, city_id, original_name, name, latitude, longitude, postalcode, status, create_time, update_time) values(184,43,'Loughborough University','拉夫堡大学',52.7648728,-1.2294743,'LE11 3TU', '184', now(), now()); 
insert into college (id, city_id, original_name, name, latitude, longitude, postalcode, status, create_time, update_time) values(185,44,'University of Bedfordshire (Luton Campus)','贝德福德大学（Luton校区）',51.8778618,-0.4114071,'LU1 3JU', '185', now(), now()); 
insert into college (id, city_id, original_name, name, latitude, longitude, postalcode, status, create_time, update_time) values(186,112,'University of Bedfordshire (Bedford Campus)','贝德福德大学（Bedford校区）',52.1413729,-0.4421767,'MK41 9EA', '186', now(), now()); 
insert into college (id, city_id, original_name, name, latitude, longitude, postalcode, status, create_time, update_time) values(187,44,'University of Bedfordshire (Putteridge Bury Campus)','贝德福德大学（Putteridge Bury校区）',51.9102853,-0.3738445,'LU2 8LE', '187', now(), now()); 
insert into college (id, city_id, original_name, name, latitude, longitude, postalcode, status, create_time, update_time) values(188,113,'University of Bedfordshire (Milton Keynes Campus)','贝德福德大学（Milton Keynes校区）',52.0389742,-0.7555747,'MK9 3HS', '188', now(), now()); 
insert into college (id, city_id, original_name, name, latitude, longitude, postalcode, status, create_time, update_time) values(189,45,'The University of Manchester','曼彻斯特大学',53.4667506,-2.2336761,'M13 9PL', '189', now(), now()); 
insert into college (id, city_id, original_name, name, latitude, longitude, postalcode, status, create_time, update_time) values(190,45,'Manchester Metropolitan University (Cheshire Campus)','曼彻斯特城市大学（Cheshire校区）',53.0928916,-2.4214737,'CW1 5DU', '190', now(), now()); 
insert into college (id, city_id, original_name, name, latitude, longitude, postalcode, status, create_time, update_time) values(191,45,'Manchester Metropolitan University (Didsbury Campus)','曼彻斯特城市大学（Didsbury校区）',53.4115135,-2.2291085,'M20 2RR', '191', now(), now()); 
insert into college (id, city_id, original_name, name, latitude, longitude, postalcode, status, create_time, update_time) values(192,45,'Manchester Metropolitan University (Elizabeth Gaskell Campus)','曼彻斯特城市大学（Elizabeth Gaskell校区）',53.4583679,-2.2210325,'M13 0JA', '192', now(), now()); 
insert into college (id, city_id, original_name, name, latitude, longitude, postalcode, status, create_time, update_time) values(193,45,'Manchester Metropolitan University (Hollings Campus)','曼彻斯特城市大学（Hollings校区）',53.4692901,-2.2390459,'M15 6BG', '193', now(), now()); 
insert into college (id, city_id, original_name, name, latitude, longitude, postalcode, status, create_time, update_time) values(194,45,'University of Salford','索尔福德大学',53.4835413,-2.2706662,'M5 4WT', '194', now(), now()); 
insert into college (id, city_id, original_name, name, latitude, longitude, postalcode, status, create_time, update_time) values(195,46,'University of Teesside (Middlesbrough Campus)','提兹塞德大学（Middlesbrough校区）',54.5720764,-1.2346941,'TS1 3BA', '195', now(), now()); 
insert into college (id, city_id, original_name, name, latitude, longitude, postalcode, status, create_time, update_time) values(196,114,'University of Teesside (Darlington Campus)','提兹塞德大学（Darlington校区）',54.5309689,-1.5398674,'DL1 1JW', '196', now(), now()); 
insert into college (id, city_id, original_name, name, latitude, longitude, postalcode, status, create_time, update_time) values(197,48,'Newcastle University','纽卡斯尔大学',54.9803201,-1.6157134,'NE1 7RU', '197', now(), now()); 
insert into college (id, city_id, original_name, name, latitude, longitude, postalcode, status, create_time, update_time) values(198,48,'Northumbria University (Coach Lane Campus)','诺森比亚大学（Coach Lan校区）',55.0018656,-1.5741425,'NE7 7XA', '198', now(), now()); 
insert into college (id, city_id, original_name, name, latitude, longitude, postalcode, status, create_time, update_time) values(199,48,'Northumbria University (Newcastle City Campus)','诺森比亚大学（City校区）',54.9767623,-1.6074982,'NE1 8ST', '199', now(), now()); 
insert into college (id, city_id, original_name, name, latitude, longitude, postalcode, status, create_time, update_time) values(200,49,'The University of Northampton (Avenue Campus)','北安普顿大学（Avenue校区）',52.2509823,-0.8899882,'NN2 6JD', '200', now(), now()); 
insert into college (id, city_id, original_name, name, latitude, longitude, postalcode, status, create_time, update_time) values(201,49,'The University of Northampton (Park Campus)','北安普顿大学（Park校区）',52.2719914,-0.8830883,'NN2 7AL', '201', now(), now()); 
insert into college (id, city_id, original_name, name, latitude, longitude, postalcode, status, create_time, update_time) values(202,50,'University of East Anglia','东英格利亚大学',52.6223695,1.2413911,'NR4 7TJ', '202', now(), now()); 
insert into college (id, city_id, original_name, name, latitude, longitude, postalcode, status, create_time, update_time) values(203,51,'The University of Nottingham (The Jubilee Campus)','诺丁汉大学（The Jubille校区）',52.9543372,-1.1888846,'NG8 1BB', '203', now(), now()); 
insert into college (id, city_id, original_name, name, latitude, longitude, postalcode, status, create_time, update_time) values(204,51,'The University of Nottingham (Kings Meadow Campus)','诺丁汉大学（Kings Meadow校区）',52.9349309,-1.170932,'NG7 2NR', '204', now(), now()); 
insert into college (id, city_id, original_name, name, latitude, longitude, postalcode, status, create_time, update_time) values(205,51,'The University of Nottingham (Queen\'s Medical Centre)','诺丁汉大学（Queen\'s Mecidal Centre）',52.9434389,-1.1857996,'NG7 2UH', '205', now(), now()); 
insert into college (id, city_id, original_name, name, latitude, longitude, postalcode, status, create_time, update_time) values(206,43,'The University of Nottingham (Sutton Bonington Campus)','诺丁汉大学（Sutton Bonington校区）',52.8303881,-1.2517228,'LE12 5RD', '206', now(), now()); 
insert into college (id, city_id, original_name, name, latitude, longitude, postalcode, status, create_time, update_time) values(207,51,'The University of Nottingham (University Park Campus)','诺丁汉大学（University Park校区）',52.9412501,-1.1864805,'NG7 2RD', '207', now(), now()); 
insert into college (id, city_id, original_name, name, latitude, longitude, postalcode, status, create_time, update_time) values(208,51,'Nottingham Trent University (City Campus)','诺丁汉特伦特大学（City校区）',52.9563632,-1.1520043,'NG1 4BU', '208', now(), now()); 
insert into college (id, city_id, original_name, name, latitude, longitude, postalcode, status, create_time, update_time) values(209,51,'Nottingham Trent University (Clifton Campus)','诺丁汉特伦特大学（Clifton校区）',52.9120887,-1.1852573,'NG11 8NS', '209', now(), now()); 
insert into college (id, city_id, original_name, name, latitude, longitude, postalcode, status, create_time, update_time) values(210,115,'Nottingham Trent University (Brackenhurst Campus)','诺丁汉特伦特大学（Brackenhurst校区）',53.0632054,-0.9638513,'NG25 0QF', '210', now(), now()); 
insert into college (id, city_id, original_name, name, latitude, longitude, postalcode, status, create_time, update_time) values(211,52,'University of Oxford','牛津大学',51.7576389,-1.2628859,'OX1 2JD', '211', now(), now()); 
insert into college (id, city_id, original_name, name, latitude, longitude, postalcode, status, create_time, update_time) values(212,52,'Oxford Brookes University(Harcourt Hill Campus)','牛津布鲁克斯大学（Harcourt Hill校区）',51.7399388,-1.2912701,'OX2 9AT', '212', now(), now()); 
insert into college (id, city_id, original_name, name, latitude, longitude, postalcode, status, create_time, update_time) values(213,52,'Oxford Brookes University(Headington Campus)','牛津布鲁克斯大学（Headington校区）',51.7543803,-1.2232005,'OX3 0BP', '213', now(), now()); 
insert into college (id, city_id, original_name, name, latitude, longitude, postalcode, status, create_time, update_time) values(214,53,'Edge Hill University (Ormskirk Campus)','边山大学（Ormskirk Campus）',53.5598905,-2.8733739,'L39 4QP', '214', now(), now()); 
insert into college (id, city_id, original_name, name, latitude, longitude, postalcode, status, create_time, update_time) values(215,41,'Edge Hill University (Aintree Campus)','边山大学（Aintree Campus）',53.4659519,-2.9359914,'L9 7LN', '215', now(), now()); 
insert into college (id, city_id, original_name, name, latitude, longitude, postalcode, status, create_time, update_time) values(216,116,'Edge Hill University (Woodlands Campus)','边山大学（Woodlands Campus）',53.6544049,-2.6502751,'PR7 1QR', '216', now(), now()); 
insert into college (id, city_id, original_name, name, latitude, longitude, postalcode, status, create_time, update_time) values(217,54,'University of the West of Scotland (Ayr Campus)','西苏格兰大学（Ayr校区）',55.4740869,-4.6109117,'KA8 0SX', '217', now(), now()); 
insert into college (id, city_id, original_name, name, latitude, longitude, postalcode, status, create_time, update_time) values(218,103,'University of the West of Scotland (Dumfries Campus)','西苏格兰大学（Dumfries校区）',55.0494835,-3.5892922,'DG1 4ZN', '218', now(), now()); 
insert into college (id, city_id, original_name, name, latitude, longitude, postalcode, status, create_time, update_time) values(219,117,'University of the West of Scotland (Hamilton Campus)','西苏格兰大学（Hamilton校区）',55.7801295,-4.0475713,'ML3 0JB', '219', now(), now()); 
insert into college (id, city_id, original_name, name, latitude, longitude, postalcode, status, create_time, update_time) values(220,54,'University of the West of Scotland (Paisley Campus)','西苏格兰大学（Paisley校区）',55.8436743,-4.4284947,'PA1 2BE', '220', now(), now()); 
insert into college (id, city_id, original_name, name, latitude, longitude, postalcode, status, create_time, update_time) values(221,55,'University of St Mark & St John, Plymouth','圣马克与圣约翰大学学院',50.4210365,-4.1102586,'PL6 8BH', '221', now(), now()); 
insert into college (id, city_id, original_name, name, latitude, longitude, postalcode, status, create_time, update_time) values(222,55,'Plymouth University','普利茅斯大学',50.3752006,-4.1383638,'PL4 8AA ', '222', now(), now()); 
insert into college (id, city_id, original_name, name, latitude, longitude, postalcode, status, create_time, update_time) values(223,56,'University of Portsmouth','朴茨茅斯大学',50.7952771,-1.0935841,'PO1 2UP', '223', now(), now()); 
insert into college (id, city_id, original_name, name, latitude, longitude, postalcode, status, create_time, update_time) values(224,57,'University of Central Lancashire(Burnley Campus)','中央兰开夏大学（Burnley Campus）',53.7944186,-2.2448548,'BB12 0EQ', '224', now(), now()); 
insert into college (id, city_id, original_name, name, latitude, longitude, postalcode, status, create_time, update_time) values(225,118,'University of Central Lancashire(Westlakes Campus)','中央兰开夏大学（Westlakes Campus）',54.5164093,-3.5540122,'CA24 3JY', '225', now(), now()); 
insert into college (id, city_id, original_name, name, latitude, longitude, postalcode, status, create_time, update_time) values(226,58,'University of Reading  (Whiteknights Campus)','雷丁大学（Whiteknights校区）',51.4576163,-0.9456216,'RG6 6AH', '226', now(), now()); 
insert into college (id, city_id, original_name, name, latitude, longitude, postalcode, status, create_time, update_time) values(227,58,'University of Reading  (London Road Campus)','雷丁大学（London Road校区）',51.450998,-0.9617051,'RG1 5AQ', '227', now(), now()); 
insert into college (id, city_id, original_name, name, latitude, longitude, postalcode, status, create_time, update_time) values(228,58,'University of Reading (Greenlands Campus)','雷丁大学（Greenlands校区）',51.56292,-0.8825389,'RG9 3AU', '228', now(), now()); 
insert into college (id, city_id, original_name, name, latitude, longitude, postalcode, status, create_time, update_time) values(229,60,'The University of Sheffield','谢菲尔德大学',53.3813913,-1.48871,'S10 2TN', '229', now(), now()); 
insert into college (id, city_id, original_name, name, latitude, longitude, postalcode, status, create_time, update_time) values(230,60,'Sheffield Hallam University (City Campus)','谢菲尔德哈勒姆大学（城市校区）',53.3791942,-1.4652554,'S1 1WB', '230', now(), now()); 
insert into college (id, city_id, original_name, name, latitude, longitude, postalcode, status, create_time, update_time) values(231,60,'Sheffield Hallam University (Collegiate Campus)','谢菲尔德哈勒姆大学（Collegiate校区）',53.3742081,-1.4926439,'S10 2BP', '231', now(), now()); 
insert into college (id, city_id, original_name, name, latitude, longitude, postalcode, status, create_time, update_time) values(232,61,'University of Southampton (Highfield Campus)','南安普顿大学（Highfield校区）',50.934189,-1.3956847,'SO17 1BJ', '232', now(), now()); 
insert into college (id, city_id, original_name, name, latitude, longitude, postalcode, status, create_time, update_time) values(233,61,'University of Southampton (Avenue Campus)','南安普顿大学（Avenue校区）',50.934189,-1.3956847,'SO17 1BJ', '233', now(), now()); 
insert into college (id, city_id, original_name, name, latitude, longitude, postalcode, status, create_time, update_time) values(234,61,'University of Southampton (National Oceanography Centre)','南安普顿大学（国家海洋学中心）',50.892674,-1.3945868,'SO14 3ZH', '234', now(), now()); 
insert into college (id, city_id, original_name, name, latitude, longitude, postalcode, status, create_time, update_time) values(235,61,'University of Southampton (Winchester School of Art)','南安普顿大学（温切斯特艺术学院）',51.0658971,-1.3091442,'SO23 8DL', '235', now(), now()); 
insert into college (id, city_id, original_name, name, latitude, longitude, postalcode, status, create_time, update_time) values(236,61,'Southampton Solent University','南安普顿索伦特大学',50.9077473,-1.4001658,'SO14 0YN', '236', now(), now()); 
insert into college (id, city_id, original_name, name, latitude, longitude, postalcode, status, create_time, update_time) values(237,62,'The University of St Andrews','圣安德鲁斯大学',56.3412141,-2.7930117,'KY16 9AJ', '237', now(), now()); 
insert into college (id, city_id, original_name, name, latitude, longitude, postalcode, status, create_time, update_time) values(238,63,'Staffordshire University (Stafford Campus)','史塔福郡大学（Stafford校区）',52.8130551,-2.0836202,'ST18 0AD', '238', now(), now()); 
insert into college (id, city_id, original_name, name, latitude, longitude, postalcode, status, create_time, update_time) values(239,63,'Staffordshire University (Stoke-on-Trent Campus)','史塔福郡大学（Stoke-on-Trent校区）',53.0100795,-2.1826057,'ST4 2DE', '239', now(), now()); 
insert into college (id, city_id, original_name, name, latitude, longitude, postalcode, status, create_time, update_time) values(240,119,'Staffordshire University (Lichfield Campus)','史塔福郡大学（Lichfield校区）',52.6796841,-1.8299772,'WS13 6QG', '240', now(), now()); 
insert into college (id, city_id, original_name, name, latitude, longitude, postalcode, status, create_time, update_time) values(241,120,'Staffordshire University (Shrewsbury Campus)','史塔福郡大学（Shrewsbury校区）',52.709357,-2.7937516,'SY3 8XQ', '241', now(), now()); 
insert into college (id, city_id, original_name, name, latitude, longitude, postalcode, status, create_time, update_time) values(242,64,'University of Stirling (Stirling Campus)','斯特林大学（Stirling校区）',56.1492131,-3.9267942,'FK9 4LA', '242', now(), now()); 
insert into college (id, city_id, original_name, name, latitude, longitude, postalcode, status, create_time, update_time) values(243,33,'University of Stirling (Highland Campus)','斯特林大学（Highland校区）',57.4742364,-4.1898944,'IV2 3JH', '243', now(), now()); 
insert into college (id, city_id, original_name, name, latitude, longitude, postalcode, status, create_time, update_time) values(244,121,'University of Stirling (Western Isles Campus)','斯特林大学（Western Isles校区）',58.2210879,-6.3844114,'HS1 2AF', '244', now(), now()); 
insert into college (id, city_id, original_name, name, latitude, longitude, postalcode, status, create_time, update_time) values(245,66,'University of Sunderland (The Sir Tom Cowie Campus)','桑德兰大学（The Sir Tom Cowie校区）',54.9117468,-1.3737675,'SR6 0DD', '245', now(), now()); 
insert into college (id, city_id, original_name, name, latitude, longitude, postalcode, status, create_time, update_time) values(246,66,'University of Sunderland (City Campus)','桑德兰大学（城市校区）',54.9044941,-1.391347,'SR1 3SD', '246', now(), now()); 
insert into college (id, city_id, original_name, name, latitude, longitude, postalcode, status, create_time, update_time) values(247,42,'University of Sunderland (London Campus)','桑德兰大学（伦敦校区）',51.5008052,-0.0150052,'E14 9SG', '247', now(), now()); 
insert into college (id, city_id, original_name, name, latitude, longitude, postalcode, status, create_time, update_time) values(248,67,'University of Surrey','萨里大学',51.2425719,-0.5879459,'GU2 7XH', '248', now(), now()); 
insert into college (id, city_id, original_name, name, latitude, longitude, postalcode, status, create_time, update_time) values(249,68,'Swansea University','斯旺西大学',51.6096175,-3.9806297,'SA2 8PP', '249', now(), now()); 
insert into college (id, city_id, original_name, name, latitude, longitude, postalcode, status, create_time, update_time) values(250,69,'The University of Winchester (Main Campus)','温切斯特大学（主校区）',51.060039,-1.3269397,'SO22 4NR', '250', now(), now()); 
insert into college (id, city_id, original_name, name, latitude, longitude, postalcode, status, create_time, update_time) values(251,69,'The University of Winchester (Winchester Business School)','温切斯特大学（商学院）',51.0630049,-1.332933,'SO22 5HT', '251', now(), now()); 
insert into college (id, city_id, original_name, name, latitude, longitude, postalcode, status, create_time, update_time) values(252,71,'University of Worcester (St John\'s Campus)','伍斯特大学（St John\'s校区）',52.1975549,-2.2430422,'WR2 6AJ', '252', now(), now()); 
insert into college (id, city_id, original_name, name, latitude, longitude, postalcode, status, create_time, update_time) values(253,71,'University of Worcester (City Campus)','伍斯特大学（城市校区）',52.195763,-2.2263834,'WR1 3AS', '253', now(), now()); 
insert into college (id, city_id, original_name, name, latitude, longitude, postalcode, status, create_time, update_time) values(254,71,'University of Worcester (Riverside building)','伍斯特大学（Riverside校区）',52.1933331,-2.2322666,'WR2 5JN', '254', now(), now()); 
insert into college (id, city_id, original_name, name, latitude, longitude, postalcode, status, create_time, update_time) values(255,72,'Glyndwr University (Wrexham Campus)','格林多大学（Wrexham校区）',53.052963,-3.0056395,'LL11 2AW', '255', now(), now()); 
insert into college (id, city_id, original_name, name, latitude, longitude, postalcode, status, create_time, update_time) values(256,122,'Glyndwr University (Northop Campus)','格林多大学（Northop校区）',53.2119959,-3.1448208,'CH7 6AA', '256', now(), now()); 
insert into college (id, city_id, original_name, name, latitude, longitude, postalcode, status, create_time, update_time) values(257,72,'Glyndwr University (St. Asaph Campus)','格林多大学（St.Asaph校区）',53.2559133,-3.4755998,'LL17 0JD', '257', now(), now()); 
insert into college (id, city_id, original_name, name, latitude, longitude, postalcode, status, create_time, update_time) values(258,42,'Glyndwr University (London Campus)','格林多大学（伦敦校区）',51.494506,-0.0999734,'SE1 6TE', '258', now(), now()); 
insert into college (id, city_id, original_name, name, latitude, longitude, postalcode, status, create_time, update_time) values(259,73,'The University of York (Main Campus)','约克大学（主校区）',53.9484189,-1.0535445,'YO10 5DD', '259', now(), now()); 
insert into college (id, city_id, original_name, name, latitude, longitude, postalcode, status, create_time, update_time) values(260,73,'The University of York (City Campus)','约克大学（城市校区）',53.9623638,-1.086624,'YO1 7EP', '260', now(), now()); 
insert into college (id, city_id, original_name, name, latitude, longitude, postalcode, status, create_time, update_time) values(261,73,'York St. John University','约克圣约翰大学',53.9652455,-1.0802809,'YO31 7EX', '261', now(), now()); 
insert into college (id, city_id, original_name, name, latitude, longitude, postalcode, status, create_time, update_time) values(262,42,'Imperial College London (South Kensington Campus)','帝国理工学院（South Kensington校区）',51.5005046,-0.1782187,'SW7 2AZ', '262', now(), now()); 
insert into college (id, city_id, original_name, name, latitude, longitude, postalcode, status, create_time, update_time) values(263,42,'Imperial College London (Charing Cross Campus)','帝国理工学院（Charing Cross校区）',51.4880878,-0.2193186,'W6 8RP', '263', now(), now()); 
insert into college (id, city_id, original_name, name, latitude, longitude, postalcode, status, create_time, update_time) values(264,42,'Imperial College London (Chelsea and Westminster Campus)','帝国理工学院（Chelsea and Westminster校区）',51.4842605,-0.1814587,'SW10 9NH', '264', now(), now()); 
insert into college (id, city_id, original_name, name, latitude, longitude, postalcode, status, create_time, update_time) values(265,42,'Imperial College London (Hammersmith Campus)','帝国理工学院（Hammersmith校区）',51.5174289,-0.2347064,'W12 0NN', '265', now(), now()); 
insert into college (id, city_id, original_name, name, latitude, longitude, postalcode, status, create_time, update_time) values(266,109,'Imperial College London (North West London Hospitals Campus)','帝国理工学院（North West London Hospitals校区）',51.5750985,-0.3224814,'HA1 3UJ', '266', now(), now()); 
insert into college (id, city_id, original_name, name, latitude, longitude, postalcode, status, create_time, update_time) values(267,42,'Imperial College London (Royal Brompton Campus)','帝国理工学院（Royal Brompton校区）',51.4897429,-0.1708549,'SW3 6LY', '267', now(), now()); 
insert into college (id, city_id, original_name, name, latitude, longitude, postalcode, status, create_time, update_time) values(268,111,'Imperial College London (Silwood Park Campus)','帝国理工学院（Silwood Park校区）',51.4090676,-0.6398918,'SL5 7PY', '268', now(), now()); 
insert into college (id, city_id, original_name, name, latitude, longitude, postalcode, status, create_time, update_time) values(269,42,'Imperial College London (St Mary\'s Campus)','帝国理工学院（St Mary\'s校区）',51.5177367,-0.1731784,'W2 1PG', '269', now(), now()); 
insert into college (id, city_id, original_name, name, latitude, longitude, postalcode, status, create_time, update_time) values(270,42,'University College London','伦敦大学学院',51.5247725,-0.1334268,'WC1E 6BT', '270', now(), now()); 

-- dormitory
insert into dormitory (id, city_id, name, address, postcode, latitude, longitude, description, status, create_time, update_time) values (1,37,'CityBlock1','77-81 Penny Street','LA1 1XN',54.0467076,-2.7997453,'CityBlock1是为兰卡斯特的学生专门修建的学生公寓。它获得了兰卡斯特议会的官方认证。公寓位于市中心，距离Cumbria大学仅5分钟的步行路程，距离Lancaster大学也只有很短的公共汽车路程。我们提供了多种房型来满足您的需要。房租里包含了水电上网等费用。我们准备了全套家居设施供您使用，有电梯通往所有楼层，还有经验丰富的员工为您提供管理和维修服务，更有24小时安保让您放心居住。特别值得一提的是，我们还提供每周房间清洁服务（公共区域如厨房每周至少清洁两次）和免费的CityBlock折扣卡。让您可以独享很多本地商家和餐馆的折扣。','HAS_VACANCY', now(), now());
insert into dormitory (id, city_id, name, address, postcode, latitude, longitude, description, status, create_time, update_time) values (2,37,'CityBlock2','99 Penny Street','LA1 1XN',54.0455574,-2.7998794,'CityBlock2是为兰卡斯特的学生专门修建的学生公寓。它获得了兰卡斯特议会的官方认证。公寓位于市中心，距离Cumbria大学仅5分钟的步行路程，距离Lancaster大学也只有很短的公共汽车路程。我们提供了多种房型来满足您的需要。房租里包含了水电上网等费用。我们准备了全套家居设施供您使用，有电梯通往所有楼层，还有经验丰富的员工为您提供管理和维修服务，更有24小时安保让您放心居住。特别值得一提的是，我们还提供每周房间清洁服务（公共区域如厨房每周至少清洁两次）和免费的CityBlock折扣卡。让您可以独享很多本地商家和餐馆的折扣。','HAS_VACANCY', now(), now());
insert into dormitory (id, city_id, name, address, postcode, latitude, longitude, description, status, create_time, update_time) values (3,37,'CityBlock3','Penny Street','LA1 1XN',54.0457439,-2.7999249,'CityBlock3是为兰卡斯特的学生专门修建的学生公寓。它获得了兰卡斯特议会的官方认证。公寓位于市中心，距离Cumbria大学仅5分钟的步行路程，距离Lancaster大学也只有很短的公共汽车路程。我们提供了多种房型来满足您的需要。房租里包含了水电上网等费用。我们准备了全套家居设施供您使用，有电梯通往所有楼层，还有经验丰富的员工为您提供管理和维修服务，更有24小时安保让您放心居住。特别值得一提的是，我们还提供每周房间清洁服务（公共区域如厨房每周至少清洁两次）和免费的CityBlock折扣卡。让您可以独享很多本地商家和餐馆的折扣。特别服务： • 每周房间清洁服务（共享空间如厨房每周至少清洁两次）• 免费的CityBlock折扣卡','HAS_VACANCY', now(), now());
insert into dormitory (id, city_id, name, address, postcode, latitude, longitude, description, status, create_time, update_time) values (4,39,'CityBlock1','21 Careys Close','LE1 5NS',52.6344898,-1.139013,'CityBlock1是为Leicester的学生专门修建的学生公寓。它位于市中心，距离De Montfort大学仅5分钟的步行路程，距离莱斯特大学也只有20分钟的步行或者几分钟的公汽路程。我们提供了多种房型来满足您的需要。房租里包含了水电上网等费用。我们准备了全套家居设施供您使用，有电梯通往所有楼层，还有经验丰富的员工为您提供管理和维修服务，更有24小时安保让您放心居住。特别值得一提的是，我们还提供每周房间清洁服务（公共区域如厨房每周至少清洁两次）和免费的CityBlock折扣卡。让您可以独享很多本地商家和餐馆的折扣。','HAS_VACANCY', now(), now());
insert into dormitory (id, city_id, name, address, postcode, latitude, longitude, description, status, create_time, update_time) values (5,39,'CityBlock2','24 Careys Close','LE1 5NS',52.6344898,-1.139013,'CityBlock2是为Leicester的学生专门修建的学生公寓。它位于市中心，距离De Montfort大学仅5分钟的步行路程，距离莱斯特大学也只有20分钟的步行或者几分钟的公汽路程。我们提供了多种房型来满足您的需要。房租里包含了水电上网等费用。我们准备了全套家居设施供您使用，有电梯通往所有楼层，还有经验丰富的员工为您提供管理和维修服务，更有24小时安保让您放心居住。特别值得一提的是，我们还提供每周房间清洁服务（公共区域如厨房每周至少清洁两次）和免费的CityBlock折扣卡。让您可以独享很多本地商家和餐馆的折扣。','HAS_VACANCY', now(), now());
insert into dormitory (id, city_id, name, address, postcode, latitude, longitude, description, status, create_time, update_time) values (6,38,'CLV Leeds (Opal 3)','Jacob Street','LS2 8BR',53.8027812,-1.5413589,'CLV Leeds位于利兹市中心，其旁边就是新建成的First Direct Arena。 附近有公车站，给类商店，餐馆等。是利兹大学，利兹城市大学，利兹学院，利兹艺术学院，利兹建筑学院，利兹音乐学院，利兹BPP等学生的完美选择该宿舍由带个人卫生间共用厨房的套间En-suite 混合带个人卫生间和厨房的套间（Studios）等构成。专属的空间让您觉充分享受独立自由的生活，同时又不缺乏各种交流。凭借多样的房型，总有一款是适合您的。独立居住，和好友同住，刻苦学习，充分放松，不管哪种生活方式这里都能找到您想要的类型。12兆宽带网，免费健身房等。','HAS_VACANCY', now(), now());
insert into dormitory (id, city_id, name, address, postcode, latitude, longitude, description, status, create_time, update_time) values (7,26,'The Printworks','Western Way','EX1 2AB',50.7230662,-3.5240525,'The Printerworks ，是一所位于艾克赛特中心，设计独特的全新学生宿舍。所有都是专门为您的学习生活打造。该宿舍由带个人卫浴，2-7人共用一个厨房的套间（En-suite ），混合带个人卫浴和厨房的套间(Studio)构成。专属的空间让您觉充分享受独立自由的生活，同时又不缺乏各种交流。凭借多样的房型，总有一款是适合您的。独立居住，和好友同住，刻苦学习，充分放松，不管哪种生活方式这里都能找到您想要的类型。','HAS_VACANCY', now(), now());
insert into dormitory (id, city_id, name, address, postcode, latitude, longitude, description, status, create_time, update_time) values (8,26,'Iron Bridge Studios','Lower Noth Street','EX4 3EU',50.7244295,-3.5358286,'Iron Bridge Studio ，是一所位于艾克赛特中心的一所时尚的代学生宿舍，距市中心步行距离范围之内。作为当地最好的学生宿舍之一，居住在此，您可以充分享受，其生活，学习，放松的优势。该宿舍由不同类型带独立卫浴和厨房的套间（studio）构成。专属的个人空间让您充分享受独立自由的生活。 不同类型的房间，可以满足一个独住或者两人居住的要求， 不管您是本科生，还是研究生海外学生这里都是您理想的选择。','HAS_VACANCY', now(), now());
insert into dormitory (id, city_id, name, address, postcode, latitude, longitude, description, status, create_time, update_time) values (9,6,'Bristol Street','74-94 Bristol Street','B5 7AH',51.4064369,-2.5584531,'Bristol Street House 2013年9月投入使用，是伯明翰最独特的学生宿舍。该宿舍提供不同种类带独立卫浴的套间（ En Suite）包括，standard rooms, deluxe ensuites, premier bathrooms and twin rooms 均提供现代家具。在共用的梦幻般的厨房，您可以会友，煮饭，和放松。 还能在Premier bathroom 享受泡澡。宽带网和公共活动室的无线网都包含在房租内，充足的公共区域，在这里您可以可以和朋友共享还可以认识来自世界各地的舍友。 在这里您不仅可以体验无限的居住体验，更重要的是让您的消费物有所值','HAS_VACANCY', now(), now());
insert into dormitory (id, city_id, name, address, postcode, latitude, longitude, description, status, create_time, update_time) values (10,42,'The Pad','71 Egham Hill, Egham','TW20 0ER',51.4296584,-0.5585949,'The Pad 是2013年9月投入适用的崭新学生宿舍。距大学只有步行大约2分钟，是Royal Holloway, 伦敦大学学生的理想选择。 该宿舍提供带独立卫浴的套间（En-suite），共用厨房，可以和朋友共享还可以认识来自世界各地的舍友。如果你喜欢独立生活，同时还提供带有独立厨房和卫浴的套间（Studio）。 ','HAS_VACANCY', now(), now());
insert into dormitory (id, city_id, name, address, postcode, latitude, longitude, description, status, create_time, update_time) values (11,12,'College Green','39-45 College Green','BS1 5SH',51.4525066,-2.5988866,'College Green 是布里斯托一所比较高档的学生宿舍。该宿舍由31个不同类型的带独立卫浴和厨房的套间（studios）和两室套间（2Bed Flat）构成。其中3个房间有自己独立的屋顶户外区，在此您可以充分享受阳光，还有3个one-bed student apartment。每一个房间都明亮，现代，其舒适程度绝对是您期望的顶级宿舍。不管是床铺，卫生间，还是配有电视的厨房都会使您的居住相当舒适。另外在这里您还能领略到布里斯托迷人的景色。','HAS_VACANCY', now(), now());
insert into dormitory (id, city_id, name, address, postcode, latitude, longitude, description, status, create_time, update_time) values (12,12,'Studios 58','4 Dighton Street','BS2 8AL',51.4605845,-2.5929038,'Studios 58 坐落于布里斯托中心的 Graffiti Street地区，可方便到达Banksy “Mild Mild West art work。附近的Gloucester Road 有各类商店，酒吧，餐馆等场所，方便您的生活。离大学最多步行15分钟，另外附近还有各类公共交通方便您的出行。该宿舍由99个不同种类独立卫浴和厨房的套间（studios）构成。其公共活动室配有51存宽屏电视，免费arcade Machine， 学习区，等，在这里您可以可以和朋友共享还可以认识来自世界各地的舍友。还设有洗衣房，自行车存放等，并有每周七天，每天24小时的保安值班来确保您的人身财务安全。 宽带网，财产保险，水电费也包含在房价内，因此您不必担心任何额外费用。','HAS_VACANCY', now(), now());
insert into dormitory (id, city_id, name, address, postcode, latitude, longitude, description, status, create_time, update_time) values (13,12,'King Square Studios','King Square','BS2 8EE',51.4617617,-2.5923005,'King Square studios 是一所地理位置优越的高品质学生宿舍。距布里斯托大学大约步行10分钟，另外在步行大约5分钟的公交车，站有去西英格兰和BIMM学院的公交车。 通过一石头小路步行几分钟便有超市，酒吧，餐馆，等场所方便您的生活。该宿舍由不同类型带卫独立卫浴和厨房的高品质套间（studios）构成。这里有各种设施来放松您的生活。例如有自己的电影室，游戏室，还有健身房等，是您理想的住宿，工作，娱乐，放松场所。所有studios 套间（不包含one bed flat 和 Double , Studios） 适用两人居住，每周只需额外支付百分之二十的房租。','HAS_VACANCY', now(), now());
insert into dormitory (id, city_id, name, address, postcode, latitude, longitude, description, status, create_time, update_time) values (14,12,'Holly Court','High Kingsdown, Clifton','BS2 8DQ',51.4618507,-2.6011225,'Holly Court 位于漂亮的充满活力的 St Michaels 山旁边的 Cliffton地区，附近有 各类商店，酒吧，餐馆等场所，方便您的生活。其对面就是布里斯托大学，您可以充分享受大学中心的生活，另外附近还有各类公共交通方便您的出行。该宿舍由31个不公不同类型的带独立卫浴和厨房的套间（studios）构成。其中3个房间拥有自己独立的屋顶户外区，在此您可以充分享受阳光，还有3个一室套间（one-bed student apartment）。该宿舍规模较小，为您提供舒适的环境和友好的氛围，是配偶, 研究生，大学员工和大三学生的理想选择。同时也欢迎其他阶段的同学预订。  ','HAS_VACANCY', now(), now());
insert into dormitory (id, city_id, name, address, postcode, latitude, longitude, description, status, create_time, update_time) values (15,42,'McMillan Student Village','Creek Road','SE8 3BU',51.4808213,-0.022343,'The Arcade地理位置优越，步行可到Green Village。附近有各类公交站，地铁站和轻轨站等方便您的出行。该宿舍由带个人卫生间和厨房的套间 (Studio)等构成, 并配有微波炉，电炉，冰箱冰柜，餐桌椅等。专属的空间让您觉充分享受独立自由的生活。凭借多样的房型，总有一款是适合您的。独立居住，和好友同住，刻苦学习，充分放松，不管哪种生活方式这里都能找到您想要的类型。是本科生，研究生以及国际学生的理想选择。','HAS_VACANCY', now(), now());
insert into dormitory (id, city_id, name, address, postcode, latitude, longitude, description, status, create_time, update_time) values (16,42,'Fulham Palace Studios','168-188 Fulham Palace Road','W6 9PA',51.4841845,-0.2197318,'Fulham Palace Studios位于Fulham Palace Road 位置优越。附近有商店，酒吧，餐馆等。更是帝国理工学生的完美选择，Charing Cross Hospital 就位于其正对面。该宿舍由带个人卫浴和厨房的豪华现代套间(Studo)等构成。专属的空间让您觉充分享受独立自由的生活，独立居住，和好友同住，刻苦学习，充分放松。舒适的双人床，较大的学习区和储物空间 是本科生，研究生以及国际学生的理想选择。 ','HAS_VACANCY', now(), now());
insert into dormitory (id, city_id, name, address, postcode, latitude, longitude, description, status, create_time, update_time) values (17,42,'Sidney Webb House','159 Great Dover Street','SE1 4WW',51.4970826,-0.0890363,'Sidney Webb House 靠近伦敦中心，是本科生，研究生，以及国际学生的理想选择。该宿舍由446个房间构成。在在此您既可以和朋友共享，又能结识新朋友。包含所有账单，不必担心额外费用。部分房间提供暑期住宿。注意：要预订该宿舍必须是伦敦政治经济学院（LSE）的学生。','HAS_VACANCY', now(), now());
insert into dormitory (id, city_id, name, address, postcode, latitude, longitude, description, status, create_time, update_time) values (18,42,'The Curve','14 Fieldgate Street','E1 1ES',51.5168822,-0.0643927,'The Curve地理位置优越，附近有各类公共交通方便您的出行。管理团队随时解决您的任何问题，为您提供安全的环境，确保您的住宿舒适，安心。该宿舍由带个人卫生间共用厨房的豪华现代套间(En-suite ),混合带个人卫生间和厨房的套间(Studio)等构成。专属的空间让您觉充分享受独立自由的生活，同时又不缺乏各种交流。凭借多样的房型，总有一款是适合您的。独立居住，和好友同住，刻苦学习，充分放松，不管哪种生活方式这里都能找到您想要的类型。是本科生，研究生以及国际学生的理想选择。公共活动区提供高速宽带，WiFi。 ','HAS_VACANCY', now(), now());
insert into dormitory (id, city_id, name, address, postcode, latitude, longitude, description, status, create_time, update_time) values (19,42,'Tufnell Park','Huddleston Road','N7 0EG',51.556421,-0.1333773,'Tufnell  Park地理位置优越，可方便到达多个大学。旁边就是商店，酒吧，小吃店等。该宿舍由带个人卫生间共用厨房的豪华现代套间(En-suite ),混合带个人卫生间和厨房的套间(Studio)等构成。专属的空间让您觉充分享受独立自由的生活，同时又不缺乏各种交流。凭借多样的房型，总有一款是适合您的。独立居住，和好友同住，刻苦学习，充分放松，不管哪种生活方式这里都能找到您想要的类型。是本科生，研究生以及国际学生的理想选择。','HAS_VACANCY', now(), now());
insert into dormitory (id, city_id, name, address, postcode, latitude, longitude, description, status, create_time, update_time) values (20,42,'The Arcade','385-401 Holloway Road','N7 0RY',51.5572965,-0.1192171,'The Arcade地理位置优越，可方便到达多个大学。离位于二区Piccadilly 地铁线上的Hollyway站大约步行8分钟。该宿舍由带个人卫生间共用厨房的豪华现代高品质套间（En-suit）构成。可以和朋友共享还能认识来自世界各地的舍友。The Arcade提供安全，舒适住宿，其管理团队随时为您服务。每周164镑起，使其物超所值。是本科生，研究生以及国际学生的理想选择。','HAS_VACANCY', now(), now());
insert into dormitory (id, city_id, name, address, postcode, latitude, longitude, description, status, create_time, update_time) values (21,52,'Slade Park','Horspath Driftway, Headington','OX3 7FJ',51.7429823,-1.1992755,'Slade Park s是位于牛津Headingtong 的一所高档学生宿舍。该宿舍提供带独立卫浴的套间（ En Suite）4,5或6人共用厨房和带独立厨房和卫浴的套间（Studio）。使其成为本科生，研究生以及海外学生的理想选择。该宿舍提供配置现代厨房，设施齐全。 如果您喜欢更多的私人空间，请选择时尚Studio ,自带设施齐全的厨房。请注意，牛津布鲁克斯的学生不需要提供担保人','HAS_VACANCY', now(), now());
insert into dormitory (id, city_id, name, address, postcode, latitude, longitude, description, status, create_time, update_time) values (22,104,'Curzon Point','46 The Common','AL10 0LU',51.7626288,-0.2311144,'Curzon Point 是Hertfordshire 大学学生的完美选择。  该宿舍由126个不同类型带独立卫浴和厨房的套间（studio）和不同类型带独立卫浴，共用卫生间的套间（Ensuite）构成。专属的个人空间让您充分享受独立自由的生活。在这里还可以可以和朋友共享以及以认识来自世界各地的舍友。','HAS_VACANCY', now(), now());
insert into dormitory (id, city_id, name, address, postcode, latitude, longitude, description, status, create_time, update_time) values (23,14,'Purbeck House','Purbeck Street','CB2 8HY',52.1874809,0.1350169,'Purbeck House 由151个不同种类带独立卫浴和个人厨房的套间（studios）构成。所有融合精美的内饰，现代家居，使其非常舒适于居住。包含设施齐全的厨房，豪华浴室和舒适的双人床。是所有研究生本科生在剑桥的理想居所。部分房间还设有阳台，使您尽览剑桥的全景。','HAS_VACANCY', now(), now());
insert into dormitory (id, city_id, name, address, postcode, latitude, longitude, description, status, create_time, update_time) values (24,6,'Opal 1 Birmingham','1 Belgrave Middleway','B5 7AJ',52.4666159,-1.9009224,'Opal 1 地理位置优越，可以方便到到市中心和大学。  该宿舍提供不同种类自带独立卫浴的套间（ En-suit）。包括，Standard ， Standard Plus, Deluxe, 和 Super En-suite。均提供现代家具。在共用厨房您可以可以和朋友共享还可以认识来自世界各地的舍友。所有的房间带全套高品质家具，还提供健身房和游泳池（额外收费）。其公共活动室，提供无线网，宽屏电视等，在这里您既可以学习也可以会见朋友等。','HAS_VACANCY', now(), now());
insert into dormitory (id, city_id, name, address, postcode, latitude, longitude, description, status, create_time, update_time) values (25,6,'Greenfield Crescent','14-15 Greenfield Crescent, Edgbaston','B15 3AU',52.4698653,-1.9219846,'Greenfield Crescent 是伯明翰最独特的学生宿舍之一。这座由三十个房间构成的时尚典雅的建筑，其完美的设计初衷源自于英国和国际学生。该宿舍提供不同种类共用卫浴的房间和自带卫浴的套间，包括standard rooms, deluxe En-suites。在共用的梦幻般的厨房，您可以会友，煮饭，和放松。如果你喜欢独立生活，同时提供带有独立厨房和卫浴的套间（ studios）。宽带网和公共活动室的无线网都包含在房租内，充足的公共区域，在这里您可以可以和朋友共享还可以认识来自世界各地的舍友。 在这里您不仅可以体验无限的居住体验，更重要的是让您的消费物有所值。','HAS_VACANCY', now(), now());
insert into dormitory (id, city_id, name, address, postcode, latitude, longitude, description, status, create_time, update_time) values (26,6,'Jennens Court','250 Jennens Road','B5 5JR',52.4825618,-1.8882085,'Jennens court 地处伯明翰中心。该宿舍提供不同种类带独立卫浴的套间（ En-Suite）。包括，En-suite 和 Deluxe Ensuite。3-6人共用一个厨房，可以和朋友共享还可以认识来自世界各地的舍友。如果你喜欢独立生活，同时提供带有独立厨房和卫浴的套间（ studios）。  在这里您不仅可以体验无限的居住体验，更重要的是让您的消费物有所值。','HAS_VACANCY', now(), now());
insert into dormitory (id, city_id, name, address, postcode, latitude, longitude, description, status, create_time, update_time) values (27,70,'Fiveways Hall','North Road','WV1 1HS',52.5853486,-2.1000388,'Fiveways Hall, 是伍尔弗汉普顿较早的一家学生宿舍。 该宿舍的带个人卫浴的套间（En Suite），设施齐全，4或5人共用一个设施齐全的现代化厨房。提供座椅，等区域。是本科生，研究生和国际学生的理想选择。当下，Fiveways 正在重新翻修房间和打造公共活动室，和公共室外活动场所。包含室外座椅，烧烤区等，在此您可以充分放松和社交。今年预订Five ways Hall，你将会享受到全新的住宿感觉。展示房在3月份已经对外开放，展示房间和厨房。1镑预订费，剩余的249镑在5月9日之前支付，4月25日截止。','HAS_VACANCY', now(), now());
insert into dormitory (id, city_id, name, address, postcode, latitude, longitude, description, status, create_time, update_time) values (28,39,'Grosvenor House','21-23 Newarke Street','LE1 5SP',52.6319155,-1.1372042,'Grosvenor House 是一座位于莱斯特中心的现代学生宿舍，2014年夏天新装修。附近有各类酒吧，餐馆，商店，健身房等场所。步行可到达Montford大学校区，方便您的学习和社交。该宿舍由带独立卫浴共用厨房的套间（En-suite），混合带独立卫浴和厨房的套间(Studio)等构成。其一室套间（1Bed Flat） 适用两人居住，每周只需要多付20镑。专属的空间让您觉充分享受独立自由的生活，同时又不缺乏各种交流。凭借多样的房型，总有一款是适合您的。独立居住，和好友同住，刻苦学习，充分放松，不管哪种生活方式这里都能找到您想要的类型。','HAS_VACANCY', now(), now());
insert into dormitory (id, city_id, name, address, postcode, latitude, longitude, description, status, create_time, update_time) values (29,43,'The Cube','Kristian Trend, Ashby Road','LE11 4EX',52.7679297,-1.2351383,'The Cube 是位于拉夫堡运河傍边的一所时尚现代学生宿舍。该宿舍由带个人卫生间共用厨房的豪华现代套间(En-suite)。3,4，5  或者6共用一个厨房，混合带个人卫生间和厨房的套间(Studio)等构成。专属的空间让您觉充分享受独立自由的生活，同时又不缺乏各种交流。凭借多样的房型，总有一款是适合您的。所有的房间带有3/4小双人床（120x190cm）或者双人床（135X190cm） 和充足的学习空间 每一个Flat施舍齐全，提供设施齐全的共用。另外还配有沙发32寸带有Freeview和天空体育台的电视，都包含电视许可证。','HAS_VACANCY', now(), now());
insert into dormitory (id, city_id, name, address, postcode, latitude, longitude, description, status, create_time, update_time) values (30,43,'Waterways','Derby Road,','LE11 5AP',52.7826725,-1.2280069,'The Waterways 是位于拉夫堡运河傍边的一所时尚现代学生宿舍。该宿舍由带个人卫生间共用厨房的豪华现代套间*En-suite），3,5  或者6人共用一个厨房，不管生本科生，研究生还是国际学生，这里都是您理想的选择。每一个Flat施舍齐全，提供公共厨房，包含所用用具，洗碗机等。另外还配有沙发32寸带有Freeview和天空体育台的电视，都包含电视许可证。','HAS_VACANCY', now(), now());
insert into dormitory (id, city_id, name, address, postcode, latitude, longitude, description, status, create_time, update_time) values (31,51,'Talbot Studios','116-120 Talbot Street','NG1 5GL',52.9562032,-1.1582333,'Talbot Studios 是诺丁汉最新的一所高级学生宿舍。提供不同档次的时尚，现代房间。 每一个房间都带有自己的厨房，3/4小双人床（120X190cm）, 宽敞学习区，漂亮设计的套间。 房租包含所有的账单，您不需要要支付额外电费，水费，异界告诉宽带。更大套间，适用两人居住，如果一个人可以享用更大的学习，工作空间。','HAS_VACANCY', now(), now());
insert into dormitory (id, city_id, name, address, postcode, latitude, longitude, description, status, create_time, update_time) values (32,51,'Russell View','70 Russell Street','NG7 4FL',52.9585332,-1.1628595,'Russell View 是位于诺丁汉中心的一所全新设计学生宿舍。该宿舍提供带独立卫浴和共用厨房的套间（En Suite）和带独立厨房和卫浴的套间（Studio）。使其成为本科生，研究生以及海外学生的理想选择。每一个房间实施方便，有足够大的储物，学习和生活空间。套间共用厨房，设施齐全，配有宽频电视，沙发。如果您寻求更大的空间，带厨房和卫生间的套间使您理想的选择。','HAS_VACANCY', now(), now());
insert into dormitory (id, city_id, name, address, postcode, latitude, longitude, description, status, create_time, update_time) values (33,60,'Park Student Village','Norfolk Park Road','S2 2UA',53.3723443,-1.4512729,'Park Student Village 是位于谢菲尔德的最最受欢迎的学生宿舍之一。如果厌倦了传统的学生宿舍又不想失去社区的感觉，这里是您的最佳选择。该宿舍有超过一百个，4，5 和6人间房子构成，8英亩草坪。 如果您喜欢更独立的生活环境，在Park Student Village 您还可以拥有自己独立的房子。在此还提供24小时宿舍维护和安保服务。 另外设有一个洗衣房，两个新近装修的公共活动室，游戏房，配有台球，和50寸带天空高清的电视，以及在其电影室有一12英尺投影仪，提供蓝光放映设备，异界高质量印象，填补您的业余生活，并充分放松。包含所有账单，宽带网，财产保险，不必担心额外费用。 同时有24小时麦当劳和24小时健身房就在旁边。','HAS_VACANCY', now(), now());
insert into dormitory (id, city_id, name, address, postcode, latitude, longitude, description, status, create_time, update_time) values (34,41,'Lee Court @ Prescot Street','Prescot Street','L7 8UL',53.4079556,-2.7557586,'Lee Court @ Perscot Street, 距利物浦的主要大学仅超过1英里，是本科生，研究生以及国际学生的理想选择。 傍边有商店，酒吧，小吃店，超市等就一街之隔。该宿舍由带个人卫浴共用厨房的豪华现代套间（En-suite ），混合带个人卫浴和厨房的套间(Studidos)等构成。每个房间提供大尺寸床，和较大空间。所有的共用和私人厨房还提供带Free View 的电视，均报包含电视许可证，因此不用担心额外支出。专属的空间让您觉充分享受独立自由的生活，同时又不缺乏各种交流。凭借多样的房型，总有一款是适合您的。独立居住，和好友同住，刻苦学习，充分放松，不管哪种生活方式这里都能找到您想要的类型。','HAS_VACANCY', now(), now());
insert into dormitory (id, city_id, name, address, postcode, latitude, longitude, description, status, create_time, update_time) values (35,41,'Great Newton Hall','Lower Gill Stree','L3 5BA',53.4086118,-2.9712152,'Great New ton Hall距利物浦的主要大学在步行范围之内。其附近有各种场所来丰富您的居住生活， 包含室内游泳池，按摩浴缸，蒸汽于是，桑拿于是，健身房，更衣室等。都只需要短途步行。这里使您生活，放松，社交的完美场所。该宿舍由带个人卫浴共用厨房的豪华现代套间（En-suite ），混合带个人卫浴和厨房的套间(Studidos)等构成。专属的空间让您觉充分享受独立自由的生活，同时又不缺乏各种交流。凭借多样的房型，总有一款是适合您的。独立居住，和好友同住，刻苦学习，充分放松，不管哪种生活方式这里都能找到您想要的类型。','HAS_VACANCY', now(), now());
insert into dormitory (id, city_id, name, address, postcode, latitude, longitude, description, status, create_time, update_time) values (36,41,'Liverpool Court','223 London Road','L3 8JD',53.4107922,-2.9680723,'Liverpool Court, 离利物浦的主要大学在步行距离之内。其附近有各种场所来丰富您的居住生活， 包含室内游泳池，按摩浴缸，蒸汽于是，桑拿于是，健身房，更衣室等。都只需要短途步行。这里使您生活，放松，社交的完美场所。该宿舍由带个人卫浴和共用厨房的豪华现代高品质套间（En-suit）构成。可以和朋友共享或者可以认识来自世界各地的舍友。','HAS_VACANCY', now(), now());
insert into dormitory (id, city_id, name, address, postcode, latitude, longitude, description, status, create_time, update_time) values (37,45,'Ladybarn House','2 Moseley Road, Fallowfield','M14 6ND ',53.4422567,-2.2182389,'Ladybarn House 位于Fallowfield 中心，离曼彻斯特大学只需要很短的距离，是一所新近装修的提供多种带独立卫生间的豪华套间（En-Suite）和带独立卫浴和厨房的套间（Studio）的现代学生宿舍。为您提供安静舒适的社交环境。Ladybarn House 是本科生，研究生，以及海外学生的理想选择。靠近曼彻斯特大学和曼彻斯特城市大学。附近有给类酒吧，餐馆，小吃店，方便您的住宿生活。','HAS_VACANCY', now(), now());
insert into dormitory (id, city_id, name, address, postcode, latitude, longitude, description, status, create_time, update_time) values (38,45,'Ropemaker Court','500 Moss Lane East','M14 4PL',53.4579684,-2.2323733,'Ropemaker Court 是曼彻斯特最新的学生宿舍，时尚现代的卧室，卫生间和厨房。 附近有各类商店，酒吧，小餐馆等，大约步行10分钟便是曼彻斯特大学和曼彻斯特城市大学。 不管是本科生还是研究生，国际学生，这里都有是您离线购得选择。在著名的“Curry Mile”的底端，大约离Whitworth gallery 步行5分钟。','HAS_VACANCY', now(), now());
insert into dormitory (id, city_id, name, address, postcode, latitude, longitude, description, status, create_time, update_time) values (39,45,'Lambert Fairfield','Granby Row','M60 7LH',53.4756397,-2.2342506,'Lambert and Fairfield 是曼彻斯特位置最好的一所学生宿舍之一。所有的房间 都带独立卫生间，是本科生，研究生已经国际学生的理想选择。我们非常荣欣的通告大家，2014-15将会重新翻修我们的公共区域和flat。我们的套间将会提供3/4小双人床（120c190cm）全新家具和装修。我们的厨房将会全新设施，木地板，和早餐台，海公公32寸宽屏电视。 特别是公共区域将会提供游戏区，打印设施，健身设施完全完全免费。地理位置及其优越，离曼彻斯特主要火车站Piccadilly 火车站步行大约2分钟。曼彻斯特大学和曼彻斯特城市大学分别大约步行15分钟。无线宽带网贯穿整栋建筑楼，并提供洗衣房。1镑预定费，剩余的249镑在5月9日之前支付。','HAS_VACANCY', now(), now());
insert into dormitory (id, city_id, name, address, postcode, latitude, longitude, description, status, create_time, update_time) values (40,31,'Aspley Hall','Firth Street','HD1 3BY',53.6416064,-1.7772411,'Aspley Hall 位于哈德斯菲尔德中心，靠近哈德斯菲尔德大学 Queensgate 校区。该宿舍由带个人卫浴，共用厨房的套间（En-suite）， 混合带个人卫浴和厨房的套间(Studio)构成。专属的空间让您觉充分享受独立自由的生活，同时又不缺乏各种交流。凭借多样的房型，总有一款是适合您的。独立居住，和好友同住，刻苦学习，充分放松，不管哪种生活方式这里都能找到您想要的房型','HAS_VACANCY', now(), now());
insert into dormitory (id, city_id, name, address, postcode, latitude, longitude, description, status, create_time, update_time) values (41,57,'Leighton Hall','Leighton Street','PR1 8RH',53.7615137,-2.7101464,'Leighton Hall 是位于普雷斯顿的一所物优价廉的学生宿舍。提供独立风格自带厨房和卫生间的套间（ Studio），和时尚带独立卫生间，共用厨房的套间(Ensuite)。 靠近主要大学（中央兰开夏大学）中心建筑，以及普雷斯顿中心。被大学认可的Leighton Hall同时提供24小时电视监控，和电子门禁系统来保障您的安全。所有账单包含在内，无额外费用。是本科生，研究生，以及国际学生的理想选择。1镑预定金，剩余249镑在4月24日之前支付。','HAS_VACANCY', now(), now());
insert into dormitory (id, city_id, name, address, postcode, latitude, longitude, description, status, create_time, update_time) values (42,9,'Foster Hall','135 Great Horton Road','BD7 1QG',53.7887074,-1.7699221,'Foster Hall 被授予“Student  Safe Spot” ，通过布拉德福德大学，学院学生会，布拉德福德政府和西约克郡警察局。该宿舍提供不同种类带独立卫浴的套间（En-Suite）。包括 En-suite, En-suite Plus, Medium En-suite, Large 和Large Plus En-suite。共用厨房，可以和朋友共享或还以认识来自世界各地的舍友。如果你喜欢独立生活，同时提供带有独立厨房和卫浴的套间（studio） 。 提供短租','HAS_VACANCY', now(), now());
insert into dormitory (id, city_id, name, address, postcode, latitude, longitude, description, status, create_time, update_time) values (43,9,'Arkwright Hall','Tumbling Hill Street','BD7 1DD',53.7923353,-1.7642315,'Arkwright Hall 地理位置优越，紧挨布拉德福德大学和市中心。该宿舍提供不同种类带独立卫浴的套间（ En-Suite），共用厨房，可以和朋友共享还可以认识来自世界各地的舍友。如果你喜欢独立生活，同时提供带有独立厨房和卫浴的套间（studio） 。 提供20周短租。','HAS_VACANCY', now(), now());
insert into dormitory (id, city_id, name, address, postcode, latitude, longitude, description, status, create_time, update_time) values (44,38,'The Priory Leeds','Springfield Mount','LS2 9NG',53.8050225,-1.5589262,'The Priory 是利兹屈指一数的学生宿舍，在一座2级历史建筑之内，是历史与现代的完美融合。其坐落于利兹大学主校区，是任何本科生，研究生以及国际学生的理想选择。离利兹大学步行2分钟之内。该宿舍由带个人卫浴共用厨房的套间（En-suite）， 混合带个人卫浴和厨房的套间(Studio)构成。专属的空间让您觉充分享受独立自由的生活，同时又不缺乏各种交流。凭借多样的房型，总有一款是适合您的。独立居住，和好友同住，刻苦学习，充分放松，不管哪种生活方式这里都能找到您想要的类型。在其大厅里有两个公共活动室，配有Wi-Fi, Sky TV, 等设施。在此您可充分放松以及社交等。','HAS_VACANCY', now(), now());
insert into dormitory (id, city_id, name, address, postcode, latitude, longitude, description, status, create_time, update_time) values (45,24,'Elvet Studios','Green Lane','DH1 3UA',54.7738802,-1.5647951,'Elvet Studios, 是位于杜伦2013年9月投入使用的崭新豪华宿舍。 离杜伦大学，Ustinov 学院以及市中心均需要步行几分钟，视野较好，能看到大学，河岸，跑马场等。 通过一条石头路便是杜伦大学的经济，金融和商务，社会学，运动和哲学系，以及大学的划船俱乐部和板球场。 距Bill Bryson 图书馆和新Palatine 中心大约步行10分钟。  该宿舍由112个不同种类自带卫浴和个人厨房的豪华套间（studios）构成，给您提供独立的生活环境。在其公共活动区，您可以可以和朋友共享还可以认识来自世界各地的舍友。','HAS_VACANCY', now(), now());
insert into dormitory (id, city_id, name, address, postcode, latitude, longitude, description, status, create_time, update_time) values (46,24,'St Margaret’s Flats','St Margarets Garth','DH1 4DS',54.7758653,-1.5841512,'St Margaret’s Flat 是位于杜伦新近装修的高规格的学生宿舍，离市中心大约一公里。该宿舍由22个带独立卫浴共用和厨房的5人套间（En Suite）构成。可以和朋友共享还可以认识来自世界各地的舍友。 每个房间提供小双人（3/4  120x190cm）, 大学习桌，台灯， 衣橱，等。 最多5共用一个厨房， 提供自行车库等设施。1镑预定订，剩余99镑在2014年4月之前支付。','HAS_VACANCY', now(), now());
insert into dormitory (id, city_id, name, address, postcode, latitude, longitude, description, status, create_time, update_time) values (47,29,'Gallery Apartments','2 Port Dundas Place','G2 3LD',55.8652908,-4.2532336,'Gallery Apartment 是位于格拉斯哥中心的豪华，高标准现代化学生宿舍。地理位置优越，距格拉斯哥Caledonian 大学大约步行3分钟，格拉斯哥艺术学院大约10分钟。步行或者地铁也可方便到达其他大学。该宿舍由126个不同类型的带独立卫浴和厨房的套间（studio）和7个2两室公寓（two bed Apartment）构成。专属的个人空间让您充分享受独立自由的生活。 不同类型的房间，可以满足一个独住或者两人居住的要求， 不管您是本科生，还是研究生海外学生这里都是您理想的选择。','HAS_VACANCY', now(), now());
insert into dormitory (id, city_id, name, address, postcode, latitude, longitude, description, status, create_time, update_time) values (48,29,'The Ballet School','261 West Princes Street','G4 9EE',55.8717363,-4.2745327,'The Ballet School 靠近格拉斯哥大学，离主校区和Kelvinbridge SBT 大约步行5分钟。2013年投入使用，适合于喜欢大房间的同学。同时靠近格拉斯西，附近有各种商店，餐馆，小吃店，酒吧等，离市中心只有几分钟的距离。该宿舍由不同类型带独立卫浴和厨房的套间（studio）构成。专属的个人空间让您充分享受独立自由的生活。 不同类型的房间，可以满足一个独住或者两人居住的要求。带有庭院，由两个现代建筑组成。','HAS_VACANCY', now(), now());
insert into dormitory (id, city_id, name, address, postcode, latitude, longitude, description, status, create_time, update_time) values (49,25,'Sugarhouse Close','Sugarhouse Close','EH8 8JR',55.950044,-3.1809814,'Sugarhouse Close 位于是一所位于爱丁堡中心的全新豪华学生宿舍。附近有酒吧，餐馆，商店等场所。该宿舍提供带有独立卫浴的套间（En-Suite），共用厨房，可以和朋友共享还可以认识来自世界各地的舍友。如果你喜欢独立生活，同时提供带有独立厨房和卫浴的套间（Studio）。 在其公共活区域您还可以和朋友一起放松，分享学习生活经验等。预订需要支付1镑预订费，剩余的249镑在2014年4月之前支付。','HAS_VACANCY', now(), now());
insert into dormitory (id, city_id, name, address, postcode, latitude, longitude, description, status, create_time, update_time) values (50,25,'Telford College Residences','348 West Granton Road','EH5 1QE',55.9799684,-3.2173652,'Edinburgh College Residences 紧挨Telford College。该宿舍由带独立卫浴5人共用一个厨房的套间（En-suite）混合带个人卫浴和厨房的套间(Studio）构成。是本科生研究生以及国际学生的理想选择。其公共活动室配有沙发， 宽屏电视，等设计。在此您可以会朋友，放松等。也不需要担心换灯泡等问题，维修团队会帮您解决。','HAS_VACANCY', now(), now());
insert into dormitory (id, city_id, name, address, postcode, latitude, longitude, description, status, create_time, update_time) values (51,23,'The Hub','17-25 Hawkhill','DD1 5DL',56.4600561,-2.9812175,'The Hub位于邓迪中心是一所适合任何阶段学生的时尚宿舍， 离邓迪大学步行大约5分钟，旁边还有餐馆，商店，酒吧，超市等场所，方便您的生活。该宿舍提供各种类型带有独立卫浴的套间（ En- Suite），4-5人共用一个厨房，可以和朋友共享还可以认识来自世界各地的舍友。公共活动室配备电视等实施，是您学习，会友，放松等的理想场所。','HAS_VACANCY', now(), now());
insert into dormitory (id, city_id, name, address, postcode, latitude, longitude, description, status, create_time, update_time) values (52,23,'Parker Street','Parker Street','DD1 5RW',56.4640525,-2.9787195,'Parker Street是邓迪的一所时尚学生宿舍。距Abertay 大学和邓迪大学以及市中心步行分别大约5分钟。离邓迪学院乘公车大约15分钟同时乘车大约25分钟即可抵达圣安德鲁大学。该宿舍提供各种类型带有独立卫浴的套间（En-Suite），共用厨房，可以和朋友共享还可以认识来自世界各地的舍友。如果你喜欢独立生活，同时提供带有独立厨房和卫浴的套间（Studios）。 ','HAS_VACANCY', now(), now());
insert into dormitory (id, city_id, name, address, postcode, latitude, longitude, description, status, create_time, update_time) values (53,29,'Clearmont House','20 N Claremont Street','G3 7LE',55.8664925,-4.2802027,'Clearmont House格拉斯哥2014投入使用的全新学生宿舍。位于Kelvingrove Park 地区，距格拉斯哥大学，Sport Club，学生会，以及格拉斯哥艺术学院只需要步行大约12分钟。同时靠近格拉斯西，附近有各种商店，餐馆，小吃店，酒吧等离市中心只有几分钟的距离。天晴晴朗的时候您还可以附近的Kelvingrove 公园，学习和享受这里的新鲜空气。该宿舍由不同类型带独立卫浴和厨房的套间（studio）构成。专属的个人空间让您充分享受独立自由的生活。 在其公共活动室还有安静学习间，在这里您可以和朋友一起学习。无处不在的wifi您可以使用笔记本，ipad等。 ','HAS_VACANCY', now(), now());
insert into dormitory (id, city_id, name, address, postcode, latitude, longitude, description, status, create_time, update_time) values (54,81,'London House','85 London Road, High Wycombe','HP11 1BN ',51.6262947,-0.7388261,'London House 靠近 High Wycombe中心 和 Buckingham New 大学，是 2013年投入使用的全新学生宿舍。距市中心和大学校区大约步行15分钟，坐落于Rye 公园湖对面。离市中心只有几分钟的距离。天晴晴朗的时候您还可以在对面的Kelvingrove 公园学习和享受这里的新鲜空气。该宿舍由不同类型带独立卫浴的套间（En-suite）和4-8人共用厨房的套间构成。可以和朋友共享还可以认识来自世界各地的舍友。','HAS_VACANCY', now(), now());
insert into dormitory (id, city_id, name, address, postcode, latitude, longitude, description, status, create_time, update_time) values (55,44,'Hatbox','Castle Street','LU1 3AG',51.8754271,-0.4155605,'我们非常荣幸向您介绍在Luton最新的宿舍指之一Hatbox,地理位置优越，靠近Bedfordshire大学，附近有给类商店，酒吧等该宿舍至提供最好标准的房间，基于对学习压力的理解，我们提供全职宿舍管理团队。为您提供给随时服务。同时还提供给类公共区域设施，包含健身房，影院，学习区。 无线网贯穿整栋建筑，欢迎预约看房。','HAS_VACANCY', now(), now());
insert into dormitory (id, city_id, name, address, postcode, latitude, longitude, description, status, create_time, update_time) values (56,44,'London Park House','Park Street','LU1 3EZ',51.8755091,-0.4089768,'London Park House 靠近Luton 中心，傍边便是Bedfordshire 大学。London Park House 是一所现代，特别为学生打造2014年9月份投入使用的全新宿舍。该宿舍提供高标准住宿。基于对您学习压力的理解，我们提供全职宿舍管理团队，为您提供给随时服务。能够在Luton中心提供这样一个社区，我们感觉非常荣幸。欢迎咨询并预约 看房。每一个Flat施舍齐全，提供设施齐全的厨房。另外还配有沙发，32寸带有Freeview和天空体育台的电视，都包含电视许可证。','HAS_VACANCY', now(), now());
insert into dormitory (id, city_id, name, address, postcode, latitude, longitude, description, status, create_time, update_time) values (57,52,'Dorset House','London Road,  Headington','OX3 7FT',51.7721343,-1.2105434,'Dorset House 是牛津最新最新并位置俱佳的学生宿舍。该宿舍提供带独立卫浴的套间（ En suite）4,5或6人共用厨房和带d独立厨房和卫浴的套间（Studio）使其成为本科生，研究生以及海外学生的理想选择。该宿舍地理位置极佳，离牛津布鲁克斯主校区大约步行5分钟。请注意，牛津布鲁克斯的学生不需要提供担保人','HAS_VACANCY', now(), now());
insert into dormitory (id, city_id, name, address, postcode, latitude, longitude, description, status, create_time, update_time) values (58,102,'The Sidings','Station Road, Penryn','TR10 8HF',50.1711604,-5.1112863,'The Sidings 是Penryn的一所高质量的学生宿舍。提供独立风格的自带厨房和卫浴的套间（ Studio），和时尚带独立卫生间，共用厨房的套间( En Suite)。 大部分套间6或7个人共用一个厨房，在其公共区配有沙发，电视等设施，在您做饭的同时，还能充分放松和社交。Studio 的厨房以和卫生间设施齐全。物超所值的选择是本科生，研究生已经国际学生的理想选择。','HAS_VACANCY', now(), now());
insert into dormitory (id, city_id, name, address, postcode, latitude, longitude, description, status, create_time, update_time) values (59,9,'Sunbridge Halls','178 Sunbridge Road','BD1 2HF',53.7974032,-1.7663433,'Sunbridge Halls是布拉德福德2014年最新开放的学生公寓，距离大学和市中心都很近。所有房间均为Studio式，含有独立卫浴和厨房。您可以在这里尽享私人空间。我们的每间Studio都经过了精心设计，拥有42寸平板电视（含TV Licence）、10Mbps宽带和Wifi、极致舒适的泰普尔床垫、运动感应灯光、完备的卫浴和厨房设施、沙发与书桌座椅、以及24小时安保和电子门禁系统。一切就绪，就等着您来入住了。','HAS_VACANCY', now(), now());
insert into dormitory (id, city_id, name, address, postcode, latitude, longitude, description, status, create_time, update_time) values (60,48,'Portland Green','Stoddart Street, Shieldfield','NE2 1AW',54.9766494,-1.5983081,'Portland Green是Newcastle最新的学生公寓。所有房间都提供现代化家居，包括3/4床、独立卫浴、20Mb超高速宽带和Wifi。内部装潢很时尚。这里交通便利，距离Northumbria University城市校区仅仅几分钟的步行路程，也有便利的公交线路通往University of Newcastle。公寓提供的自行车存放处也提供了额外的选择。','HAS_VACANCY', now(), now());
insert into dormitory (id, city_id, name, address, postcode, latitude, longitude, description, status, create_time, update_time) values (61,31,'Ashenhurst Houses','Athene Drive, Newsome','HD4 6QN',53.6341948,-1.7710504,'Ashenhurst Houses是哈德斯菲尔德大学官方认证并推荐的两个学生公寓之一（另一个是Storthes Hall Park）。它距离大学约1.2英里。我们可最多容纳280名学生居住，有两种房型供您选择。所有套间都配备了齐全的家居设施。每个套间包含六至八个单人卧室，大家共享卫浴设施和一个现代化厨房兼客厅。我们还有专门的洗衣房和露天野餐区域。我们还为您提供免费的物品保险。如果您想要寻找一处安静而舒适的宿舍居住的话，那么这里将会是很好的选择。','HAS_VACANCY', now(), now());
insert into dormitory (id, city_id, name, address, postcode, latitude, longitude, description, status, create_time, update_time) values (62,31,'Storthes Hall Park Student Village','Storthes Hall Lane, Kirkburton','HD8 0WA',53.6167163,-1.7157474,'Storthes Hall Park可容纳大约一千三百名学生居住，是整个英国最大的学生村之一，也是哈德斯菲尔德大学官方认证并推荐的两个学生公寓之一（另一个是Ashenhurst Houses）。它距离大学约4.5英里，有免费班车连接公寓与学校和市中心。公寓本身就是一个大公园，环境优美而且十分安静，很适合想要拜托喧嚣的困扰而沉下心来努力读书的同学。我们提供多种房型。所有的房型都包括独立卫浴。我们还为您配备了现代化的厨房和会客厅，由每六至八人分享。此外，我们建设了健身房、娱乐中心和Mini超市等设施来方便您的生活。我们还提供免费的物品保险、24小时安保和CCTV监控系统，让您可以不必担心安全问题。','HAS_VACANCY', now(), now());
insert into dormitory (id, city_id, name, address, postcode, latitude, longitude, description, status, create_time, update_time) values (63,45,'Weston Court','45-47 Cromwell Range, Fallowfield','M14 6HH',53.4479569,-2.217425,'Weston Court是曼彻斯特最舒适的学生公寓之一。租期分为48周和44周。这里位于曼城最受学生欢迎的地区之一，每个房间都提供了一张3/4大床，足够的储物空间。2-4人共享一体式的厨房和会客厅，包括电视和沙发供你使用。','HAS_VACANCY', now(), now());
insert into dormitory (id, city_id, name, address, postcode, latitude, longitude, description, status, create_time, update_time) values (64,45,'Beechwood House & Gardens','9-11 Ladybarn Lane, Fallowfield','M14 6NQ',53.4408913,-2.2142501,'Beechwood位于安静的Fallowfield地区，特别适合研究生入住。这里提供了55个房间，有48周和44周两种租期。所有房间都提供了3/4大床等全套家具。每2-4人共享一体式的厨房和会客厅，包括我们提供的沙发和电视。我们还为特别您准备了洗衣机和干衣机。','HAS_VACANCY', now(), now());
insert into dormitory (id, city_id, name, address, postcode, latitude, longitude, description, status, create_time, update_time) values (65,60,'The Pinnacles','83 Broad Street','S2 5TL',53.383614,-1.4574276,'The Pinnacles是谢菲尔德最好的学生公寓之一。这里地理位置优越，只需步行就可以走到谢菲尔德哈勒姆大学。而乘坐电车也只需10分钟即可到达谢菲尔德大学。我们为您提供二至五人套间和Studio。所有住户都可以享用独立卫浴。我们还为您准备了现代化的厨房设施、20Mb的超高速宽带和Wifi来满足您的需要。另外我们的公共休息室安装了投影设施，您不妨在课余之时同您的小伙伴一起来这里放松。我们甚至还有台球桌和乒乓球桌供您使用。此外我们还为您贴心安装了取款机，让您在需要的时候不用东奔西跑。24小时安保和CCTV监控系统让你不必为安全问题而担心。','HAS_VACANCY', now(), now());
insert into dormitory (id, city_id, name, address, postcode, latitude, longitude, description, status, create_time, update_time) values (66,9,'Appleton Point','1 Hamm Strasse ','BD1 4RH',53.7997321,-1.751032,'Appleton Point是Bradford最新的学生公寓，即将落成并开放于2014年8月。Appleton Point距离大学和市中心仅有几步之遥。我们为本地以及国际学生提供160个时尚舒适的Studios。另外还提供学习室、IT室、健身房室以及游戏室与休息室等场所供学生使用。','HAS_VACANCY', now(), now());
insert into dormitory (id, city_id, name, address, postcode, latitude, longitude, description, status, create_time, update_time) values (67,7,'The Cube','87-93 Bradshawgate','BL1 1QD',53.5771988,-2.4255231,'The Cube是Bolton最新修建的学生公寓，附近有很多超市、商店和餐厅。这里距离Bolton大学只有10分钟的步行路程，将是学生居住的绝佳场所。我们拥有现代时尚的房间和齐全的附属设施。每一个studio大约18m2。我们努力为您的生活和学习创造良好的私人空间，精心准备了3/4大床、衣柜、储物柜、桌椅、独立卫浴和厨房等设施。我们也拥有很多公共区域，给您和您的小伙伴朋友之间的交流提供了便利。另外还有20Mb的高速宽带和WIFI将您同全世界联系在一起。','HAS_VACANCY', now(), now());
insert into dormitory (id, city_id, name, address, postcode, latitude, longitude, description, status, create_time, update_time) values (68,42,'iQ Shoreditch','2 Silicon Way','N1 6AT',51.529078,-0.087504,'iQ Shoreditch是伦敦最新的学生公寓之一，提供各种类型的studio。它位于伦敦中心Zone 1， 通过地铁和公共汽车可以方便地通往各处。无论您就读于伦敦的哪所大学，这里都是住宿的绝佳选择之一。24Mb宽带和无处不在的Wifi让你方便地连接世界各地。24小时安保和免费物品保险让您不必担心安全问题。值得一提的是，除了装修精致的studio外，我们还特别为您准备了多达23个功能室和公共休息室供您使用，包括学习室、会议室、健身房、体育吧、读书吧、电影吧和游戏室，以及为喜欢文艺的同学提供的舞蹈练功房、艺术创作室和音乐室等等。您何不浏览下我们的照片来获得更直观的感受呢？ ','HAS_VACANCY', now(), now());
insert into dormitory (id, city_id, name, address, postcode, latitude, longitude, description, status, create_time, update_time) values (69,25,'iQ Grove','69 Grove Street','EH3 8AA',55.9444079,-3.2118896,'iQ Grove距离爱丁堡市中心只有几步之遥。爱丁堡市内所有大学校区都在步行距离之内。这里也有通往Heriott Watt的公交车（15分钟车程）。周围超市、餐馆一应俱全。这里是您在爱丁堡读书的宜居之地。我们提供了多种房型，包括Ensuite套间和Studio供您选择。房间内家具齐全，还有20Mb宽带和Wifi。我们还特别为您准备了公共休息室、学习室和艺术室。 另外，我们精心筹备的多种社交活动也在等着您的参与。我们还特别为您提供免费物品保险。','HAS_VACANCY', now(), now());
insert into dormitory (id, city_id, name, address, postcode, latitude, longitude, description, status, create_time, update_time) values (70,25,'iQ Fountainbridge','114 Dundee Street','EH11 1AB',55.9415405,-3.215989,'如果您在爱丁堡的几所大学就读，那么iQ Fountainbridge是您住宿的绝佳选择。这里距离爱丁堡市中心只有10分钟步行路程，周围也有很多超市。从这里可以搭乘公交很方便地去往爱丁堡各处的大学校区。我们为您提供了最好的设施和服务，来满足你的各种需要。在这里，有多种房型供您选择。所有房型都提供了独立卫浴，4英尺宽大床或者双人床，20Mb宽带和Wifi，还有免费的物品保险。每一间厨房里都配备了齐全的炊具和存储空间。我们还为您提供了学习室和公共休息室。在公共休息室里，您可以和朋友一起享受社交的快乐。我们的服务团队24小时为您服务，让您省心。我们也安装了电子门禁系统和CCTV监控摄像来保证您的安全。','HAS_VACANCY', now(), now());
insert into dormitory (id, city_id, name, address, postcode, latitude, longitude, description, status, create_time, update_time) values (71,38,'iQ Leeds','Cross Chancellor Street','LS6 2TL',53.8140393,-1.5460677,'iQ Leeds位置很好，步行即可到达利兹大学。这里会成为您享受学生生活的绝佳场所。我们为您提供多种房型。所有房型都配备了完善的家居设施，20MB宽带和Wifi。我们还为您提供免费物品保险。特别一提的是，我们有专门的研究生居住区域。','HAS_VACANCY', now(), now());
insert into dormitory (id, city_id, name, address, postcode, latitude, longitude, description, status, create_time, update_time) values (72,59,'iQ Salford','Seaford Road','M6 6AS',53.4959491,-2.273225,'iQ Salford是获得Salford大学官方认证的学生公寓。这里距离Salford大学只有五分钟的步行距离， 另外您还可以选择乘坐免费的班车去往校园。这里位于Salford市中心，距离曼彻斯特市中心也只有10分钟的公共汽车路程。我们为您提供了多种舒适的房型选择。所有房间都有独立卫浴、20Mb宽带和Wifi。另外我们还提供了有包含烧烤区的庭院、公共休息室、自行车存放处、停车场、商店和取款机以及全新的健身房等各种设施供您使用。我们的门禁系统和免费的物品保险让您不用担心安全问题。我们还经常举办各种社交活动，让你可以结交更多的朋友。所以，无论是学习还是生活休闲，这里都是您理想的居住之处。','HAS_VACANCY', now(), now());
insert into dormitory (id, city_id, name, address, postcode, latitude, longitude, description, status, create_time, update_time) values (73,60,'iQ Brocco','Upper Allen Street/ Edward Street','S3 7BG',53.3850842,-1.4785216,'iQ Brocco有多种房型，所有房间都有独立卫浴、20Mb宽带和Wifi。四至六人共享厨房等设施。在这里，您还也可以使用我们的公共休息室、自行车存放处等设施。这里位于Sheffield市中心，周围遍布商店、餐馆、酒吧。Sheffield Hallam大学和Sheffield大学都在步行距离之内，而欧洲最大的购物中心之一Meadow Hall也坐落于5英里之外。在iQ Brocco，友好专业的员工能给您提供您所需要的各种帮助。我们还为您准备了免费的物品保险，让您更加放心。这里将会是您居住的理想场所。','HAS_VACANCY', now(), now());
insert into dormitory (id, city_id, name, address, postcode, latitude, longitude, description, status, create_time, update_time) values (74,60,'iQ Steel','19 Pitt Street','S1 4DQ',53.3807481,-1.4795797,'iQ Steel位于Sheffield市中心，距离Sheffield Hallam大学非常近，到谢菲尔德大学也可步行到达。周围还有很多商店、餐馆和酒吧。在这里，您可以尽情享受留学生活。','HAS_VACANCY', now(), now());
insert into dormitory (id, city_id, name, address, postcode, latitude, longitude, description, status, create_time, update_time) values (75,51,'iQ Nottingham','143 Lower Parliament Street','NG1 1EE',52.9540391,-1.1399867,'iQ Nottingham位置绝佳。它坐落于市中心，周围有很多商店、餐馆、酒吧和Club。这里到诺丁汉特伦特大学仅需步行，到诺丁汉大学也只有十分钟的公共汽车路程。我们还准备了自行车存放处，所以骑车上学也是一种不错的选择。这里为您提供了多种精心设计的时尚舒适房型。我们为您提供了完备的家具和厨房卫浴设施、24Mb宽带和Wifi服务、免费物品保险、以及公共休息室。在公共休息室里，您可以与您的朋友一起看看Sky TV节目，或是打打台球。一切都为您享受完美的学生生活而设计。','HAS_VACANCY', now(), now());
insert into dormitory (id, city_id, name, address, postcode, latitude, longitude, description, status, create_time, update_time) values (76,6,'iQ Birmingham','140 Bath Row','B15 1NE',52.4721207,-1.9131679,'iQ Birmingham位置绝佳，距离Five Ways火车站和热闹的酒吧街Broad街仅仅几步之遥。这里到New Street火车站和Mailbox购物中心也只有很近的路程。我们距离伯明翰的四所大学都很近，是学生住宿的好去处。我们提供可供免费使用的风雨球场，20Mb宽带以及Wifi，以及免费的物品保险。在这里有多种房型可供选择。','HAS_VACANCY', now(), now());
insert into dormitory (id, city_id, name, address, postcode, latitude, longitude, description, status, create_time, update_time) values (77,42,'iQ Hoxton','67 Kingsland Road','E2 8AG',51.5299825,-0.0774129,'如果您想居住在一个社交氛围浓厚的学生公寓里，那么iQ Hoxton是一个不错的选择。它位于伦敦最有生气的区域之一。附近有很多商店、餐馆、咖啡馆、酒吧等供您享用。 这里属于伦敦的中心地区Zone1， 周围有三个地铁站和一个公共汽车站，所以您可以很方便快捷地去往任意地点。我们为您提供多种房型。除此之外，我们还为您准备了公共休息室、学习室、免费健身房、屋顶庭院、24MB宽带和Wifi以及免费物品保险等。我们还经常举办一些社交活动，让您能够认识更多来自世界各地的朋友。','HAS_VACANCY', now(), now());
insert into dormitory (id, city_id, name, address, postcode, latitude, longitude, description, status, create_time, update_time) values (78,12,'iQ Bristol','Marlborough Street','BS1 3NU',51.459157,-2.5924679,'iQ Bristol 位于Bristol市区，所有市内的大学校区都在很近的步行距离之内。即使您就读于University of the West of England，也有公共汽车可以到达。 这里距离繁华的市中心和学生聚集地都很近。iQ Bristol 非常适合留学生特别是研究生与第一年的新生入住。我们提供多种房型来满足不同需要。房租里包含了水、电、上网（20Mb宽带和Wifi）以及免费的物品保险。所有住户都能享用独立卫浴。多人套间最多由4个人共用厨房。我们还经常组织社交活动。在公共休息区有Sky电视和PS3供您使用。','HAS_VACANCY', now(), now());
insert into dormitory (id, city_id, name, address, postcode, latitude, longitude, description, status, create_time, update_time) values (79,57,'iQ Preston','130 Moor Lane','PR1 1LR',53.7660487,-2.7042471,'iQ Preston可谓是普雷斯顿最热门的学生公寓之一。我们就坐落于中央兰开夏大学的旁边，距离繁忙的市中心也仅有步行距离。无论是上学和参加学生会举办的各种活动，还是去市中心购物和就餐，都很方便。特别值得一提的是，我们获得了中央兰开夏大学的官方认证，并与大学的网络接通，让您足不出户就可以利用各种内部网上学习资源。我们为您提供多种房型，所有房间都有独立卫浴。另外，我们还提供了配备Sky TV的公共休息室，还经常在此举行社交活动。我们更提供免费的物品保险让您可以更加放心。','HAS_VACANCY', now(), now());
insert into dormitory (id, city_id, name, address, postcode, latitude, longitude, description, status, create_time, update_time) values (80,6,'Mansion Canalside','Lower Loveday Street','B19 3SJ',52.4879066,-1.8983694,'Mansion Canalside坐落于历史悠久的伯明翰中心地带，并且紧挨着美丽的河道。公寓的位置非常理想，无论您在该市的哪所大学就读，都可以很方便地到达。其中Aston大学步行短程即到，我们还提供免费的摆渡车前往那里。周边其他大学还包括有伯明翰大学、伯明翰城市大学、法学院等。伯明翰是英国第二大城市，也是著名的购物天堂，市中心商场林立。在公寓附近还有医院等公共设施，和无数的餐馆、咖啡馆、酒吧等娱乐场所。所以，居住在这里，您不仅可以安心学习，还能在课余尽享休闲娱乐生活。周边大学距离：Aston大学0.7英里， 步行7分钟或者乘坐免费摆渡车5分钟。Birmingham City大学2.4英里，乘坐935路汽车9分钟。Birmingham大学3.2英里，乘坐61路汽车22分钟。','HAS_VACANCY', now(), now());
insert into dormitory (id, city_id, name, address, postcode, latitude, longitude, description, status, create_time, update_time) values (81,6,'Mansion Brook','536 Bristol Road, Selly Oak','B29 6BD',52.4457685,-1.9322667,'Brook studios坐落于很受学生欢迎的Selly Oak地区，距离伯明翰大学仅仅几分钟步行距离。另外，这里还有便捷的公共交通连接至伯明翰市中心。在公寓的门口就有超市、商场、酒吧和餐厅，种类多元，充分满足到大家对品质生活的需求。生活于此，也是生活在Birmingham 这座充满活力的大都市心腹地带，一切的美好和新奇都在近距离等候着大家去发现去享用。公寓内部可谓是设计风格多元，同时各种设施一应俱全。这里有多种现代化的Studio房型供您选择。每一间都有独立卫浴、纯平液晶电视、时尚当代的精装家具和舒服的大床。每个房间都配有免费的高速宽带和Wifi。我们也为驾车的同学提供了停车场（请与宿舍管理人员联系预订车位）。另外，我们拥有一支敬业而且经验丰富的管理维护团队，所以您可以不用被任何安全或者维修问题而烦心。','HAS_VACANCY', now(), now());
insert into dormitory (id, city_id, name, address, postcode, latitude, longitude, description, status, create_time, update_time) values (82,12,'Fitzhardinge House','Tailor\'s Court','BS1 2EF',51.4557275,-2.5940409,'在Bristol，也许这里有更新或者更大的学生公寓，但您却很难找到比FitzhardingeHouse更加个性化的居住之处了。它是一处位于Bristol市中心的完美学生公寓，坐落在一条历史悠久的鹅卵石街道旁。布里斯托大学就近在咫尺。仅用几分钟时间您就可以从房间到达课堂。同时，它还靠近Temple Meads火车站，为大家在学习之余探索周边美好的乡村提供了便利。在Fitzhardinge House，我们为您提供舒适惬意的环境。无论是几人共享的厨房还是公共休息室，到处都体现了我们特别倡导的社交精神。我们的住户无时不刻地享受着安全、宁静的生活环境。这在很大程度上也归功于我们的热情而且经验丰富的管理团队。相信您一定会爱上这里充满活力而又亲密的学生社区氛围的。周边大学距离Bristol大学 0.5英里。','HAS_VACANCY', now(), now());
insert into dormitory (id, city_id, name, address, postcode, latitude, longitude, description, status, create_time, update_time) values (83,12,'Hotwells House','192-216 Hotwell Road','BS8 4UR',51.4503224,-2.6187096,'时尚与品质兼具的学生公寓Hotwells House地理位置优越。我们深知公寓与校园之间的距离对您来说很重要，所以我们特别选择在这里修建了这所公寓。从这里无论您步行、还是骑车、亦或是乘坐公共汽车，您都可以很快到达Bristol大学。除此之外，这里还靠近美丽的海边和河岸，在学习之余您可以选择到那里去散步。这也是这所公寓非常受欢迎的原因之一。我们为您准备了多种房型，所有房型都经过了精心设计和装修。无论您选择与他人共享公寓，还是单独入住Studio, 您都可以享受舒适的生活环境。而温馨的公共休息室也为您提供了放松身心和结交朋友的好场所。周边大学距离Bristol大学 1.0英里','HAS_VACANCY', now(), now());
insert into dormitory (id, city_id, name, address, postcode, latitude, longitude, description, status, create_time, update_time) values (84,42,'Mansion Lock','13 Hawley Crescent, Camden','NW1 8NP',51.5409067,-0.143164,'Mansion Lock学生公寓为你提供伦敦最时尚的Studio。它坐落于伦敦最具活力和文化气息的Camden Town区。入住这里，您将体验到五彩斑斓的学生生活。地铁站离这里只有一分钟的步行距离。通过便捷的交通，您可以轻松去往伦敦的各大学校和景点。公寓附近商店、餐馆、酒吧林立。世界著名的Camden市场就在不远处的街角。而公寓楼顶的天台花园则可将繁华的伦敦尽收眼底。甚至连英伦天后Adele也曾选择这里拍摄感动万千歌迷的MV。我们的Studio全都经过了精心设计和装修，以保证达到最高标准。所有Studio都有独立卫浴、平板电视和现代化的厨房设施。另外我们还提供了宽敞的公共休息室让你在学习之余可以同小伙伴们一起联络感情。我们提供的24小时安保则让您完全没有安全方面的顾虑。附近地铁站: Camden Town','HAS_VACANCY', now(), now());
insert into dormitory (id, city_id, name, address, postcode, latitude, longitude, description, status, create_time, update_time) values (85,42,'Mansion View','293-305 High Street, Stratford','E15 2TJ',51.536532,-0.0037996,'如果您想享受时尚美好的生活，那就来Mansion View吧！Mansion View坐落于繁华的东端，毗邻由奥运公园改造而成的伊丽莎白女王公园，拥有无可比拟的地理位置。更重要的是这里交通极其便利，所以您永远不会觉得与伦敦的任何地方距离太远。交通枢纽之一的斯特拉特福站就在马路对面，时尚的肖尔迪奇，牛津街以及诺丁山也离您仅有几站之遥。如果您喜欢购物，那么伦敦最大的Westfield购物中心也是步行就可到达的了！与东伦敦大学和玛丽皇后学院的近距离车程，使你的学习生活更加得心应手。Mansion View注重为您提供一个安全、方便、温馨的氛围。我们提供多种房型，装修精美，家居设施一应俱全。我们特别关注安全问题，所以我们安装了门禁系统和CCTV监控系统。此外，我们的热心而专业的管理人员也会帮您解决您遇到的任何问题。附近地铁站: Stratford附近大学：Queen Mary东伦敦大学','HAS_VACANCY', now(), now());
insert into dormitory (id, city_id, name, address, postcode, latitude, longitude, description, status, create_time, update_time) values (86,42,'Mansion Waterside','190 Kensal Road, Notting Hill','W10 5BN ',51.5256554,-0.2071983,'距离诺丁山仅有几分钟距离的Mansion Waterside拥有极佳的位置。步行几分钟您就可以到达世界著名的Portobello 集市。被无数精致的购物小店、别致的咖啡馆和酷炫的餐馆与酒吧包围着，这里拥有一切！周围有极佳的交通路线让您可以很快到达市内主要大学校园和景点。公寓刚刚进行了装修，让我们可以为您提供时尚宽敞的现代化Studio。我们为您准备了齐全的家居设施。我们的热情而专业的管理人员也会向您提供您需要的各种帮助。生活在这里，一切都很简单。如果您预订得早的话，您更有可能可以选择拥有私人阳台的房间，或是可以欣赏伦敦美景的房间。所以，不要再犹豫了！ 附近地铁站： Westbourne Park','HAS_VACANCY', now(), now());
insert into dormitory (id, city_id, name, address, postcode, latitude, longitude, description, status, create_time, update_time) values (87,42,'Mansion Hive','65 Three Colts Lane, Bethnal Green','E2 6BF ',51.5246181,-0.0559487,'如果您是一个渴求丰富的文化生活的时尚达人，那么您一定会喜欢Mansion Hive的居住环境。你到公寓周边看看就会欣喜的发现这里是一个多么炫酷的文化艺术区。最棒的商店、受人追捧的艺术文化音乐场所，时尚的餐厅和酒吧、公园、绿地等等都在你的家门口。另外，从这里乘坐地铁可以方便地的到达伦敦主要大学。如果你想骑车探索伦敦，我们也提供自行车存放处，当然要先到先得哦！公寓提供多种Studio房型。所有房型都按最高标准进行设计和装修。我们为您提供完备的现代化时尚家居设施。此外，公寓的公共休息室还提供Sky TV和台球桌，您不妨同朋友来这里放松。特别值得一提的是，您还可以在公寓的屋顶花园欣赏伦敦的夜景。附近地铁站: Bethnal Green','HAS_VACANCY', now(), now());
insert into dormitory (id, city_id, name, address, postcode, latitude, longitude, description, status, create_time, update_time) values (88,42,'Mansion Bloomsbury','101-105 Gower Street','WC1E 6AA',51.5230275,-0.1332424,'如果你的愿望是生活在伦敦的绝对心脏地带，全英的目光焦点中心。那就来Mansion Bloomsbury吧！它的位置无可比拟，紧邻伦敦众多大学，周边还有星罗密布的剧院、音乐中心、餐馆、酒吧、商店等等，这就意味着在您的学习之余，您可以尽情体验伦敦最精彩的生活。这座由列入国家保护建筑名单的建筑改造而成的学生公寓完美地融合了古典和现代元素。我们为您提供多种房型选择。所有住户都可享用现代化的生活设施，包括高标准配置的厨房、卫浴和卧室。我们还提供配备PS3和豆袋的公共休息室和带有BBQ区域的庭院。而24小时安保更让您可以不必为安全问题而担心。附近地铁站: Goodge Street附近大学：CSMCityKing’s CollegeLSEUCL SOASShool of LawRCAWestminster大学','HAS_VACANCY', now(), now());
insert into dormitory (id, city_id, name, address, postcode, latitude, longitude, description, status, create_time, update_time) values (89,42,'Mansion Wharf','101 Lower Road','SE16 2XG',51.4959362,-0.0518957,'Mansion Wharf是一个刚刚重新装修过的现代化时尚学生公寓。伦敦金融城、Tower Bridge、The Tower of London 近在咫尺。周围有很多便利店、餐馆和酒吧。它位于Zone 2之内，距离地铁站仅有几分钟步行距离。通过伦敦发达的交通网络，您可以轻松去往市内各处院校和景点。我们致力于为住户创造安全、友好、舒适的生活环境，让您产生浓厚的归属感。无论您选择什么房型，我们都会为您提供最棒的服务。附近地铁站: Canada Water','HAS_VACANCY', now(), now());
insert into dormitory (id, city_id, name, address, postcode, latitude, longitude, description, status, create_time, update_time) values (90,42,'Mansion SW3','Manresa Road','SW3 6NA ',51.487451,-0.1714342,'伦敦的皇家切尔西和肯辛顿区是每个人谈到都充满向往的上流阶层居住区。这里毗邻大学区，周围是富人的天堂，著名的皇家行政区亦坐落于此。而我们的Mansion SW3就地处这个贵族地段的核心。紧邻闻名于世的King’s Road，不管您如何出行，著名的景点总是近在咫尺。西敏寺教堂就在眼前，步行六分钟便可到达议会大厦，乘坐10分钟地铁便可去往诺丁山。帝国理工、Westminster大学等诸多院校都在步行范围内，而其它学校也可通过地铁很快到达。我们的所有住户都可享用独立卫浴和现代化的厨房设施。房间雅致清新，内饰时尚一流。无论您选择同他人共享两人套间还是单独入住Studio，我们都能满足您生活和学习方面的需要。附近地铁站: Sloane Square和South Kensington','HAS_VACANCY', now(), now());
insert into dormitory (id, city_id, name, address, postcode, latitude, longitude, description, status, create_time, update_time) values (91,42,'Mansion Hub','21-25 South Lambeth Road, Vauxhall','SW8 1SU ',51.4845478,-0.1226544,'2013年初全新开业的Mansion Hub提供了伦敦顶级的专业学生住宿环境。公寓位于伦敦富人区，位置极佳，坐拥伦敦繁华的酒吧、餐厅和外卖店。沿着泰晤士河畔散步，十五分钟可以到达伦敦著名的大本钟和伦敦眼。而附近便利的交通可以让你轻松到达伦敦的所有景点和大学。公寓提供多种Studio房型。所有房型都经过精心装修。房间里宽敞明亮而且设施齐全。我们给每间Studio都提供了平板电视。更有配备大尺寸电视的公共休息室供您和您的朋友联络感情之用。我们还安装了门禁系统和CCTV监控系统，随时保障您的安全。附近地铁站: Vauxhall','HAS_VACANCY', now(), now());
insert into dormitory (id, city_id, name, address, postcode, latitude, longitude, description, status, create_time, update_time) values (92,42,'Mansion Tower','60 Courland Grove','SW8 2PX ',51.471842,-0.1310011,'如果您希望能居住在附带健身房的现代化高标准学生公寓里，那么Mansion Tower是一个不错的选择。公寓附近有很多餐馆、酒吧和Club等着您去探索。便利的交通网络也让您可以轻松去往伦敦的各大院校和景点。我们特别提供免费摆渡车连接公寓和临近的Stockwell地铁站。如果您选择骑车或者驾车出行，我们还提供免费的自行车存放处和停车场。我们为您提供多种Studio房型。所有房型都专为年轻人量身定做。学习之余，您可以在我们全套配备的健身房里做做运动，或者选择在高清纯平电视机前放松，之后在自己独立的浴室里冲一个热水澡，然后在花岗岩餐桌上享受一份美味晚餐，最后躺在舒适的双人床上缓缓进入睡眠。如果您想与小伙伴联络感情，您也不妨到我们设置的公共休息室里来。居住在这里，您可以尽情享受美好的学生生活。附近地铁站: Stockwell','HAS_VACANCY', now(), now());
insert into dormitory (id, city_id, name, address, postcode, latitude, longitude, description, status, create_time, update_time) values (93,16,'Shand House','20 Newport Road','CF24 0DB',51.4835672,-3.1677013,'如果您在Cardiff读书，想寻找一间时尚又舒适的宿舍，那么Shand House便是很好的选择。这里位置很好，您可以由此很快地到达本地的所有大学。这里离市中心也仅有几步之遥，在课余之时，您可以方便购物，也可以尽情享受坐落于几步之遥的市中心的餐馆、咖啡馆和酒吧等娱乐场所。值得一提的是，一家星巴克和一家便利店就坐落于公寓之侧。在这里，我们为您提供了多种房型选择。所有房间都经过精心设计和装修。我们为您提供舒适的居住空间，包括设施齐全的现代化厨房和独立卫浴。除此之外，我们热情友好而且专业的管理人员乐于为您提供一切可能的帮助。周边大学距离：卡迪夫大学 0.7 英里　步行６分钟或乘坐火车８分钟卡迪夫商学院 1.1英里　乘坐火车１４分钟卡迪夫工程学院 0.1英里　步行１分钟卡迪夫城市大学  Llandaff Campus, 2.4英里  Howard Gardens Campus 0.2英里 步行1分钟  Cyncoed Campus, 2.2英里南威尔士大学（Atrium校区） 0.4英里 步行6分钟','HAS_VACANCY', now(), now());
insert into dormitory (id, city_id, name, address, postcode, latitude, longitude, description, status, create_time, update_time) values (94,20,'Avon Way','Avon Way','CO4 3YS',51.8891411,0.9457058,'Avon Way距离Essex大学只有几步之遥，同时也有便捷的公交前往Colchester 学院。公寓的位置很好，周围风景优美，周边有超市等生活设施，还有四通八达的交通网络通向各方。在Avon Way，所有房间都经过了精心设计和装修。在每一套公寓里，都有设施齐全的现代化厨房、精装修的卧室和宽敞的客厅。房间内配有宽带和Wifi，以及舒适的大床。您既能享受到私密安静的独立学习空间，也能在学习之余与室友们在共享配有游乐设施的公共休息室里一起放松休憩聊天。除此之外，我们友好而专业的管理团队也会为您提供一切所有可能的帮助。周边大学距离Essex 大学 0.9英里 ','HAS_VACANCY', now(), now());
insert into dormitory (id, city_id, name, address, postcode, latitude, longitude, description, status, create_time, update_time) values (95,25,'Beaverbank Place','17 Beaverbank Place','EH7 4FB',55.9638703,-3.1944589,'Beaverbank是一所现代化学生公寓。它坐落于爱丁堡市中心北部最受欢迎的Canonmills区。周围分布着众多商店、餐馆和酒吧。这里交通便利，让您可以轻松探索这座历史悠久的城市的迷人之处。我们为您提供多种房型。雅致的厨房、舒适的大床、精装全新的家具、敞亮的学习区以及充裕的储存空间给您提供时尚舒适的生活环境。无论您选择与他人共享还是独立居住，我们都能满足您的需要。我们还有一支专业的管理团队，他们会热心帮助住户解决在这里遇到的任何烦恼。周边大学距离：爱丁堡大学大学 1.7英里 乘坐23路公汽20分钟爱丁堡艺术大学 1.8英里 乘坐23路/27路公汽20分钟爱丁堡龙比亚大学3.5英里 乘坐23路公汽30分钟','HAS_VACANCY', now(), now());
insert into dormitory (id, city_id, name, address, postcode, latitude, longitude, description, status, create_time, update_time) values (96,25,'James Craig Court','27 - 31 James Craig Walk','EH1 3BA',55.9544291,-3.1893631,'James Craig Court公寓坐落于爱丁堡的文化与商业中心。门口就有很多剧院、商店、超市、餐馆和酒吧等着您去探索。爱丁堡大学就在步行范围之内，而其它本地的学校也由便利的公共交通系统连接。爱丁堡的Waverley火车站也只需5分钟步行即可到达。优越的地理位置仅仅是公寓收到广大学生喜爱的原因之一，更重要的是，公寓本身被列入英国国家二级保护建筑。公寓完美结合了古典风格和现代气息。所有房间都经过了精心设计和装修，我们为您提供完善的现代化家居设施。无论您想要同他人共享空间还是单独入住，我们都能满足您的需求。除此之外，我们还有一支专业的管理团队来为您解决任何问题，让您可以在这里无忧居住。周边大学距离爱丁堡大学 0.7英里 步行15分钟或者乘坐23路/27路/41路公汽5分钟爱丁堡艺术大学 1.2英里 25分钟步行或者乘坐23路/27路/41路公汽5分钟爱丁堡龙比亚大学3.0英里 乘坐25路/34路/45路公汽10分钟','HAS_VACANCY', now(), now());
insert into dormitory (id, city_id, name, address, postcode, latitude, longitude, description, status, create_time, update_time) values (97,25,'Fountainbridge','123 Fountainbridge, West Tollcross','EH3 9QG',55.9433267,-3.2063458,'Fountainbridge学生公寓位置很好，距离市中心仅有几分钟的路程，很适合就读于爱丁堡所有大学的学生。从这里您可以很快到达到爱丁堡的 Waverly和Haymarket 火车站。另外，从公寓前往爱丁堡国际机场也只需乘坐短线班车就能到达。公寓有配有前厅、接待处以及24小时安全监控。我们的设计理念是时尚与宽敞。所有套间都提供完善的家居设施，特别是每个套间的共享空间里都有真皮沙发、咖啡桌、平板电视，每间卧室都提供了双人床。让您可以在这里尽情享受留学生活。周边大学距离爱丁堡大学 0.9英里 步行15分钟或者乘坐35路公汽5分钟爱丁堡艺术大学 0.4英里 步行 10分钟或者乘坐35路公汽5分钟爱丁堡龙比亚大学1.9英里 乘坐23路公汽15分钟Heriot-Watt大学 乘坐23路公汽20分钟','HAS_VACANCY', now(), now());
insert into dormitory (id, city_id, name, address, postcode, latitude, longitude, description, status, create_time, update_time) values (98,26,'Mansion One','Cowley Bridge Road','EX4 5AD',50.7416497,-3.546355,'Mansion One是一座时尚的学生公寓。它位于Exeter西北方，从这里出发， Exeter的几所大学都在步行范围之内。另外从这里乘坐公共汽车仅需10分钟就可到达市中心。在那里有很多餐馆、酒吧和Club等着您在课余时间去探索。公寓最近刚进行了重新装修。所有房间都拥有独立卫浴。我们还为您提供了Wifi和电视。无论您选择与他人共享套间还是单独居住，我们的多种房型都能满足您的需求。我们也有一支认真负责的专业管理团队来帮助住户解决遇到的麻烦。此外，我们的门禁系统和CCTV监控系统也为您的居住保驾护航。周边大学距离Exeter大学 1英里 步行19分钟Into Exeter 大学1英里 步行21分钟Exeter College 步行23分钟','HAS_VACANCY', now(), now());
insert into dormitory (id, city_id, name, address, postcode, latitude, longitude, description, status, create_time, update_time) values (99,29,'Mansion Firhill Court','150 Firhill Road','G20 7BB',55.8820334,-4.2708768,'Firhill Court 位于热闹的学生聚集区，距离市中心只有步行距离。我们提供免费班车连接公寓和本地主要大学。如果您想换种交通方式出行，那么不用担心，我们还为您提供自行车存放处和停车场（免费的哟！）我们的房间都经过精心设计和装修。所有房间都拥有独立卫浴、舒服的床、宽敞的学习空间和足够的储物空间。Wifi贯通于整个公寓。每四到六人共享一个现代化的厨房，以及真皮沙发、平板电视等设施。这为您提供了良好的交友空间。我们的管理团队认真负责而且十分专业。无论您遇到什么问题，您都可以找他们寻求帮忙。周边大学距离（我们提供免费班车）格拉斯哥大学距离0.9英里 步行20分钟或者乘坐免费班车格拉斯哥艺术学校1.3英里 乘坐8路公汽18分钟或者乘坐免费班车格拉斯哥卡利多尼亚大学1.5英里 乘坐119路公汽20分钟或者乘坐免费班车Strathclyde大学 乘坐119路公汽32分钟或者乘坐免费班车','HAS_VACANCY', now(), now());
insert into dormitory (id, city_id, name, address, postcode, latitude, longitude, description, status, create_time, update_time) values (100,41,'Windsor Court','112 - 128 London Road','L3 5NL',53.4089334,-2.9733555,'这栋时尚的学生公寓地理位置无可比拟，周围有很多超市、健身房、酒吧、餐厅灯，走路几分钟即可到达利物浦 的Lime Street 火车站。利物浦大学和John Moore大学都在步行范围之内。 在这里，我们为您提供多种房型。所有房型都经过精心设计和装修。我们为您提供完善的家居设施。无论您选择两人套间还是单独入住Studio，我们都能满足您的各方面需要。公寓还设置了一个公共休息室，配有Sky TV，方便您的社交生活。我们安装了门禁系统和CCTV监控系统来保障您的安全。我们的管理人员非常专业，可以帮你解决您遇到的问题。周边大学距离：利物浦大学0.4英里 步行10分钟John Moore大学 0.4英里 步行10分钟','HAS_VACANCY', now(), now());
insert into dormitory (id, city_id, name, address, postcode, latitude, longitude, description, status, create_time, update_time) values (101,41,'St.Andrew\'s Gardens','St Andrews, 21 Moor Place','L3 5XA',53.408071,-2.9718807,'St Andrew’s Gardens 地理位置无可比拟，利物浦大学和John Moore大学都在步行范围之内。从部分房间里甚至可以直接看得到教学楼。 公寓经过精心设计和装修。我们为您营造出时尚而舒适的生活环境。一个套间包含二至七个卧室。每个套间里面的学生共享一个现代化厨房和客厅以及平板电视。我们也提供停车位（先到先得）供您选择。这里还安装了贯穿整个公寓的Wifi。公寓的门禁系统和CCTV监控系统时刻保障着您的安全。此外，甭管您遇到什么问题，我们的管理人员都会努力帮您解决。周边大学距离利物浦大学 步行8分钟John Moore大学 步行7分钟','HAS_VACANCY', now(), now());
insert into dormitory (id, city_id, name, address, postcode, latitude, longitude, description, status, create_time, update_time) values (102,41,'Haigh Court','South Hunter Street','L1 9JG',53.4018975,-2.9708485,'Haigh Court 是2013年开放的全新学生公寓。它拥有优越的地理位置，从公寓到达利物浦大学校区只需要步行不到两分钟的时间。公寓坐落在 Hope Street Quarter，这是由利物浦大教堂延伸出来的一个美丽的街区。附件有利物浦音乐演奏厅，剧院和戏院等等。利物浦的主要大学都在步行范围之内。在我们的学生公寓您可以体验到舒适的生活环境。我们为您配备了完善的家具设施和现代化的厨房。无论您选择单独入住Studio还是同他人共享空间，我们都能满足您的各种需求。周边大学距离利物浦大学 0.3英里 步行6分钟John Moore大学 0.2英里 步行5分钟Hope大学 1.0英里 步行20分钟','HAS_VACANCY', now(), now());
insert into dormitory (id, city_id, name, address, postcode, latitude, longitude, description, status, create_time, update_time) values (103,41,'66 Mount Pleasant','Mount 66','L3 5SD',53.403762,-2.9748018,'利物浦可能会有更新或更大型的学生公寓，但我们觉得不会有像66 Mount Pleasant这样性价比这么高的房子了。这座townhouse形式的小型国家保护建筑充满了个性和特色。它坐落于市中心，拥有无可比拟的位置，几分钟就可以到达各种商店、餐馆还有酒吧。 利物浦大学和John Moore大学还有Lime火车站都在步行范围之内。我们为您准备了齐全的家居设施，还有门禁系统和CCTV监控系统保障你的安全。您想居住在学生村的中心吗？想要跳下床很快就可以到达教室吗？想要留下学生时代和朋友们的美好记忆吗？66 Mount Pleasant 是您值得选择的地方。周边大学距离利物浦大学 0.3英里步行10分钟John Moore大学 0.1英里 步行2分钟Hope uni 0.8英里 ','HAS_VACANCY', now(), now());
insert into dormitory (id, city_id, name, address, postcode, latitude, longitude, description, status, create_time, update_time) values (104,41,'Heritage Court','Smithdown Lane','L7 3EG',53.4037203,-2.9577436,'Heritage Court公寓为您提供新装修的普通的套间和带独立卫浴的套间，分别都可以容纳7至8人。房间配备有舒适的大床，充裕的空间，公寓还有令人愉悦的花园，公寓距离市中心仅需短途步行，利物浦大学也在步行范围之内。而其他大学也由便利的交通连接。如果您选择自驾，我们也提供免费停车位。此外，我们有一支专业的管理团队来帮您解决任何问题。我们也安装了门禁系统和CCTV监控系统来保证您的安全。','HAS_VACANCY', now(), now());
insert into dormitory (id, city_id, name, address, postcode, latitude, longitude, description, status, create_time, update_time) values (105,39,'Mansion Court','35 Grasmere Street','LE2 7PT',52.6286885,-1.1416183,'Mansion Court 学生公寓就在De Montfort University (DMU) 市中心校区的旁边边，到所有的图书馆、教学楼和教室都只需走很短一段路。这里离莱斯特大学也只需步行20分钟。如果您不想步行，那么也可乘坐免费的摆渡车。公寓在2011年重新装修后焕然一新。我们为学生提供了一个非常浓厚的社区氛围。而我们一直致力于创造的安全和安静环境也让所有住户受益。公寓的房型包括三人至五人套间，适合各个年级的学生入住。所有套间都有完善的家居设施。我们还开通了Wifi。另外，我们认真负责的管理团队也会热情地为您解决您所遇到的各种问题。周边大学距离De Montfort大学 0.2英里 步行1分钟莱斯特大学 1英里 步行20分钟或者乘坐49a路公汽20分钟','HAS_VACANCY', now(), now());
insert into dormitory (id, city_id, name, address, postcode, latitude, longitude, description, status, create_time, update_time) values (106,45,'Mansion Court','83-87 Dantzic Street','M4 4DW',53.4897473,-2.2365597,'Mansion Court 坐落于曼城的中心地带。居住在这里，您可以尽情体验曼城最好的商店、最棒的街道以及最时尚的餐馆和酒吧，因为一切都近在咫尺。而便捷的交通也让居住在这里的学生可以很快到达校园。公寓更以其有舒适而时尚的房间而自豪。所有的flat都有两个浴室，所以你不用等其他的室友。我们还给您配备了现代化的厨房设施。我们的门禁系统和CCTV监控系统时刻保障着您的安全。另外，我们时常筹备有各国主题文化活动哦，记得要来参加呀！周边大学距离：索尔福德大学 乘坐火车6分钟或者乘坐100路/67路/8路公汽11分钟曼切斯特大学 2.0英里 乘坐18路公汽25分钟曼彻斯特大学（Fallowfield校区） 乘坐42路公汽41分钟曼切斯特城市大学 1.8英里 乘坐18路公汽24分钟','HAS_VACANCY', now(), now());
insert into dormitory (id, city_id, name, address, postcode, latitude, longitude, description, status, create_time, update_time) values (107,45,'Mansion Park','345 Moss Lane','M14 4LA',53.4583583,-2.2354302,'Mansion Park 坐落于曼彻斯特中心地带，毗邻与曼彻斯特大学和曼彻斯特都会大学学生公寓。周边有丰富的文化娱乐场所，让您在曼城的生活永远不缺新鲜感。Mansion Park 提供四至六人套间，每个住户都能享用独立卫浴。在套间里，现代化的家居设施一应俱全。公寓里还设置了安装有Sky TV的公共休息室，方便您同朋友联络感情。我们还有一个庭院供您放松。我们的门禁系统和CCTV监控系统24小时保障着您的安全。所以，这里绝对是您在曼彻斯特读书的不二之选！考虑这儿可得果断些，因为很可能被其他学生捷足先登了哦！周边大学距离曼切斯特大学 0.8英里 步行15分钟或者乘坐111路公汽9分钟曼彻斯特大学（Fallowfield校区） 步行29分钟或者乘坐111路公汽15分钟曼切斯特城市大学 1.0英里 步行19分钟或者乘坐111路公汽10分钟索尔福德大学 乘坐15路/50路公汽33分钟','HAS_VACANCY', now(), now());
insert into dormitory (id, city_id, name, address, postcode, latitude, longitude, description, status, create_time, update_time) values (108,45,'Mansion Bank','5-7 Anson Road','M14 5BR',53.4580051,-2.2186902,'Mansion Bank学生公寓由一栋维多利亚式建筑改造而成，融合了古典和现代的元素。公寓地理位置优越，处在热闹的曼城学生聚集区中心，离大学校园和繁华的市中心都很近，步行即可。另外还有便利的公共交通供您选择。居住在这里，您可以和朋友们静静地享受闲暇时光，也可以轻松往返宿舍与教室，亦能方便地去市中心体验曼彻斯特精彩纷呈的夜生活。公寓装修现代，设施先进，提供家一般温馨的住宿体验。我们为您准备了齐全的家居设施。无论您选择单独入住Studio还是同他人共享空间，我们都能满足您的需要。我们还安装了门禁系统和CCTV监控系统来时刻保障您的安全。周边大学距离曼切斯特大学距离1.1英里 步行20分钟或者乘坐50路公汽11分钟曼切斯特城市大学 1.5英里 步行28分钟或者乘坐50路公汽17分钟曼彻斯特学院 步行25分钟或者乘坐50路公汽14分钟Salford大学 乘坐50路公汽28分钟','HAS_VACANCY', now(), now());
insert into dormitory (id, city_id, name, address, postcode, latitude, longitude, description, status, create_time, update_time) values (109,45,'Mansion Gardens','38-40 Oxney Road','M14 5SZ',53.4576394,-2.2249143,'Mansion Gardens是2012年落成的学生公寓。它位于位于充满活力的时尚的学生聚集区，商店、超市、餐馆和酒吧等一应俱全, 几乎所有你想要的都近在咫尺。得益于便利的交通，从这里去往曼彻斯特主要大学都很方便。我们也设置了自行车存放处，为骑车出行的住户提供便利。我们为您提供三人和五人两种套间。所有房型都包括独立卫浴。每一个套间内配备了沙发、电视以及现代化的厨房设施。公寓还包括一个花园以及野餐区域，让您在课余时间可以同朋友们一起尽情放松。周边大学距离曼切斯特大学距离1.2英里 步行22分钟或者乘坐142路/42路/147路公汽10分钟曼彻斯特大学（Fallowfield校区） 步行17分钟或者乘坐142路/42路/147路公汽6分钟曼切斯特城市大学 1.6英里 步行28分钟或者乘坐77路公汽5分钟','HAS_VACANCY', now(), now());
insert into dormitory (id, city_id, name, address, postcode, latitude, longitude, description, status, create_time, update_time) values (110,45,'Mansion Groves','6 Heald Grove','M14 4PE',53.4574556,-2.2284085,'Mansion Groves 学生公寓位置很好。它坐落在Whitworth Park 旁边，曼彻斯特最美好的风景就在附近。从这里走路到曼彻斯特大学主要教学楼约10分钟，附近餐厅、酒吧云集，是最佳学生居住场所。我们致力于为学生提供安静的居住环境和最便利的生活条件。2012年公寓刚经历了全新装修，所有房间都干净整洁精致。我们提供三人和五人套间。每个住户都可以享用独立卫浴。每个套间都配备了沙发、电视以及现代化的厨房设施供您使用。全部费用都包含在房租里。周边大学距离：曼切斯特大学距离0.7英里 步行14分钟或者乘坐42路公汽7分钟曼彻斯特大学（Fallowfield校区） 步行27分钟或者乘坐42路公汽15分钟曼切斯特城市大学 步行20分钟或者乘坐42路公汽10分钟索尔福德大学 乘坐15路/60路公汽33分钟','HAS_VACANCY', now(), now());
insert into dormitory (id, city_id, name, address, postcode, latitude, longitude, description, status, create_time, update_time) values (111,45,'Mansion House','Cavendish Street','M15 6BQ',52.1349438,0.6017926,'如果地理位置临近学校是你选择宿舍的首要条件的话，那么坐落于曼彻斯特中心地带并且毗邻于曼彻斯特大学与曼彻斯特城市大学的Mansion House，将会是您的首选。您跳下床只需几分钟就可以到达课堂，而周围无数的商店、餐馆、酒吧等娱乐设施也等着你在课余之时去探索。我们为您提供时尚现代的房型选择。所有住户都能享用独立卫浴。在每个套间里我们为您准备了电视、沙发和现代化的厨房设施。所有费用都包含在房租里。我们还配备了门禁系统和CCTV监控系统时刻保障您的安全。周边大学距离曼切斯特大学距离0.5英里 步行9分钟曼切斯特城市大学 0.2英里 步行3分钟索尔福德大学 乘坐50路公汽12分钟或者乘坐火车17分钟','HAS_VACANCY', now(), now());
insert into dormitory (id, city_id, name, address, postcode, latitude, longitude, description, status, create_time, update_time) values (112,48,'Garth Heads','Off Melbourne Street','NE1 2JE',54.9723807,-1.6030111,'Garth Heads 学生公寓坐落于纽卡斯尔市中心，地理位置绝佳，诺桑比亚大学和纽卡斯尔大学均在步行范围之内。附近交通便捷，让您可以轻松到达纽卡斯尔的每一个角落。Garth Heads也是欣赏这个城市各处景点的完美地点。附近商店、餐厅和酒吧云集，纽卡斯尔新建的河边风光带也尽在您的掌握中。这里是位于纽卡斯尔性价比最高的学生公寓之一。公寓本身被列入国家二级保护建筑名录，是古典与现代结合的典范。我们拥有一个宽敞的庭院以及自行车停放处、汽车车位等。每六至七人共享一个套间。房间内设施齐全。从很多房间内都可以看见Tyne河和标志性的Tyne大桥。周边大学距离纽卡斯尔大学距离0.9英里 步行14分钟诺桑比亚大学0.6英里 步行11分钟纽卡斯尔学院 1.2英里 步行22分钟','HAS_VACANCY', now(), now());
insert into dormitory (id, city_id, name, address, postcode, latitude, longitude, description, status, create_time, update_time) values (113,51,'Mansion Square','Russell Street','NG7 4FL',52.9593293,-1.164476,'虽然诺丁汉城市新建的学生公寓不少，但是像Mansion Square这样如此有风格的建筑实在稀少。这座由国家保护建筑改建而成的现代化学生公寓将为你带来不一样的学生生活体验！我们最新的改建让其保留了原有的古典风格同时也增加了我们自己的特色，查看图片就知道了，干净、新鲜、高雅、别致是它的代名词。公寓坐落在在诺丁汉市中心，只需步行即可到达诺丁汉特伦特大学。公寓旁边还有便捷的公交车和有轨电车(tram)连接其它大学。另外对于喜欢骑行的同学，我们也提供了自行车存放处。这里的国际大家庭氛围很浓厚，你可以想象一下和来自各国的室友们在设计时尚的厨房和休息室内闲聊交友。您也可以选择单独入住我们的Studio。周边大学距离：诺丁汉大学 2.0英里 乘坐34路公汽20分钟诺丁汉特伦大学 0.8英里 步行15分钟诺丁汉语言学院 步行7分钟诺丁汉新学院 1.3英里步行25分钟或者乘坐41路公汽6分钟','HAS_VACANCY', now(), now());
insert into dormitory (id, city_id, name, address, postcode, latitude, longitude, description, status, create_time, update_time) values (114,51,'The Glasshouse','Union Road','NG3 1FG',52.9582596,-1.1450345,'The Glasshouse在诺丁汉学生群体中远近闻名。它位于诺丁汉的市中心，周围围绕着各式的商店、超市、餐馆和酒吧。从这里到诺丁汉特伦特大学走路只需要10分钟，而其它大学也与这里通过便利的交通连接。值得一提的是，我们还准备了一些免费公交卡（数量有限呦！）来方便就读于诺丁汉大学的住户。公寓于2012年暑期重新装修，所以你看到的是一座崭新房子，看看图片你就能知道它的面貌。我们为您提供很多房型，请别挑花了眼。无论是您选择同他人共享厨房等空间还是单独入住Studio，我们都能够满足您的需求。我们还设置了专门的公共休息室，那里有Sky TV。我们尽力为学生营造一个轻松和谐的居住环境。为了您的安全，我们提供门禁系统和CCTV监控系统。所有住户都可以享受安全和安静的生活。我们的管理人员认真负责而且专业，他们会帮您解决您遇到的任何问题。周边大学距离:诺丁汉大学 2.5英里 乘坐18路公汽20分钟诺丁汉特伦大学 0.6英里 步行8分钟诺丁汉新学院 步行11分钟','HAS_VACANCY', now(), now());
insert into dormitory (id, city_id, name, address, postcode, latitude, longitude, description, status, create_time, update_time) values (115,51,'Mansion Studios','100-102 Talbot Street','NG1 5NF',52.9562032,-1.1582333,'Mansion Studio 是诺丁汉市中心全新落成的学生公寓。这个焕然一新的公寓距离酒吧、餐厅、外卖店、商店、超市和运动场都近在咫尺。诺丁汉特伦特大学只需几分钟步行就可以到达。而其它大学也与这里通过便利的交通连接。值得一提的是，我们还准备了一些免费公交卡（数量有限呦！）来方便就读于诺丁汉大学的住户。这里提供多种Studio房型。所有的 Studio 都按照诺丁汉的最高标准建造，内含独立卫浴、独立的现代化厨房设施、宽带与Wifi、平板电视以及常用家具。当然，居住在独立空间并不意味着您将与他人隔绝。我们提供的公共休息室将会是您与朋友联络感情的好去处。那里有Sky TV和台球桌供您和您的朋友一起享用。为了保证您的安全，我们还提供门禁系统和CCTV监控系统。我们的管理团队也随时为您提供帮助。周边大学距离:诺丁汉特伦大学 0.3英里 步行8分钟诺丁汉大学 1.9英里 乘坐18路公汽17分钟诺丁汉语言学院 步行5分钟','HAS_VACANCY', now(), now());
insert into dormitory (id, city_id, name, address, postcode, latitude, longitude, description, status, create_time, update_time) values (116,52,'Cambridge Terrace','4-6 Cambridge Terrace','OX1 1RN',51.7490873,-1.2586671,'Cambridge Terrace坐落于独特而且历史悠久的牛津市中心。绝佳的地理位置为学生提供无可比拟的便利。公寓旁边就有很多商店、餐馆和酒吧等生活设施， 而牛津大学也在步行范围之内。您也可以通过便利的交通轻松到达牛津布鲁克斯大学。这里是符合牛津最高标准的学生公寓。我们的豪华公寓为您提供了舒适的大床、现代化的厨房设施、壁挂式平板电视、Wifi以及独立卫浴。我们还为您创造了浓厚的社交氛围。您可以在我们提供的宽敞的公共休息室里与朋友和邻居一起消磨课余时光。我们安装了门禁系统和CCTV监控系统来保证您的安全。我们还有一支认真负责的专业管理团队随时帮你解决您的各种需求。','HAS_VACANCY', now(), now());
insert into dormitory (id, city_id, name, address, postcode, latitude, longitude, description, status, create_time, update_time) values (117,52,'Mansion Mews','Glanville Road','OX4 2FG',51.7417293,-1.2234585,'我们将现代建筑和当代生活结合在一起打造了这幢三层楼高的学生公寓。它坐落于富有历史气息的牛津的中心，周边是很受欢迎的学生聚集区。附近有一系列的便民设施，包括商店、餐馆和酒吧等。牛津大学和牛津布鲁克斯大学的主校区也不是太远。这片区域也受益于附近完善的交通线路，包括来往于牛津市中心的固定班车，让您能够很方便地领略这座城市的魅力。在这里，您可以选择与他人共享空间，或者单独入住Studio。我们所有房型都经过了精心设计和布置，设施齐全。所有房间都有独立卫浴。我们还提供宽敞的公共休息室让您享受社交的快乐。我们经验丰富而且认真负责的管理人员也会帮您解决您遇到的一切问题。公寓安有门禁系统和CCTV监控系统。所以您尽可放心您的安全。周边大学距离：牛津大学 2.1英里 乘坐1路/5路/10路公汽30分钟牛津布鲁克斯大学1.2-2.0英里 乘坐U1/U5/8路公汽30 分钟','HAS_VACANCY', now(), now());
insert into dormitory (id, city_id, name, address, postcode, latitude, longitude, description, status, create_time, update_time) values (118,38,'Eldon Court','St Marks Road','LS2 9BQ',53.8113994,-1.5528023,'','HAS_VACANCY', now(), now());
insert into dormitory (id, city_id, name, address, postcode, latitude, longitude, description, status, create_time, update_time) values (119,42,'Pure Highbury','201 Isledon Road','N7 7JR',51.5609596,-0.1090945,'这个高质量，低价格学生公寓向学生提供不同的房间类型选择，我们的设施包括一个户外公共花园，公共休息区，以及自带的健身房。所有这些设施都集中在Pure Highbury大楼的中心位置: Mezzanine floor。所有房间都配有4英尺的双人床，大衣柜，书桌，储物柜，以及足够的床下储物空间！这里距离Finsbury Park地铁站只有2分钟的步行距离；乘坐地铁20分钟之内可以到达18所伦敦市中心主要的大学，到King’s Cross & St. Pancras 国际车站也只有仅仅6分钟的地铁车程。特别服务：我们为您免费提供一套床上用品（床单、枕头、被子）和免费物品保险。','HAS_VACANCY', now(), now());
insert into dormitory (id, city_id, name, address, postcode, latitude, longitude, description, status, create_time, update_time) values (120,42,'Pure Bankside','51 Ewer Street','SE1 0NR',51.5041437,-0.0987912,'Pure Bankside拥有150间Studio（部分可租给双人）。公共设施包括前庭，游戏房，24小时保安系统，自带的洗衣房，户外的庭院，以及驻地的清洁和修理管理团队。所有房间都配有4英尺的双人床，大衣柜，书桌，储物柜，以及足够的床下储物空间！这里距离Southwark地铁站只有3分钟的步行距离，连接着伦敦中心区域的Jubilee线，同时，泰特现代美术馆、 Borough集市、以及泰晤士河南岸河岸都在步行距离之内。特别服务：我们为您免费提供一套床上用品（床单、枕头、被子）和免费物品保险。','HAS_VACANCY', now(), now());
insert into dormitory (id, city_id, name, address, postcode, latitude, longitude, description, status, create_time, update_time) values (121,42,'Pure Hammersmith','230 Shepherds Bush Rd','W6 7NL',51.4956235,-0.2240156,'Pure Hammersmith拥有418间Studio（部分为双人），公共设施包括庭院、宽敞的公共休息区域、健身房，自带的洗衣房、安静学习区域等。所有房间都配有4英尺的双人床，大衣柜，书桌，储物柜，以及足够的床下储物空间！我们还为有24小时安保人员和驻地的清洁和维修管理团队为您服务。这栋学生公寓距离Hammersmith地铁站只有2分钟的步行距离，链接到三条伦敦的主要地铁线路, Piccadilly, Hammersmith & City, City & District地铁线。特别服务：我们为您免费提供一套床上用品（床单、枕头、被子）和免费物品保险。','HAS_VACANCY', now(), now());
insert into dormitory (id, city_id, name, address, postcode, latitude, longitude, description, status, create_time, update_time) values (122,42,'The Stay Club @ Camden','34 Chalk Farm Road, Camden','NW1 8AJ',51.542726,-0.1477186,'TSC Camden坐落于繁华的商业街中心，离世界著名的Camden集市和Camden船闸很近，周围有很多商店、餐馆和酒吧。离TSC Camden最近的地铁站是只有三分钟步行距离的Camden Town站和Chalk Farm站。从这里，很快就能到达遍布伦敦的各大学校园。从2013年开张以来，TSC Camden已经拥有250个最高标准的Studio式寝室，很大的公共休息区以及七间学习室，适合所有在伦敦就读的学生入住。我们独具风格的装潢和酒吧式的公共休息室受到了住户的一致好评。跟其他学生公寓不同，我们不要求租金一次付清，而是采取月付方式。我们独有的特色服务还包括：每周免费更换床单和毛巾，免费房间清洁，提供免费厨房用具和餐具。而且，我们还采用了最先进的地暖系统和雨滴式淋浴系统。这一切都让我们成为伦敦最棒最独特的学生公寓。','HAS_VACANCY', now(), now());
insert into dormitory (id, city_id, name, address, postcode, latitude, longitude, description, status, create_time, update_time) values (123,1,'Mealmarket Exchange','Mealmarket Street','AB24 5SW',57.1507418,-2.0952601,'Mealmarket  Exchange 靠近市中心，旁边有汽车站，可以乘车到 Robert Gordon 大学 Garthdee 校区，步行大约15分钟也可抵达市中心。离阿伯丁学院步行大约15分钟，阿伯丁体育村大约5分钟。另外离海滩，展览馆和电影院大约10分钟。Mealmarket Exchange 提供独立卫浴的套间，可以和朋友共享或者可以认识来自世界各地的舍友。如果你喜欢独立生活可以，同时提供带有独立厨房的套间。 还设有洗衣房，自行车库，每天24小时的保安值班，CCTV监控，以及门禁系统来确保您的人身财务安全。无线网络，财产保险，水电费也包含在房价内，因此您不必担心任何额外费用。','HAS_VACANCY', now(), now());
insert into dormitory (id, city_id, name, address, postcode, latitude, longitude, description, status, create_time, update_time) values (124,1,'King Street Exchange','600-604 King Street','AB24 5SX',57.1670863,-2.096857,'King Street Exchange 坐落于阿伯丁大学对面，旁边有汽车站，可以乘车到 Robert Gordon 大学 Garthdee 校区和市中心，步行大约15分钟也可抵达市中心。离阿伯丁学院步行大约15分钟，阿伯丁体育村大约5分钟。另外离海滩，展览馆和电影院大约10分钟。该宿舍附近有购物，娱乐，等场所方便您的生活。 King Street Exchange 提供带有独立厨房的套间适合喜欢独立生活的同学。 其还设有洗衣房，自行车库，每天24小时的保安值班，CCTV监控，以及门禁系统来确保您的人身财务安全。无线网络，财产保险，水电费也包含在房价内，因此您不必担心任何额外费用。','HAS_VACANCY', now(), now());
insert into dormitory (id, city_id, name, address, postcode, latitude, longitude, description, status, create_time, update_time) values (125,1,'The Old Fire Station','256 King Street','AB24 5BU',57.1536681,-2.0944141,' The Old Fire Station靠近市中心，步行大约5分钟就可抵达市中心。离阿伯丁学院和阿伯丁体育村大约步行10分钟。另外离海滩，展览馆和电影院大约10分钟。该宿靠近主要购物、娱乐场所，同时有便利店，外卖店等场所方便您的生活。在宿舍旁边的汽车站，可乘车到阿伯丁大学和Robert Gordon 大学Garthdee 校区。Spring Gardns提供独立卫浴的套间，可以和朋友共享或者可以认识来自世界各地的舍友。如果你喜欢独立生活，其同时提供带有独立厨房的套间。 其还设有洗衣房，自行车库，每天24小时的保安值班，CCTV监控，以及门禁系统来确保您的人身财务安全。无线网络，财产保险，水电费也包含在房价内，因此您不必担心任何额外费用。','HAS_VACANCY', now(), now());
insert into dormitory (id, city_id, name, address, postcode, latitude, longitude, description, status, create_time, update_time) values (126,1,'Spring Gardens','60 Spring Garden','AB25 1GN',57.1530075,-2.1013082,'Spring Gardens 靠近市中心，步行大约5分钟就可抵达市中心。离阿伯丁学院和阿伯丁体育村大约步行10分钟。另外离海滩，展览馆和电影院大约10分钟。该宿靠近主要购物、娱乐场所，同时有便利店，外卖店等场所方便您的生活。在宿舍旁边的汽车站，可乘车到阿伯丁大学和Robert Gordon 大学Garthdee 校区。Spring Gardns提供独立卫浴的套间，可以和朋友共享或者可以认识来自世界各地的舍友。如果你喜欢独立生活，其同时提供带有独立厨房的套间。 其还设有洗衣房，自行车库，每天24小时的保安值班，CCTV监控，以及门禁系统来确保您的人身财务安全。无线网络，财产保险，水电费也包含在房价内，因此您不必担心任何额外费用。','HAS_VACANCY', now(), now());
insert into dormitory (id, city_id, name, address, postcode, latitude, longitude, description, status, create_time, update_time) values (127,6,'The Heights','30 Staniforth Street','B4 7DR',52.4876891,-1.8915532,'The Heights 坐落于伯明翰中心，对面就是伯明翰阿斯顿大学，同时靠近伯明翰城市大学arts校区、伯明翰大学口腔医院和伯明翰儿童医院。走路即可到达欧洲最大的室内购物中心之一The Bullring。交通便利，离主要火车站在步行15分钟之内，大约步行5分钟就到汽车站，可以乘坐重要线路的汽车。最近的超市步行大约5分钟，离大型超市乘车10分钟。该宿舍的独立卫浴的套间，3-6人共用一个厨房，可以和朋友共享或者可以认识来自世界各地的舍友。如果你喜欢独立生活，其同时提供带有独立厨房的套间。您还可以使用免费的健身房。  其还设有洗衣房，自行车库，每天24小时的保安值班，CCTV监控，以及门禁系统来确保您的人身财务安全。无线网络，财产保险，水电费也包含在房价内，因此您不必担心任何额外费用。','HAS_VACANCY', now(), now());
insert into dormitory (id, city_id, name, address, postcode, latitude, longitude, description, status, create_time, update_time) values (128,6,'Curzon Gateway','36 Curzon Street','B4 7XE',52.4825684,-1.882585,'Curzon Gateway 坐落于新的BIAD校区对面。离伯明翰阿斯顿大学步行大约5分钟，15分钟公车到伯明翰城市大学。离Millennium Point 大约步行5分钟，伯明翰城市大学 Gosta Green 校区大约步行7分钟。走10分钟路即可到达欧洲最大的室内购物中心之一The Bullring。交通便利，离New Street, Snow Hill 和Moor Street 火车站都在在步行15分钟之内，大约步行10分钟就汽车站，可以乘坐重要线路的汽车。最近的超市步行大约10分钟，附近有大型超市。该宿舍的独立卫浴的套间，2-6人共用一个厨房，可以和朋友共享或者可以认识来自世界各地的舍友。如果你喜欢独立生活，其同时提供带有独立厨房的套间。您还可以使用免费的健身房。  其还设有洗衣房，自行车库，每天24小时的保安值班，CCTV监控，以及门禁系统来确保您的人身财务安全。无线网络，财产保险，水电费也包含在房价内，因此您不必担心任何额外费用。','HAS_VACANCY', now(), now());
insert into dormitory (id, city_id, name, address, postcode, latitude, longitude, description, status, create_time, update_time) values (129,6,'Londonderry House','2 Newton Street','B4 6NB',52.4824319,-1.8931581,'Londonderry House 坐落于伯明翰中心，对面就是伯明翰阿斯顿大学，同时靠近伯明翰城市大学Gosta Green 校区和科技创新中心，分别大约需要步行5分钟。到主校区Perry Bar 乘公车大约需要15分钟。走路即可到达欧洲最大的室内购物中心之一The Bullring。交通便利，步行就可到主要火车站，到Moor Street 和New Street 分别步行需要大约5分钟和步行大约10分钟到Snow Hill 车站。最近的超市步行大约2分钟。该宿舍的独立卫浴的套间，4,5或6人共用一个厨房，可以和朋友共享或者可以认识来自世界各地的舍友。如果你喜欢独立生活，其同时提供带有独立厨房的套间。该宿舍是Unite 在伯明翰最小的宿舍，所以比较安静，尤其受国际学生欢迎，有来自超过20个国的学生，在这里您可以结交到来自世界各地的朋友。其还设有洗衣房，自行车库，每天24小时的保安值班，CCTV监控，以及门禁系统来确保您的人身财务安全。无线网络，财产保险，水电费也包含在房价内，因此您不必担心任何额外费用。','HAS_VACANCY', now(), now());
insert into dormitory (id, city_id, name, address, postcode, latitude, longitude, description, status, create_time, update_time) values (130,12,'Phoenix Court','Bond Street South,Old Market','BS1 3PH',51.45672,-2.58464,'Phoenix Court坐落于布里斯托最主要的购物中心Cabot Circus 的对面。旁边有超过120个商店、几十个餐馆 还有电影院等场所。适合西英格兰大学和布里斯托大学的学生。在其旁边的车站乘车离西英格兰大学大约15分钟。离布里斯托大学主校区步行大约15分钟。该宿舍的带有独立卫浴的套间，共用厨房，可以和朋友共享或者可以认识来自世界各地的舍友。如果你喜欢独立生活，同时提供带有独立厨房的套间。 另外其室内公共区域提供台球桌，电视，沙发等实施。另外配备洗衣房、自行车存放，每周七天，每天24小时的保安值班来确保您的人身财务安全。 其还设有自行车库，每天24小时的保安值班，CCTV监控，以及门禁系统来确保您的人身财务安全。无线网络，财产保险，水电费也包含在房价内，因此您不必担心任何额外费用。','HAS_VACANCY', now(), now());
insert into dormitory (id, city_id, name, address, postcode, latitude, longitude, description, status, create_time, update_time) values (131,42,'Kirby Street','36-43 Kirby Street, Farringdon','EC1N 8TE',51.519816,-0.107511,'Kirby Street 是一所位于伦敦中心高质量学生宿舍。距 St. Paul’s, Barbican, Angel Islington, Holborn, Shoreditch, Hoxton, Oxford Circus, Covent Garden and Soho, 等伦敦著名景点 都在步行20分钟范围之内。步行大约15分钟或者经过很短公车车程，就是中心伦敦/Russell Square 大学区。附近有，伦敦给政治经济学院（LSE）,艺术大学，伦敦商务和金融学院和伦敦大学学院（UCL）等。另外该宿舍里伦敦国王学院，城市大学，Cass商学院和Queen Mary 大学分别大约步行10分钟。该宿舍提供，带有高质量的独立厨房的套间（ En-Suite）。全部配备现代化家具和设施，厨房还配备带触摸功能的滚刀，烧水壶， 面包机，微波炉等设施。带有自己的卫生间，沙发，和私人学习区，另外床铺可收起。该宿舍虽然规模小，但提供了一个安静，并学习氛围浓郁的环境，来确保您专注于学习。同时还有花园，和公共活动室， 还设有洗衣房，自行车库，每天24小时的保安值班，CCTV监控，以及门禁系统来确保您的人身财务安全。 无线网络，财产保险，水电费也包含在房价内，因此您不必担心任何额外费用。','HAS_VACANCY', now(), now());
insert into dormitory (id, city_id, name, address, postcode, latitude, longitude, description, status, create_time, update_time) values (132,42,'Wedgwood Court','309 Holloway Road, Islington','N7 6NG',51.5551203,-0.115447,'Wedgewood Court 位于北伦敦，坐落于Holloway Road，离Holloway Road地铁步行在1分钟之内，10分钟之内即可抵达Camden Town, Islington以及中心伦敦/Russell Square 大学区。附件大学有，艺术大学，西敏寺大学，伦敦政治经济学院（LSE）,伦敦大学学院（UCL）,国王学院和城市大学。另外离伦敦都会大学Holloway校区步行大约2分钟。另外还宿舍还靠近阿森纳球场。Wedgewood Court提供不同类型的带有独立卫浴的套间(En-suite)，2-6人共用一个厨房，可以和朋友共享还可以认识来自世界各地的舍友。如果你喜欢独立生活，同时提供带有独立厨房和卫浴的套间（Studio）以及两室套间( 2Bed Flat)。该宿舍的公共活动室配有，宽屏电视，沙发，自动售货机，等实施。以及还有超大户外学习区。还会组织各类社交活动，为您提供各种机会和场合认识新朋友。还设有洗衣房，自行车库，每天24小时的保安值班，CCTV监控，以及门禁系统来确保您的人身财务安全。 无线网络，财产保险，水电费也包含在房价内，因此您不必担心任何额外费用。','HAS_VACANCY', now(), now());
insert into dormitory (id, city_id, name, address, postcode, latitude, longitude, description, status, create_time, update_time) values (133,42,'North Lodge','Lebus Street, Tottenham','N17 9FD',51.5895562,-0.0584507,'North Lodge 位于北伦敦，离Tottenham Hale 地铁和汽车站步行大约2分钟，15分钟之内即可抵达中心伦敦/Russell Square 大学区。附件大学有，艺术大学，西敏寺大学，伦敦政治经济学院（LSE）,伦敦大学学院（UCL）,国王学院和城市大学。附近还有各类酒吧，餐馆，超市，健身房等场所。另外方便的公共交通连接伦敦中心Hoxton, Shoreditch, , Hoxton, Shoreditch, Brick Lane and Spitalfields等。同时乘Victoria 线地铁直达Oxford Circus 大约16分钟。North Lodge提供不同类型的带有独立卫浴的套间（En-suite），有充足的空间，3-10人共用一个厨房，可以和朋友共享还可以认识来自世界各地的舍友。还与另外一个学生宿舍 Emily Bowes Court 相邻。 North Lodege的公共活动室还配有，宽屏电视，沙发，免费台球桌等设施。同时还有超大户外学习区。另外还组织各类社交活动包括，欢迎聚会，烧烤，慈善活动等。为您提供各种机会和场合认识新朋友。通过参与组织等还能丰富您的个人简历。还设有洗衣房，自行车库，每天24小时的保安值班，CCTV监控，以及门禁系统来确保您的人身财务安全。 无线网络，财产保险，水电费也包含在房价内，因此您不必担心任何额外费用。','HAS_VACANCY', now(), now());
insert into dormitory (id, city_id, name, address, postcode, latitude, longitude, description, status, create_time, update_time) values (134,42,'Bloomfield Court','556 Holloway Road, Islington','N7 6JP',51.559344,-0.12188,'Bloomfield Court  位于北伦敦，坐落于Holloway Road，距伦敦中心大约10分钟车程。该宿舍靠近伦敦都会大学。离中心伦敦/Russell Square 大学区三站路。附件大学有，艺术大学，西敏寺大学，伦敦政治经济学院（LSE）,伦敦大学学院（UCL）,国王学院和城市大学。另外还有方便公交车或地铁到Regent 学院。另外离Camden Town, Islington’s Upper Street在20分钟车程之内。附近有各类酒吧，餐馆，现场音乐，喜剧俱乐部等场所丰富您在伦敦的生活。Bloomfield Court提供不同类型的带有独立卫浴的套间( En-Suite)，共用厨房，可以和朋友共享还可以认识来自世界各地的舍友。如果你喜欢独立生活，同时提供带有独立厨房和卫浴的套间（ Studio）。该宿舍的公共活动室还配有，宽屏电视，等设施。同时还组织各类社交活动，您提供各种机会和场合认识新朋友。还设有洗衣房，自行车库，每天24小时的保安值班，CCTV监控，以及门禁系统来确保您的人身财务安全。 无线网络，财产保险，水电费也包含在房价内，因此您不必担心任何额外费用。','HAS_VACANCY', now(), now());
insert into dormitory (id, city_id, name, address, postcode, latitude, longitude, description, status, create_time, update_time) values (135,42,'Woburn Place','19-29 Woburn Place, Bloomsbury','WC1H 0AQ',51.5235989,-0.1264436,'Woburn Place是一座位于伦敦中心的豪华学生宿舍，坐落于伦敦一区的中心。离Russell Square/Holborn 大学区步行大约5分钟。附近大学有，艺术大学，西敏寺大学，伦敦政治经济学院（LSE）,伦敦大学学院（UCL）,国王学院，城市大学，Hult国际商学院，和BBP法学院等。该宿舍提供同时提供带有独立厨房和卫浴的套间（Studio），一室套间（ 1 Bed Flat），两室套间( 2 Bed Flat)等。其超大公共活动室提供免费台球桌，平板电视等实施。还设有一个洗衣房，自行车库，每天24小时的保安值班，CCTV监控，以及门禁系统来确保您的人身财务安全。 无线网络，财产保险，水电费也包含在房价内，因此您不必担心任何额外费用。','HAS_VACANCY', now(), now());
insert into dormitory (id, city_id, name, address, postcode, latitude, longitude, description, status, create_time, update_time) values (136,42,'Donald Hunter House','1 Post Office Approach, Forest Gate','E7 0QQ',51.5472524,0.0257566,'Donald Hunter 位于东伦敦距Stratford city (2012年奥运村) 两站路。位于其附近的Westfield Complex 有各类酒吧，商店，等场所。离东伦敦大学Stratford 校区大约乘公交车15分钟，伦敦都会大学Aldgate 校区和Queen Mary 大学 the Mil End校区乘公交车大约25分钟。还有从Forest Gate站可以直达位于Shoreditch 的利物浦街大约10分钟。 Donald Hunter court 提供各种共用卫生间和厨房的房间。每个房间都有都有充足的的空间，可以和朋友共享还能可以认识来自世界各地的舍友。 另外还会组织各种社交活动，为为您提供各种人认识新朋友的场合和机会。设有洗衣房，停车场，每天24小时的保安值班，CCTV监控，以及门禁系统来确保您的人身财务安全。 无线网络，财产保险，水电费也包含在房价内，因此您不必担心任何额外费用。','HAS_VACANCY', now(), now());
insert into dormitory (id, city_id, name, address, postcode, latitude, longitude, description, status, create_time, update_time) values (137,42,'Quantum Court','10 King David Lane, Shadwell','E1 0DY',51.5105747,-0.0535603,'Quantum Court 位于东伦敦的安静居民区，距Shadwell 轻轨站步行大约5分钟。 离 Queen Marry大学和伦敦都会大学大约公交车10分钟车程。大约25分钟火车车程可抵达Ravensbourne 设计学院和中心伦敦/Russell Square 大学区。附件大学有，艺术大学，西敏寺大学，伦敦政治经济学院（LSE）,伦敦大学学院（UCL）,国王学院和城市大学。另外只需要短途车程便是Shoreditch , Hoxton 和Bethnal Green 。大约步行15分钟在Whitechapel 站可乘坐District 和Hammersmith & City地铁线前往伦敦中心的Brick Lane 和Euston Square. Quantum Court 的带有独立卫浴的套间（ En-suite）有充足的的空间，共用厨房，可以和朋友共享还可以认识来自世界各地的舍友。如果你喜欢独立生活，同时提供带有独立厨房和卫浴的套间（Studio）。 该宿舍新近装修公共活动室设有，宽屏电视，等设施。另外在其超大屋顶平台，您还可以欣赏到伦敦这座城市，和Canry 码头的风光。还设有洗衣房，自行车库，每天24小时的保安值班，CCTV监控，以及门禁系统来确保您的人身财务安全。 无线网络，财产保险，水电费也包含在房价内，因此您不必担心任何额外费用。','HAS_VACANCY', now(), now());
insert into dormitory (id, city_id, name, address, postcode, latitude, longitude, description, status, create_time, update_time) values (138,42,'Station Court','158 High Road, 1-39 Page Green Terrace, Tottenham','N15 4NU',51.5807265,-0.0713226,'Station Court 位于北伦敦，离位于Victoria 地铁线上的Seven Sisters 地铁站大约步行5分钟，可方便到达伦敦中心的Shoreditch, Brick Lane 和Spitalfields。从该地铁站离中心伦敦/Russell Square 大学区大约12分钟车程。附件大学有，艺术大学，西敏寺大学，伦敦政治经济学院（LSE）,伦敦大学学院（UCL）,国王学院和城市大学等。另外离伦敦都会大学，Middlesex 大学分别需要短途车程。Station Court 提供不同类型的带有独立卫浴的套间（En-suite），共用厨房，可以和朋友共享h还可以认识来自世界各地的舍友。还设有洗衣房，自行车库，每天24小时的保安值班，CCTV监控，以及门禁系统来确保您的人身财务安全。 无线网络，财产保险，水电费也包含在房价内，因此您不必担心任何额外费用。','HAS_VACANCY', now(), now());
insert into dormitory (id, city_id, name, address, postcode, latitude, longitude, description, status, create_time, update_time) values (139,42,'Wellington Lodge','268-282 Waterloo Road','SE1 8RQ',51.4992137,-0.1065509,'Wellington Lodge 2012年9月开始投入使用，位于伦敦一区，靠近多个伦敦景点。大约步行5分钟便是重要交通枢纽滑铁卢站。 在此您可乘坐Bakerloo, Jubilee he Northern 地铁线的车。另外在这片地区还设有多个汽车站。靠近多个大学，离伦敦 South Bank 大学，伦敦国王学院，和伦敦交通学院在步行10分钟之内。同时在地铁或者公交车程20分钟内便是中心伦敦/Russell Square 大学去。附近有伦敦大学学院（UCL）伦敦政治经济学院（LSE）艺术大学等多所高校。该宿舍全部配备现代化家具和设施，其带有独立卫浴的套间（ En-suite）有充分的的空间，共用厨房，可以和朋友共享还可以认识来自世界各地的舍友。如果你喜欢独立生活，还提供有独立厨房和卫浴的套间（Studio）。在其公共活动室有，宽屏电视，沙发等设施。还设有洗衣房，自行车库，每天24小时的保安值班，CCTV监控，以及门禁系统来确保您的人身财务安全。 无线网络，财产保险，水电费也包含在房价内，因此您不必担心任何额外费用。','HAS_VACANCY', now(), now());
insert into dormitory (id, city_id, name, address, postcode, latitude, longitude, description, status, create_time, update_time) values (140,42,'Blithehale Court','10 Witan Street, Bethnal Green','E2 6FG',51.5253046,-0.0565978,'Blithehale Court 位于东伦敦，离Bethnal Green 站步行大约2分钟，傍边有各类酒吧，餐馆，和维多利亚公园以及Bethnal Green Garden等场所。该宿舍地理位置优越，附近有各类车站方便您的出行。离伦敦中心，例如Hoxton, Shoreditch, Bethnal Green 和 Mile End等 大约只需要10分钟车程。步行或者乘车方可到达多个高校。Queen Mary 大学和伦敦都会大学 Aldgate 校区大约步行20分钟。乘Central 线地铁到Holborn 站只需要大约10分钟。旁边就是中心伦敦/Russell Square 大学区。附件大学有，艺术大学，西敏寺大学，伦敦政治经济学院（LSE）,伦敦大学学院（UCL）,国王学院和城市大学。从该宿舍出发分别需要大约15分钟路程。Blithehale Couert 的带有独立卫浴的套间（ En-Suite）有充足的的空间，3-5人共用一个厨房，可以和朋友共享还能可以认识来自世界各地的舍友。如果你喜欢独立生活，同时提供带有独立卫浴厨房的套间。 该宿舍新近装修的两个公共活动室还提供，宽屏电视，免费台球桌和Xbox 360s游戏机等设施。同时在其超大屋顶平台，可以让您尽情欣赏到伦敦这座城市，和Canry 码头的风光。另外还设有洗衣房，自行车库以及每天24小时的保安值班，CCTV监控，以及门禁系统来确保您的人身财务安全。 无线网络，财产保险，水电费也包含在房价内，因此您不必担心任何额外费用。','HAS_VACANCY', now(), now());
insert into dormitory (id, city_id, name, address, postcode, latitude, longitude, description, status, create_time, update_time) values (141,42,'Emily Bowes Court','Lebus Street, Tottenham Hale','N17 9FD',51.5895562,-0.0584507,'Emily Bowes Court 位于北伦敦，离Tottenham Hale 地铁和汽车站步行大约2分钟，15分钟之内即可抵达中心伦敦/Russell Square 大学区。附件大学有，艺术大学，西敏寺大学，伦敦政治经济学院（LSE）,伦敦大学学院（UCL）,国王学院和城市大学。附近还有各类酒吧，餐馆，超市，健身房等场所。另外方便的公共交通连接伦敦中心Hoxton, Shoreditch, , Hoxton, Shoreditch, Brick Lane and Spitalfields等。同时乘Victoria 线地铁直达Oxford Circus 大约16分钟。Emily Bowes Court的带有独立卫浴的套间（En-suite）有充分的的空间，3-7人共用一个厨房，可以和朋友共享还可以认识来自世界各地的舍友。如果你喜欢独立生活，同时提供带有独立厨房和卫浴的套间（Studio）。 该宿舍的公共活动室还配有，宽屏电视，沙发，免费台球桌等设施。同时还有超大户外学习区，另外还组织各类社交活动包括，欢迎聚会，烧烤，慈善活动等。为您提供各种机会和场合认识新朋友。通过参与组织等还能丰富您的个人简历。还设有洗衣房，自行车库，每天24小时的保安值班，CCTV监控，以及门禁系统来确保您的人身财务安全。 无线网络，财产保险，水电费也包含在房价内，因此您不必担心任何额外费用。','HAS_VACANCY', now(), now());
insert into dormitory (id, city_id, name, address, postcode, latitude, longitude, description, status, create_time, update_time) values (142,42,'Woodland Court','32-34 Market Road, Islington','N7 9AW',51.5462737,-0.1219431,'Woodland  Court  位于北伦敦2区，坐落于安静的 Caledon Road附近。距Caledonian Road地铁站大约步行4分钟，乘地铁两站便是离中心伦敦/Russell Square 大学区。附件大学有，艺术大学，西敏寺大学，伦敦政治经济学院（LSE）,伦敦大学学院（UCL）,国王学院和城市大学。另外距Islington, Camden Town 和伦敦中心只需要短途车程，丰富您在伦敦的生活。Woodland Court提供不同类型的带有独立卫浴的套间（En-Suite），共用厨房，可以和朋友共享还可以认识来自世界各地的舍友。如果你喜欢独立生活，同时提供带有独立厨房和卫浴的套间（Studio）。该宿舍的公共活动室配有宽屏电视，沙发，免费台球等等设施。还设有洗衣房，自行车库，每天24小时的保安值班，CCTV监控，以及门禁系统来确保您的人身财务安全。 无线网络，财产保险，水电费也包含在房价内，因此您不必担心任何额外费用。','HAS_VACANCY', now(), now());
insert into dormitory (id, city_id, name, address, postcode, latitude, longitude, description, status, create_time, update_time) values (143,42,'Bartholomew Road','111-113 Bartholomew Road, Kentish Town','NW5 2BJ',51.5501813,-0.134773,'Bartholomew Road 位于Kentish 中心，离 Camden Town步行几分钟，有各种连接King’s Cross 和莱斯特广场的公共交通。乘公共汽车几几分钟就可抵达中心伦敦/Russell Square 大学区。艺术大学，伦敦大学学院（UCL） SOAS 从该宿舍出发分别需要大约15分钟车程（公共汽车或地铁）,同时国王学院和城市大学也只需要短途车程。Bartholomew Road提供各类带有独立厨房和卫浴的套间（ Studio）和一室套间（1BedFlat）。 有自己的卫生间，学习区，大床和较大空间。同时还有自己的厨房，提供烤箱，冰箱，冰柜早餐吧等实施。还设有洗衣房，自行车库，每天24小时的保安值班，CCTV监控，以及门禁系统来确保您的人身财务安全。 无线网络，财产保险，水电费也包含在房价内，因此您不必担心任何额外费用。','HAS_VACANCY', now(), now());
insert into dormitory (id, city_id, name, address, postcode, latitude, longitude, description, status, create_time, update_time) values (144,42,'Beaumont Court','1-45 College Grove, Kings Cross','NW1 0RW',51.5375639,-0.1342578,'Beaumont Court 距Camden Town 只需要短距离步行。同时到Islington , Bloomsbury 和莱斯特广场只需要短距离车程，大约步行5分钟便是 King’s Cross 车站。20分钟车程（公共汽车或地铁）或者25分钟步行就是中心伦敦/Russell Square 大学区。附件大学有，艺术大学，西敏寺大学，伦敦政治经济学院（LSE）,伦敦大学学院（UCL）,国王学院和城市大学。Royal Veterinary 学院 Camden 校区坐落其隔壁。Beaumont Court的带有独立卫浴的套间（ En-Suite）有充分的的空间，共用厨房，可以和朋友共享还可以认识来自世界各地的舍友。如果你喜欢独立生活，同时提供带有独立厨房和卫浴的套间（Studio）。 该宿舍新近装修的两个公共活动室还配有，50村宽屏电视，沙发，自动售货机等实施。同时在其超大屋顶平台，您还可以充分欣赏伦敦眼，圣保罗大教堂，和Shard等景点。您还可以参加其定期组织的给类社交活动。还设有洗衣房，自行车库，每天24小时的保安值班，CCTV监控，以及门禁系统来确保您的人身财务安全。 无线网络，财产保险，水电费也包含在房价内，因此您不必担心任何额外费用。','HAS_VACANCY', now(), now());
insert into dormitory (id, city_id, name, address, postcode, latitude, longitude, description, status, create_time, update_time) values (145,42,'Canto Court','122 Old Street, Islington','EC1V 9BD',51.524894,-0.0925906,'Canto Court  是一所位于伦敦中心Finsbury 和Shoreditch之间的高质量学生宿舍。所在的位置公共交通方便，距离Old Street 站步行大约5分钟，可方便抵达，Islington, Shoreditch, Camden Town 和 West End。离中心伦敦/Russell Square 大学区只有3站。附近大学有，伦敦给政治经济学院（LSE）,艺术大学，伦敦商务和金融学院和伦敦大学学院（UCL）等。另离城市大学， Cass商学院，和Queen Mary大学分别步行在10分钟之内。该宿舍提供带有高质量的独立厨房和卫浴的套间（Studio）。全部配备现代化家具和设施，厨房还配备带触摸功能的滚刀，烧水壶， 面包机，微波炉等设施。房间带有自己的卫生间，沙发，和私人学习区，另外床铺可收起。还有花园，和公共活动室，提供电影院，游戏机，免费台球，自动售货机，学习区等实施。另外还有各种社会和义务活动的机会，让您结识来自世界各地的新朋友等。还设有洗衣房，自行车库，每天24小时的保安值班，CCTV监控，以及门禁系统来确保您的人身财务安全。 无线网络，财产保险，水电费也包含在房价内，因此您不必担心任何额外费用。','HAS_VACANCY', now(), now());
insert into dormitory (id, city_id, name, address, postcode, latitude, longitude, description, status, create_time, update_time) values (146,42,'Charles Morton Court','37-43 Green Lanes, Newington Green','N16 9BS',51.5526481,-0.0873951,'Charles Morton Court位于北伦敦安静的的Newington Green地区。可方便到达Islington, Camden, Hackney 和伦敦中心。乘公交车大约20分钟就是城市大学，伦敦都会大学和/Russell Square 大学区例如，伦敦给政治经济学院（LSE）,艺术大学等，只需要短途公交车或者地铁车程。  该宿舍总共92个房间，包含带独立卫生间的套间（En-Suite），有自己的学习区，大床，和充足空间，4或6共用1个厨房，可以和朋友共享还可以认识来自世界各地的舍友。如果你喜欢独立生活，同时提供带有独立厨房和卫浴的套间（ Studio）。 同时还有花园，和超大公共活动室，配有宽屏电视，沙发，免费台球，等实施。另外还提供各种社会活动，还能结识新朋友等。还设有洗衣房，自行车库，每天24小时的保安值班，CCTV监控，以及门禁系统来确保您的人身财务安全。 无线网络，财产保险，水电费也包含在房价内，因此您不必担心任何额外费用。','HAS_VACANCY', now(), now());
insert into dormitory (id, city_id, name, address, postcode, latitude, longitude, description, status, create_time, update_time) values (147,42,'Elizabeth Croll House','27 Penton Rise, Kings Cross','WC1X 9AX',51.5305467,-0.1148421,'Elizabeth Croll House 位于伦敦一区，坐落于 SOAS Vernon Square 校区。其King Cross 中心的位置，您可非常方便地到达伦敦的主要大学。于SOAS比邻，离伦敦大学学院（UCL）和艺术大学步行分别大约15和20分钟。离重要交通枢纽King’s Cross  St Pancras 和Euston 站分别大约步行10和15分钟。另外您还可以从King’s Cross 汽车站乘坐Piccadilly 线直接到伦敦中心的Russell Square 大学区。另外在步行15分钟范围内还有各类餐馆，现场音乐馆，喜剧俱乐部，酒吧，展览馆，旅游景点等场所。该宿舍提供带有高质量的独立厨房和卫浴的套间（Studio）和两室套间(2Bed Flat)。全部配备现代化家具和设施，厨房还配备带触摸功能的滚刀。带有自己的卫生间，大床，和私人学习区。该宿舍虽然规模小，但为您提供了一个安静，并学习氛围浓郁的环境，来确保您专注于学习。同时还有花园，和公共活动室，门外就有一个小吃店。还设有洗衣房，自行车库，每天24小时的保安值班，CCTV监控，以及门禁系统来确保您的人身财务安全。 无线网络，财产保险，水电费也包含在房价内，因此您不必担心任何额外费用。','HAS_VACANCY', now(), now());
insert into dormitory (id, city_id, name, address, postcode, latitude, longitude, description, status, create_time, update_time) values (148,42,'Great Suffolk Street','17 Great Suffolk Street, Southwark','SE1 0NS',51.5007933,-0.0985443,'Great Suffolk Street 位于伦敦一区，距位于Jubilee线上的Southwark地铁 站步行几分钟，离位于Bakerloo, Northern Jubilee 线交汇滑铁卢站大约步行10分钟。您可以非常方便地到达大多数伦敦著名的地区，包括，Bond Street, Leicester Square, Camden Town 和 Oxford Circus等。该宿舍所在的位置靠近很多大学。离伦敦国王学院和伦敦 South Bank大学步行大约10分钟。大约20分钟车程就是中心伦敦/Russell Square 大学区，附近有伦敦艺术大学，伦敦政治经济学院(LSE),伦敦大学学院（UCL）等。该宿舍提供带有独立卫浴的套间（En-Suite），2或5人共用一个厨房，可以和朋友共享还可以认识来自世界各地的舍友。如果你喜欢独立生活，同时提供带有独立厨房和卫浴的套间（Studio），一室一厅(one Bed Flat)，以及两室套间（2 Bed Flat）,用户有自己的卫生间，双人床（135x190cm）,学习区等。在其楼顶花园您可以观赏到伦敦的圣保罗大教堂，伦敦眼，The Shard等景点，还提供安静学习间和顶楼公共活动室。还设有洗衣房，自行车库，每天24小时的保安值班，CCTV监控，以及门禁系统来确保您的人身财务安全。 无线网络，财产保险，水电费也包含在房价内，因此您不必担心任何额外费用。','HAS_VACANCY', now(), now());
insert into dormitory (id, city_id, name, address, postcode, latitude, longitude, description, status, create_time, update_time) values (149,42,'Greencoat House','183 Clarence Street, Kingston-upon-Thames','KT1 1AN',51.4121552,-0.300915,'Greencoat House 位于Kingston-upon-Thames 中心，离Kingston大学只需要步行大约10分钟。其附近有各类商店，酒吧，娱乐等场所，其对面就是 Rotunda Leisure Complex.离Thames河大约步行10分钟。该宿舍离Kingston火车站大约步行半分钟，在这里您可以乘车直达滑铁卢站。在位于其对面的Kingston 汽车站乘公车可以到Kingston大学、伦敦其它地区和萨里该宿舍提供带有独立厨房的套间。您将会有自己的厨房，卫生间，大床，和私人学习区。另外双人独立套间可供两人共用。超大公共活动室还提供宽屏电视，另外还有单独安静学习室等设施。其还设有洗衣房，自行车库，每天24小时的保安值班，CCTV监控，以及门禁系统来确保您的人身财务安全。 无线网络，财产保险，水电费也包含在房价内，因此您不必担心任何额外费用。','HAS_VACANCY', now(), now());
insert into dormitory (id, city_id, name, address, postcode, latitude, longitude, description, status, create_time, update_time) values (150,42,'Pacific Court','15 Assembly Passage, Whitechapel','E1 4EY',51.5198655,-0.050954,'Pacific Court  位于东伦敦，步行几分钟便是位于District, Circle, Hammersmith City 线上的Stepney Green 地铁站。距Shoreditch, Hoton, Brick Lane和伦敦中心大约20分钟车程。靠近多所大学，离Queen Mary 大学和伦敦都会大学Aldgate 校区大约步行15分钟。大约20分钟车程就是中心伦敦/Russell Square 大学区。附件大学有，艺术大学，西敏寺大学，伦敦政治经济学院（LSE）,伦敦大学学院（UCL）,国王学院和城市大学。Pacific提供带有独立卫浴以及学习区的套间，2-5人共用一个厨房，可以和朋友共享还能认识来自世界各地的舍友。如果你喜欢独立生活，该宿舍还提供带有有独立厨房和卫浴的套间（Studio）。 该宿舍还设有公共活动室，花园，洗衣房，自行车库等，每天24小时的保安值班，CCTV监控，以及门禁系统来确保您的人身财务安全。 无线网络，财产保险，水电费也包含在房价内，因此您不必担心任何额外费用。','HAS_VACANCY', now(), now());
insert into dormitory (id, city_id, name, address, postcode, latitude, longitude, description, status, create_time, update_time) values (151,42,'Rahere Court','Toby Lane, Mile End','E1 4DW',51.5228422,-0.0387182,'Rahere Court 位于东伦敦，靠近多个学生区，例如Hoxton, Shoreditch, Bethnal Green 和 Mile End。距Queen Mary 大学 the Mil End校区步行大约1分钟，伦敦都会大学和城市大学步行分别大约15分钟。另外地铁或公交大约20分钟就能到达中心伦敦/Russell Square 大学区。Rahere Court提供带有独立卫浴的套间（En-Suite）有充足的的空间，3-5人共用一个厨房，可以和朋友共享还可以认识来自世界各地的舍友。如果你喜欢独立生活，同时提供带有独立厨房和卫浴的套间（Studio）。 该宿舍还提供室内外公共区，以及各种社交活动。为为您提供各种人认识新朋友的场合和机会。还设有洗衣房，自行车库，每天24小时的保安值班，CCTV监控，以及门禁系统来确保您的人身财务安全。 无线网络，财产保险，水电费也包含在房价内，因此您不必担心任何额外费用。','HAS_VACANCY', now(), now());
insert into dormitory (id, city_id, name, address, postcode, latitude, longitude, description, status, create_time, update_time) values (152,42,'Stratford One ','1 International Way, Stratford','E20 1G',51.5445365,-0.0111414,'该宿舍坐落于伦敦奥运村，可乘坐各类交通工具到达伦敦的每一个部分。隔壁就是拥有超过250个商店，和70个餐馆的Westfield 购物中心。另外距到伦敦中心大约10分钟路程。Unite Stratford One 的带有独立卫浴的套间（En-Suite）有充足的的空间，共用厨房，可以和朋友共享还可以认识来自世界各地的舍友。如果你喜欢独立生活，同时提供带有独立厨房和卫浴的套间（Studio）。在其超大屋顶平台，您还可以充分欣赏伦敦这座城市，和奥运村的风光。同时还提供公共室内区域，和学习室，以供社交需要。还设有洗衣房，自行车库，每天24小时的保安值班，CCTV监控，以及门禁系统来确保您的人身财务安全。 无线网络，财产保险，水电费也包含在房价内，因此您不必担心任何额外费用。','HAS_VACANCY', now(), now());
insert into dormitory (id, city_id, name, address, postcode, latitude, longitude, description, status, create_time, update_time) values (153,21,'Callice Court','155 Far Gosford Street','CV1 5DJ',52.4069441,-1.4985894,'Callice Court 坐落于考文垂大学中心，离市中心步行几分钟，有各种酒吧、餐馆、商店等场所，方便您的生活。考文垂大学和William Morris 大楼就在其旁边。附近有超市，步行大约10分钟就有大型超市Sainsbury’。 该宿舍的带有独立卫浴的套间，2-6人共用一个厨房，可以和朋友共享或者可以认识来自世界各地的舍友。如果你喜欢独立生活可以，同时提供带有独立厨房的套间，一室一厅，和两室套间供您选择。 其还设有洗衣房，自行车库，每天24小时的保安值班，CCTV监控，以及门禁系统来确保您的人身财务安全。无线网络，财产保险，水电费也包含在房价内，因此您不必担心任何额外费用。','HAS_VACANCY', now(), now());
insert into dormitory (id, city_id, name, address, postcode, latitude, longitude, description, status, create_time, update_time) values (154,21,'Raglan House','Raglan Street','CV1 5QF',52.4101969,-1.5004778,'Raglan House 坐落于考文垂大学中心，离市中心步行几分钟，有各种酒吧、餐馆、商店等场所，方便您的生活。考文垂大学和William Morris 大楼就在其旁边。附近有超市，步行大约10分钟就有大型超市Sainsbury’。 该宿舍的带有独立卫浴的套间，2-6人共用一个厨房，可以和朋友共享或者可以认识来自世界各地的舍友。如果你喜欢独立生活可以，同时提供带有独立厨房的套间，一室一厅，和两室套间供您选择。 其还设有洗衣房，自行车库，每天24小时的保安值班，CCTV监控，以及门禁系统来确保您的人身财务安全。无线网络，财产保险，水电费也包含在房价内，因此您不必担心任何额外费用。','HAS_VACANCY', now(), now());
insert into dormitory (id, city_id, name, address, postcode, latitude, longitude, description, status, create_time, update_time) values (155,21,'Mercia Lodge ','Broadgate','CV1 1LZ',52.408597,-1.5111689,'Mercia Lodge 是坐落于考文垂中心的一座全新装修的宿舍，位于 Top Shop 和星巴克门口，离大学校区只要大约步行3分钟，附近有各类餐馆，酒吧等场所，方便您的学习生活。该宿舍由不同种类带独立卫浴和厨房的套间（studios）构成。','HAS_VACANCY', now(), now());
insert into dormitory (id, city_id, name, address, postcode, latitude, longitude, description, status, create_time, update_time) values (156,25,'Chalmers Street','36 Chalmers Street','EH3 9FE',55.9426984,-3.1972652,'Chalmers Street坐落于爱丁堡Marchmont 靠近Meadows(大停车场)。可步行达到爱丁堡大学 George Square 和Napier 大学。靠近Grassmarket, Quartermile, Lothian Road,Princess Street 和Calton Hill步行可到达。旁边有超市、健身房、酒吧、餐馆等场所，方便您的生活。Chalmers Street提供带有独立卫浴的套间和共用卫浴的房间，共用厨房等设施，可以和朋友共享或者可以认识来自世界各地的舍友。如果你喜欢独立生活，同时提供带有独立厨房的套间。还设有洗衣房，自行车库，每天24小时的保安值班，CCTV监控，以及门禁系统来确保您的人身财务安全。无线网络，财产保险，水电费也包含在房价内，因此您不必担心任何额外费用。','HAS_VACANCY', now(), now());
insert into dormitory (id, city_id, name, address, postcode, latitude, longitude, description, status, create_time, update_time) values (157,25,'Panmure Court','32 Calton Road','EH8 8DP',55.952806,-3.1786154,'Panmure Court坐落于Calton Road，离爱丁堡大学骑自行车大约8分钟，或者步行大约20分钟。去其他大学，从该宿舍步行大约5分钟，在坐落于 Princes Street 主要汽车站可乘车达到其他大学。 步行几分就是Grassmarket 和picturesque Holyrood Park,这里有酒吧，餐馆，超市等场所，方便您的生活。Panmure Court提供带有独立厨房带有小双人床（3/4 120X190cm）或者双人床（135X190cm）的套间。  还设有洗衣房，自行车库，每天24小时的保安值班，CCTV监控，以及门禁系统来确保您的人身财务安全。无线网络，财产保险，水电费也包含在房价内，因此您不必担心任何额外费用。','HAS_VACANCY', now(), now());
insert into dormitory (id, city_id, name, address, postcode, latitude, longitude, description, status, create_time, update_time) values (158,25,'McDonald Road','6 McDonald Road','EH7 4GT',55.9617682,-3.1821074,'McDonald Road坐落于爱丁堡Leith，乘公车大约10分钟到爱丁堡大学主校区。所有到其他大学的汽车站都坐落于Leith Walk。靠近爱丁堡主要购物区Princess Street 和Calton Hill，步行就可到达。附近有酒吧、餐馆等场所，方便您的生活。McDonald Road 的带有独立卫浴的套间，3-5人共用一个厨房，可以和朋友共享或者可以认识来自世界各地的舍友。如果你喜欢独立生活，同时提供带有独立厨房的套间。 还设有洗衣房，自行车库，每天24小时的保安值班，CCTV监控，以及门禁系统来确保您的人身财务安全。 无线网络，财产保险，水电费也包含在房价内，因此您不必担心任何额外费用。','HAS_VACANCY', now(), now());
insert into dormitory (id, city_id, name, address, postcode, latitude, longitude, description, status, create_time, update_time) values (159,25,'Portsburgh Court','56 Lady Lawson Street','EH3 9DH',55.9455068,-3.2004582,'Portsburgh Court 坐落于爱丁堡艺术学院对面，靠近爱丁堡大学。靠近Grassmarket, LOTHINA Road, Princes Street 和the Royal，步行可到达。有超市、健身房、酒吧、餐馆等场所，方便您的生活。该宿舍旁边有汽车站，乘车可直达Heriot-Watt大学。去市中心步行即可。其提供带有独立卫浴的套间，3-5人共用一个厨房厨房，可以和朋友共享或者可以认识来自世界各地的舍友。如果你喜欢独立生活，同时提供带有独立厨房的套间。较高楼层可看到爱丁堡城堡和Pentland 山。还设有洗衣房，自行车库，每天24小时的保安值班，CCTV监控，以及门禁系统来确保您的人身财务安全。无线网络，财产保险，水电费也包含在房价内，因此您不必担心任何额外费用。','HAS_VACANCY', now(), now());
insert into dormitory (id, city_id, name, address, postcode, latitude, longitude, description, status, create_time, update_time) values (160,25,'Lady Nicolson Court','38 Potterrow','EH8 9BT',55.9450962,-3.1863946,'Lady Nicolson Court 坐落于爱丁堡大学主校区旁边。离爱丁堡艺术学院大约步行10分钟，旁边有主要汽车站。靠近Grassmarket 和Picturesque Meadows,有超市、健身房、酒吧、餐馆等场所，方便您的生活。Lady Nicolson Court提供各类带有独立厨房的套间。其还设有洗衣房，自行车库，每天24小时的保安值班，CCTV监控，以及门禁系统来确保您的人身财务安全。无线网络，财产保险，水电费也包含在房价内，因此您不必担心任何额外费用。','HAS_VACANCY', now(), now());
insert into dormitory (id, city_id, name, address, postcode, latitude, longitude, description, status, create_time, update_time) values (161,26,'Exeter Trust House','Salem Place','EX4 6TZ',50.718412,-3.533899,'Exeter Trust House是一座时尚、现代的宿舍楼，坐落于艾克赛特重要高街末端，离艾克赛特大学Streatham 校区大约步行20分钟。离St Luke’s校区大约15分钟。同时离Peninsula 医学院步行大约20分钟。步行大约15分钟到火车站和10分钟到市中心，有超市、商店、酒吧、餐馆等场所。该宿舍有带有独立卫浴的套间113间，共用厨房，可以和朋友共享或者可以认识来自世界各地的舍友。如果你喜欢独立生活，同时提供11间带有独立厨房的套间。在其超大室内公共区域提供台球桌、电视等实施。同时室外公共区域提供桌椅、乒乓球桌等实施。其还设有洗衣房，自行车库，每天24小时的保安值班，CCTV监控，以及门禁系统来确保您的人身财务安全。无线网络，财产保险，水电费也包含在房价内，因此您不必担心任何额外费用。','HAS_VACANCY', now(), now());
insert into dormitory (id, city_id, name, address, postcode, latitude, longitude, description, status, create_time, update_time) values (162,26,'Northernhay House','Northernhay Place','EX4 3RY',50.7260577,-3.5282353,'Northernhay House坐落于艾克赛特中心，靠近艾克赛特大学Streatham 校区。离StLuke’s校区步行大约20分钟。步行5分钟就可到火车站。附近有超市商店、酒吧、餐馆等场所。Northernhay House有带有独立卫浴的套间以及共用卫浴的普通间，共用厨房，可以和朋友共享或者可以认识来自世界各地的舍友。如果你喜欢独立生活，同时提供带有独立厨房的套间以及一室一厅。 该宿舍有两个洗衣房，室外公共区，以及自行车库等设施。闭路电视以及门禁系统确保您的人身财务安全。 还设有洗衣房，自行车库，每天24小时的保安值班，CCTV监控，以及门禁系统来确保您的人身财务安全。无线网络，财产保险，水电费也包含在房价内，因此您不必担心任何额外费用。','HAS_VACANCY', now(), now());
insert into dormitory (id, city_id, name, address, postcode, latitude, longitude, description, status, create_time, update_time) values (163,26,'Northfield','New North Road','EX4 4FB',50.7290819,-3.5383352,'Northfield 是一座时尚、现代的宿舍楼，坐落于艾克赛特大学Streatham 校区对面。离埃克斯艾特学院和St David’s 火车站大约步行5分钟。步行大约15分钟到市中心，有超市、商店、酒吧、餐馆等场所。该宿舍有带有独立卫浴的套间113间，共用厨房，可以和朋友共享或者可以认识来自世界各地的舍友。如果你喜欢独立生活，同时提供70间带有独立厨房的套间。在其超大室内公共区域提供台球桌，电视，自动售货机等实施。同时室外公共区域提供桌椅，乒乓球桌等实施。还设有洗衣房，自行车库，每天24小时的保安值班，CCTV监控，以及门禁系统来确保您的人身财务安全。 无线网络，财产保险，水电费也包含在房价内，因此您不必担心任何额外费用。','HAS_VACANCY', now(), now());
insert into dormitory (id, city_id, name, address, postcode, latitude, longitude, description, status, create_time, update_time) values (164,29,'Buchanan View','35 Calgary Street','G4 0XG',55.8681753,-4.2478156,'Buchanan View 坐落于格拉斯哥中心，作为当地最高的建筑之一，可以使您对格拉斯哥的建筑物尽收眼底。附近有酒吧，餐馆，商店等场所来方便您的生活。格拉斯哥 Caledonian 大学就在其旁边。同时靠近Strathclyde 大学。该宿舍的独立卫浴的套间，共用厨房，可以和朋友共享或者可以认识来自世界各地的舍友。如果你喜欢独立生活，同时提供带有独立厨房的套间。 还设有洗衣房，自行车库，每天24小时的保安值班，CCTV监控，以及门禁系统来确保您的人身财务安全。 无线网络，财产保险，水电费也包含在房价内，因此您不必担心任何额外费用。','HAS_VACANCY', now(), now());
insert into dormitory (id, city_id, name, address, postcode, latitude, longitude, description, status, create_time, update_time) values (165,29,'Blackfriars','4 Blackfriars Road','G1 1QL',55.858796,-4.2407608,'Blackfriars 坐落于格拉斯哥中心的 Merchant City，附近有酒吧、餐馆、商店等场所来方便您的生活。离Strathclyde 大学和格拉斯哥城市学院大约步行5分钟，格拉斯哥大学大约步行10分钟。 该宿舍的独立卫浴的套间有共用厨房，可以和朋友共享或者可以认识来自世界各地的舍友。如果你喜欢独立生活，同时提供带有独立厨房的套间和一室一厅。 还设有洗衣房，自行车库，每天24小时的保安值班，CCTV监控，以及门禁系统来确保您的人身财务安全。无线网络，财产保险，水电费也包含在房价内，因此您不必担心任何额外费用。','HAS_VACANCY', now(), now());
insert into dormitory (id, city_id, name, address, postcode, latitude, longitude, description, status, create_time, update_time) values (166,29,'Kelvin Court','30 Yorkhill Street','G3 8RY',55.866791,-4.2933113,'Kelvin Court是一个时尚现代的宿舍，离格拉斯哥大学步行大约5分钟，坐落于格拉斯哥中心。旁边就是Byres Road 和Argyle Street。附近有酒吧、餐馆、商店等场所来方便您的生活。附近有方便的公共交通，有地铁站，汽车站等方便您的出行。该宿舍的带独立卫浴的套间有共用厨房，可以和朋友共享或者可以认识来自世界各地的舍友。如果你喜欢独立生活，同时提供带有独立厨房的套间或者一室一厅。还设有洗衣房，自行车库，每天24小时的保安值班，CCTV监控，以及门禁系统来确保您的人身财务安全。 无线网络，财产保险，水电费也包含在房价内，因此您不必担心任何额外费用。','HAS_VACANCY', now(), now());
insert into dormitory (id, city_id, name, address, postcode, latitude, longitude, description, status, create_time, update_time) values (167,29,'Gibson Street','Gibson Street','G12 8SY',55.8731786,-4.2855223,'Kelvin Court是一个时尚现代的宿舍，离格拉斯哥大学步行大约5分钟，坐落于格拉斯哥中心。旁边就是Byres Road 和Argyle Street。附近有酒吧，餐馆，商店等场所来方便您的生活。附近有方便的公共交通，有地铁站，汽车站等方便您的出行。该宿舍的带独立卫浴的套间，共用厨房，可以和朋友共享或者可以认识来自世界各地的舍友。如果你喜欢独立生活，同时提供带有独立厨房的套间或者一室一厅。还设有洗衣房，自行车库，每天24小时的保安值班，CCTV监控，以及门禁系统来确保您的人身财务安全。 无线网络，财产保险，水电费也包含在房价内，因此您不必担心任何额外费用。','HAS_VACANCY', now(), now());
insert into dormitory (id, city_id, name, address, postcode, latitude, longitude, description, status, create_time, update_time) values (168,29,'Thurso Street','3 Thurso Street','G11 6PE',55.869675,-4.2971122,'Thurso Street是一座现代时尚宿舍， 坐落于格拉斯哥Kelvin 河边，旁边就是Byres Road,对面就是格拉斯哥大学。附近有方便的公共交通，有地铁站，汽车站等方便您的出行。该宿舍更靠近Byres Road 和Argyle Street,有酒吧，餐馆，商店等场所来方便您的生活。该宿舍的带独立卫浴的套间，共用厨房，可以和朋友共享或者可以认识来自世界各地的舍友。如果你喜欢独立生活，同时提供带有独立厨房的套间。在这里您可以欣赏的美丽的Kelvingrove 公园的景观。 还设有洗衣房，自行车库，每天24小时的保安值班，CCTV监控，以及门禁系统来确保您的人身财务安全。 无线网络，财产保险，水电费也包含在房价内，因此您不必担心任何额外费用。','HAS_VACANCY', now(), now());
insert into dormitory (id, city_id, name, address, postcode, latitude, longitude, description, status, create_time, update_time) values (169,31,'Snow Island','Kingsmill Lane','HD1 3AW',53.6407029,-1.775321,'该宿舍坐落于King mill Lane。  离哈德斯菲尔德大学校园只有一路之隔。步行5分钟可以到达赫德斯菲尔德中心，以及其主要商店餐馆等。Saw Mill 独立卫浴的套间，3-6人共用一个厨房，可以和朋友共享或者可以认识来自世界各地的舍友。如果你喜欢独立生活，同时提供带有独立厨房的套间。 其公共区域有台球桌，自动售货机，同时设有户外座椅洗衣房等设施。其还设有洗衣房，自行车库，每天24小时的保安值班，CCTV监控，以及门禁系统来确保您的人身财务安全。无线网络，财产保险，水电费也包含在房价内，因此您不必担心任何额外费用','HAS_VACANCY', now(), now());
insert into dormitory (id, city_id, name, address, postcode, latitude, longitude, description, status, create_time, update_time) values (170,31,'Firth Point','100 Firth Street','HD1 3BQ',53.6432961,-1.7746728,'该宿舍坐落于Firth Street。 2分钟步行距离到哈德斯菲尔德大学。步行5分钟可以到达赫德斯菲尔德中心，以及其主要商店餐馆酒吧等。附近有大型Sainsbury 和 ASDA 超市。The Plaza 独立卫浴的套间，4-6人共用一个厨房，可以和朋友共享或者可以认识来自世界各地的舍友。 还设有洗衣房，自行车库，每天24小时的保安值班，CCTV监控，以及门禁系统来确保您的人身财务安全。无线网络，财产保险，水电费也包含在房价内，因此您不必担心任何额外费用。','HAS_VACANCY', now(), now());
insert into dormitory (id, city_id, name, address, postcode, latitude, longitude, description, status, create_time, update_time) values (171,41,'Capital Gate','20 Daulby Street','L3 5NX',53.4094938,-2.9680883,'Capital Gate 坐落于利物浦大学边缘，到利物浦John Moores 大学和利物浦 Hope 大学也只需要短暂步行。附近有很多商店方便您的生活。大约步行10分钟就可以到达Lime Street火车站和市中心，以及其主要商店餐馆等。Capital Gate 的独立卫浴的套间超过400个，4-6人共用一个厨房。可以和朋友共享或者可以认识来自世界各地的舍友。有少量的小户型可以供您选择，同时可两人居住。还设有洗衣房，自行车库，每天24小时的保安值班，CCTV监控，以及门禁系统来确保您的人身财务安全。无线网络，财产保险，水电费也包含在房价内，因此您不必担心任何额外费用。','HAS_VACANCY', now(), now());
insert into dormitory (id, city_id, name, address, postcode, latitude, longitude, description, status, create_time, update_time) values (172,41,'Grand Central','Skelhorne Street','L3 5GA',53.4068663,-2.9770096,'Grand Central 坐落于利物浦中心，离主要购物街只有步行几分钟的距离。拥有1200个房间，使其成为英国最大的学生宿舍之一。 该宿舍楼同时拥有大二大三学生专区。该宿舍同时靠近利物浦 John Moores 大学，Mount Pleasant 校区和利物浦大学。交通便利，附近有Lime Street 火车站和Queens Square 汽车站。通过方便的城市交通也可以快速到达Edge Hill， Liverpool Hole 和利物浦 John Moores Marsh 校区。Grand Central 的独立卫浴套间，2-6人共用一个厨房客厅，其普通房间3-6人共用卫生间和厨房，可以认识来自世界各地的舍友。如果你喜欢独立生活可以，宿舍提供带有独立厨房的套间。 2013年暑期新装修，并该换了新的厨房用具等设施。 宿舍设有洗衣房，自行车库，每天24小时的保安值班，CCTV监控，以及门禁系统来确保您的人身财务安全。无线网络，财产保险，水电费也包含在房价内，因此您不必担心任何额外费用','HAS_VACANCY', now(), now());
insert into dormitory (id, city_id, name, address, postcode, latitude, longitude, description, status, create_time, update_time) values (173,41,'The Railyard','Crown Station Place, Crown Street','L7 3LA',52.0595449,1.1553849,'The Railyard 靠近利物浦大学南校区和Sydney Jones 图书馆，距利物浦John Morres 大学Mount Pleasant 校区步行10分钟路程。到其他系包括牙医，医学，人文科学，语言系也只需要短暂步行。大约步行20分钟就可以到达利物浦大学，以及其主要商店餐馆等。其还设有洗衣房，自行车库，每天24小时的保安值班，CCTV监控，以及门禁系统来确保您的人身财务安全。 无线网络，财产保险，水电费也包含在房价内，因此您不必担心任何额外费用，每周清洁','HAS_VACANCY', now(), now());
insert into dormitory (id, city_id, name, address, postcode, latitude, longitude, description, status, create_time, update_time) values (174,41,'Arrad House','Cambridge Court','L7 7JE',53.4024642,-2.9680029,'Arrad House 最为UNITE宿舍村的一部分坐落于利物浦大学区中心，分别离利物浦John Moores 和利物浦大学只需要几分钟的步行距离。大约步行15分钟就可以到达利物浦市中心。宿舍村内不同风格和特点的宿舍楼总有一款适合您的选择。Lennon Studios 尤其自己的酒吧喝便利店， 非常受利物浦各个学校学生的欢迎。Arrad House 的独立卫浴的套间，几个人共用一个厨房，可以和朋友共享或者可以认识来自世界各地的舍友。如果你喜欢独立生活可以，同时提供带有独立厨房的套间。 Arrad House 的特点是二级历史建筑使其每个房间都独一无二的。 还设有洗衣房，自行车库，每天24小时的保安值班，CCTV监控，以及门禁系统来确保您的人身财务安全。无线网络，财产保险，水电费也包含在房价内 不必担心额外费用。','HAS_VACANCY', now(), now());
insert into dormitory (id, city_id, name, address, postcode, latitude, longitude, description, status, create_time, update_time) values (175,41,'Larch House','Cambridge Court','L7 7EE',53.4024642,-2.9680029,'Larch House 作为UNITE宿舍村的一部分坐落于利物浦大学区中心，分别离利物浦John Moores 和利物浦大学只需要几分钟的步行距离。大约步行15分钟就可以到达利物浦市中心。宿舍村内不同风格和特点的宿舍楼总有一款适合您的选择。Larch House拥有酒吧喝便利店， 非常受利物浦各个学校学生的欢迎。Larch House 的独立卫浴的套间，几个人共用一个厨房，可以和朋友共享，也可以认识来自世界各地的舍友。如果你喜欢独立生活，宿舍提供一室一厅的房子。 Larch House的特点是二级历史建筑，使其每个房间都独一无二的。宿舍设有洗衣房，自行车库，每天24小时的保安值班，CCTV监控，以及门禁系统来确保您的人身财务安全。无线网络，财产保险，水电费也包含在房价内，因此您不必担心任何额外费用','HAS_VACANCY', now(), now());
insert into dormitory (id, city_id, name, address, postcode, latitude, longitude, description, status, create_time, update_time) values (176,41,'Cambridge Court','Merseyside','L7 7JB',53.4020917,-2.967965,'Cambridge Court 作为UNITE宿舍村的一部分，坐落于利物浦大学区中心，分别离利物浦John Moores 和利物浦大学只需要几分钟的步行距离。大约步行15分钟就可以到达利物浦市中心。宿舍村内不同风格和特点的宿舍楼总有一款适合您的选择。Cambridge Court 拥有酒吧和便利店， 非常受利物浦各个学校学生的欢迎。Cambridge Court 的独立卫浴的套间，几个人共用一个厨房，可以和朋友共享，也可以认识来自世界各地的舍友。如果你喜欢独立生活可以，同时提供带有独立厨房的套间。  宿舍设有洗衣房，自行车库，每天24小时的保安值班，CCTV监控，以及门禁系统来确保您的人身财务安全。无线网络，财产保险，水电费也包含在房价内，因此您不必担心任何额外费用','HAS_VACANCY', now(), now());
insert into dormitory (id, city_id, name, address, postcode, latitude, longitude, description, status, create_time, update_time) values (177,41,'Lennon Studios','109 Cambridge Court','L7 7AG',53.4028069,-2.9684475,'Lennon Studio 做为UNITE宿舍村的一部分坐落于利物浦大学区中心，离利物浦John Moores 和利物浦大学都只需要几分钟的步行距离。大约步行15分钟就可以到达利物浦市中心。宿舍村内不同风格和特点的宿舍楼总有一款适合您的选择。Lennon Studios 拥有酒吧和便利店， 非常受利物浦各个学校学生的欢迎。Lennon Studios 的独立卫浴的套间，几个人共用一个厨房，可以和朋友共享或者可以认识来自世界各地的舍友。如果你喜欢独立生活可以，同时提供带有独立厨房的套间。 Lennon Studios 的特点是其为二级历史建筑，这使其每个房间都独一无二。另外还设有洗衣房，自行车库，每天24小时的保安值班，CCTV监控，以及门禁系统来确保您的人身财务安全。无线网络，财产保险，水电费也包含在房价内，因此您不必担心任何额外费用','HAS_VACANCY', now(), now());
insert into dormitory (id, city_id, name, address, postcode, latitude, longitude, description, status, create_time, update_time) values (178,41,'Myrtle Court','200 Crown Street','L8 7JX',53.4004563,-2.9579276,'Myrtle Court 靠近利物浦大学南校区和 Sydney Jones 图书馆。离利物浦市中心步行15分钟。由于很多利物浦国际学院的学生居住于此，使其非常国际化。在此你可以感受到不同的文化和认识来自世界不同国家的朋友。Myrtle Court 形式是独立卫浴的套间，共用厨房，可以和朋友共享或者可以认识来自世界各地的舍友。 还设有洗衣房，自行车库，每天24小时的保安值班，CCTV监控，以及门禁系统来确保您的人身财务安全。 无线网络，财产保险，水电费也包含在房价内，因此您不必担心任何额外费用，每周清洁','HAS_VACANCY', now(), now());
insert into dormitory (id, city_id, name, address, postcode, latitude, longitude, description, status, create_time, update_time) values (179,39,'Filbert Village','1 Lineker Road','LE2 7FZ',52.62346,-1.1414773,'Filbert Village 坐落于Linker Way，介于River Soar 和 Leicester Tiger rugby stadium 之间。步行10分钟之内可到达德蒙特福德大学和莱斯特大学，距离莱斯特大学大约十分钟的步行距离。从Walnut Street 或者Raw Sykes Road 汽车站乘车5分钟抵达市中心。有超市，商店，餐馆等场所。Filbert Village 的带有独立卫浴的套间，2-5人共用一个厨房，可以和朋友共享或者可以认识来自世界各地的舍友。如果你喜欢独立生活可以，可以选择提供带有独立厨房的套间。 同时提供安全停车场。 还设有洗衣房，自行车库，每天24小时的保安值班，CCTV监控，以及门禁系统来确保您的人身财务安全。无线网络，财产保险，水电费也包含在房价内，因此您不必担心任何额外费用。','HAS_VACANCY', now(), now());
insert into dormitory (id, city_id, name, address, postcode, latitude, longitude, description, status, create_time, update_time) values (180,39,'St Martins House','38-50 King Street','LE1 6RP',52.6300901,-1.1316742,'St Martins House 坐落于King Street，。步行5分钟之内可到达德蒙特福德大学，距离莱斯特大学大约10分钟的步行距离。靠近市中心，步行10分钟可到达火车站交通方方便，靠近St Martin’s 广场，有不同的商店。步行5分钟可到市中心，有超市，商店，餐馆等场所。St Martin’s House 新装修，其带有独立卫浴的套间，4-6共用一个厨房，可以和朋友共享或者可以认识来自世界各地的舍友。如果你喜欢独立生活可以，可以选择提供带有独立厨房的套间。 还设有洗衣房，自行车库，停车场 。每天24小时的保安值班，CCTV监控，以及门禁系统来确保您的人身财务安全。无线网络，财产保险，水电费也包含在房价内，因此您不必担心任何额外费用。','HAS_VACANCY', now(), now());
insert into dormitory (id, city_id, name, address, postcode, latitude, longitude, description, status, create_time, update_time) values (181,39,'The Grange','41 Grange Lane','LE2 7EG',52.6292789,-1.136032,'The Grange 坐落于Grange Lane，位于德蒙特福德大学主校区，距离莱斯特大学大约15分钟的步行距离。靠近市中心，几分钟步行距离，有超市，商店，餐馆等场所。The Grange 房间有带有独立卫浴的套间和普通房间，可以和朋友共享或者可以认识来自世界各地的舍友。如果你喜欢独立生活可以，可以选择提供带有独立厨房的套间。公共厨房以及带独立厨房卫浴的房间都配备电视和沙发，同时提供停车场。还设有洗衣房，自行车库，每天24小时的保安值班，CCTV监控，以及门禁系统来确保您的人身财务安全。无线网络，财产保险，水电费也包含在房价内，因此您不必担心任何额外费用。','HAS_VACANCY', now(), now());
insert into dormitory (id, city_id, name, address, postcode, latitude, longitude, description, status, create_time, update_time) values (182,39,'Newarke Point','8 Newarke Close','LE2 7GZ',52.6298326,-1.1416731,'Newarke Point 坐落于Newarke Close，位于德蒙特福德大学主校区，距离莱斯特大学大约15分钟的步行距离。靠近市中心，几分钟步行距离，有超市，商店，餐馆等场所。Newarke Point 的带有独立卫浴的套间5个人共用一个厨房，可以和朋友共享或者可以认识来自世界各地的舍友。如果你喜欢独立生活可以，可以选择提供带有独立厨房的套间。同时提供自行车库，停车场，私人庭院和烧烤区。还设有洗衣房，自行车库，每天24小时的保安值班，CCTV监控，以及门禁系统来确保您的人身财务安全。无线网络，财产保险，水电费也包含在房价内，因此您不必担心任何额外费用。','HAS_VACANCY', now(), now());
insert into dormitory (id, city_id, name, address, postcode, latitude, longitude, description, status, create_time, update_time) values (183,43,'The Holt','Holt Drive','LE11 3JB',52.7606221,-1.2185305,'该宿舍坐落于Forest Road 旁边，离拉夫堡大学步行5分钟之内，和大学宿舍相比更靠近拉夫堡中心。步行10分钟之内就是大学学生会。交通便利，在该宿舍旁边的Forest Road 有公车站，可乘车去拉夫堡中心或者火车站。附近有超市，商店，酒吧，餐馆，等场所方便您的生活。该宿舍带有独立卫浴的套间，共用厨房客厅，可以和朋友共享，也可以认识来自世界各地的舍友。如果你喜欢独立生活，宿舍提供带有独立厨房的套间或者一室一厅的flat。  宿舍设有洗衣房，自行车库，每天24小时的保安值班，CCTV监控，以及门禁系统来确保您的人身财务安全。无线网络，财产保险，水电费也包含在房价内，因此您不必担心任何额外费用。','HAS_VACANCY', now(), now());
insert into dormitory (id, city_id, name, address, postcode, latitude, longitude, description, status, create_time, update_time) values (184,38,'The Plaza','Claypit Lane','LS2 8AR',53.8044285,-1.5425835,'该宿舍坐落于利兹中心，交通便利，附近有超市，商店等设施。适用于利兹大学、利兹城市大学和艺术利兹大学的学生。 The Plaza 拥有超过900带有独立卫浴的套间，3-6人共用一个厨房，可以和朋友共享或者可以认识来自世界各地的舍友。如果你喜欢独立生活，同时提供带有独立厨房的套间。 还设有一个洗衣房，公共活动室，健身房，自行车存放，自动取款机，便利店并有每周七天，每天24小时的保安值班来确保您的人身财务安全。 无线网络，财产保险，水电费也包含在房价内，因此您不必担心任何额外费用。','HAS_VACANCY', now(), now());
insert into dormitory (id, city_id, name, address, postcode, latitude, longitude, description, status, create_time, update_time) values (185,38,'The Sky Plaza','Claypit Lane','LS2 8AR',53.8044285,-1.5425835,'该宿舍坐落于利兹中心，交通便利，附近有超市，商店等设施。适用于利兹大学、利兹城市大学和艺术利兹大学的学生。 Sky Plaza 是一个现代摩天大楼式学生公寓，34层高度使其成为利兹的最高建筑物，可以使您对利兹的景物尽收眼底。从经典房到优质房，从用厨房套间到带个人厨房的小户型。Sky Plaza 可以满足您的不同需求。1-18楼为带独立卫浴套房，19楼以上为套房，小户型，以及一室一厅。还设有一个洗衣房，公共活动室，健身房，自行车存放，自动取款机，便利店并有每周七天，每天24小时的保安值班来确保您的人身财务安全。 无线网络，财产保险，水电费也包含在房价内，因此您不必担心任何额外费用。','HAS_VACANCY', now(), now());
insert into dormitory (id, city_id, name, address, postcode, latitude, longitude, description, status, create_time, update_time) values (186,38,'The Tannery','Cavendish Street','LS3 1AF',53.8007751,-1.5667131,'该宿舍坐落于Cavendish Street，10-15分钟步行距离到利兹大学和利兹城市大学，20分钟步行到市中心。 Nisa 便利店位于其楼下，步行5分钟之内到乐购等商店，餐馆等。有不同种类的有独立厨房的套间供您选择。 还设有洗衣房，自行车库，每天24小时的保安值班，CCTV监控，以及门禁系统来确保您的人身财务安全。无线网络，财产保险，水电费也包含在房价内，因此您不必担心任何额外费用。','HAS_VACANCY', now(), now());
insert into dormitory (id, city_id, name, address, postcode, latitude, longitude, description, status, create_time, update_time) values (187,38,'Concept Place','Park Lane','LS3 1DN',53.8007001,-1.561648,'该宿舍坐落于Park Lane，步行10-15分钟到利兹大学和利兹城市大学，5分钟到利兹学院和15分钟到BPP 法学院。旁边设有往市中心和火车站的公车站。步行5分钟距离内有乐购等便利店。步行10分钟就可以利兹市中心。Concept Place的独立卫浴的套间，3-6人共用一个厨房，可以和朋友共享或者可以认识来自世界各地的舍友。如果你喜欢独立生活可以，同时提供带有独立厨房的小户型套件和一室一厅。  还设有洗衣房，自行车库，每天24小时的保安值班，CCTV监控，以及门禁系统来确保您的人身财务安全。无线网络，财产保险，水电费也包含在房价内，因此您不必担心任何额外费用。','HAS_VACANCY', now(), now());
insert into dormitory (id, city_id, name, address, postcode, latitude, longitude, description, status, create_time, update_time) values (188,38,'Joseph Stones House','St Cecilia Street','LS2 7PA',53.7976067,-1.5327161,'该宿舍坐落于利兹音乐学院旁边，对面是利兹汽车站和市中心。15分钟步行距离到利兹大学和利兹城市大学。Joseph Stone House 步行2分钟到汽车站，火车产市中心等。步行5分钟可到市中心的乐购餐馆等。拥有不同类型的带有独立卫浴的套间，3-7人共用一个厨房，可以和朋友共享或者可以认识来自世界各地的舍友。如果你喜欢独立生活可以，同时提供带有独立厨房的套间。  还设有洗衣房，自行车库，每天24小时的保安值班，CCTV监控，以及门禁系统来确保您的人身财务安全。无线网络，财产保险，水电费也包含在房价内，因此您不必担心任何额外费用。','HAS_VACANCY', now(), now());
insert into dormitory (id, city_id, name, address, postcode, latitude, longitude, description, status, create_time, update_time) values (189,45,'Kincardine Court','Kincardine Road','M13 9JA',53.4685789,-2.2293911,'Kincardine Court 位于曼城中心，步行几分钟就可抵达曼彻斯特大学，曼彻斯特城市大学，皇家北部音乐学院以及曼城商学院。其市中心位置，交通便利，附近有超市，商店，餐馆等设施。Kincardine Couet是独立卫浴的套间，3-4人共用一个厨房客厅，可以和朋友共享，也可以认识来自世界各地的舍友。 有停车场，公共区域提供乒乓球桌，免费电视等设施。宿舍设有洗衣房，自行车库；每天24小时的保安值班，CCTV监控，以及门禁系统来确保您的人身财务安全。 你可以免费使用Piccadilly Point 健身房，无线网络，财产保险，水电费也包含在房价内，因此您不必担心任何额外费用。','HAS_VACANCY', now(), now());
insert into dormitory (id, city_id, name, address, postcode, latitude, longitude, description, status, create_time, update_time) values (190,45,'Piccadilly Point','23 Berry Street','M1 2AD',53.4751241,-2.2294822,'Piccadilly Point 位于曼城市中心。步行几分钟就可抵达曼彻斯特大学，曼彻斯特城市大学。其市中心位置，交通便利，离Piccadilly 火车站只有几分钟的步行距离，附近有超市，商店，餐馆等设施。Piccadilly Point 的独立卫浴的套间，3-6人共用一个厨房客厅，可以和朋友共享，也可以认识来自世界各地的舍友。如果你喜欢独立生活可以，宿舍同时提供带有独立厨房的套间。   宿舍设有洗衣房，自行车库，每天24小时的保安值班，CCTV监控，以及门禁系统来确保您的人身财务安全。你可以免费使用Piccadilly Point健身房，无线网络，财产保险，水电费也包含在房价内，因此您不必担心任何额外费用，省心是王道啊～','HAS_VACANCY', now(), now());
insert into dormitory (id, city_id, name, address, postcode, latitude, longitude, description, status, create_time, update_time) values (191,45,'Parkway Gate','50 Chester Street','M15 6JH',53.4708268,-2.2447819,'Parkway gate步行5分钟到曼城市中心，该宿舍坐落于Chester Street Oxford Road.步行5分钟可已到达曼彻斯特大学，曼彻斯特城市大学以及曼城商学院。其市中心位置，交通便利，附近有超市，商店，餐馆等设施。距离Oxford Road 火车站也只有几分钟步行距离。New Medlock House 都是独立卫浴的套间，3-5人共用一个厨房客厅，可以和朋友共享，也可以认识来自世界各地的舍友。如果你喜欢独立生活可以，宿舍同时提供一室一厅的房型。  宿舍设有洗衣房，自行车库，每天24小时的保安值班，CCTV监控，以及门禁系统来确保您的人身财务安全。同时你能免费使用Piccadilly Point 健身房，无线网络，财产保险，水电费也包含在房价内，因此您不必担心任额外费用。','HAS_VACANCY', now(), now());
insert into dormitory (id, city_id, name, address, postcode, latitude, longitude, description, status, create_time, update_time) values (192,45,'New Medlock House','25-45 Chester Street','M15 6JX',53.4711423,-2.243436,'New Medlock House 步行5分钟到曼城市中心，该宿舍坐落于Chester Street Oxford Road.步行5分钟可已到达曼彻斯特大学，曼彻斯特城市大学以及曼城商学院。位于市中心的位置，交通便利，附近有超市，商店，餐馆等设施。距离Oxford Road 火车站也只有几分钟步行距离。New Medlock House 的独立卫浴的套间，3-6人共用一个厨房客厅，也可以认识来自世界各地的舍友。如果你喜欢独立生活可以，宿舍公司也同时提供带有独立厨房的套间。  该宿舍设有洗衣房，自行车库，每天24小时的保安值班，CCTV监控，以及门禁系统来确保您的人身财务安全。无线网络，财产保险，水电费也包含在房价内，因此您不必担心任何额外费用。','HAS_VACANCY', now(), now());
insert into dormitory (id, city_id, name, address, postcode, latitude, longitude, description, status, create_time, update_time) values (193,45,'Cavendish Place','20 Wilmott Street','M15 6AS',53.4714622,-2.2444331,'Cavendish Place 位于曼城市中心，该宿舍坐落于Cambridge Street 旁边.步行几分钟可已到达曼彻斯特大学，曼彻斯特城市大学。其在市中心位置，附近有超市，商店，餐馆等设施。公共交通便利，附近有Oxford Road 火车站汽车站等。Cavendish Place都是独立卫浴的套间，5-6人共用一个厨房，可以和朋友共享，也可以认识来自世界各地的舍友。如果你喜欢独立生活可以，该宿舍同时提供带有独立厨房的套间。 宿舍公司设有洗衣房，自行车库，每天24小时的保安值班，CCTV监控，以及门禁系统来确保您的人身财务安全。 你可以免费使用Piccadilly Point的健身房，无线网络，财产保险，水电费也包含在房价内，因此您不必担心任何额外费用。','HAS_VACANCY', now(), now());
insert into dormitory (id, city_id, name, address, postcode, latitude, longitude, description, status, create_time, update_time) values (194,48,'Manor Bank','Pandon Bank','NE1 2JA',54.9720938,-1.6043532,'Manor Bank坐落于纽卡斯尔Pandon Bank，步行几分钟可到大学校区和学生会。靠近市中心，交通便利，旁边的汽车站可乘车到Coach Lane 校区。您也可乘车到纽卡斯尔的每一个角落。大约步行3分钟就是Newcastle Quayside，在这里有各类酒吧，餐馆，美术馆等。步行5分多钟就是市中心，有各种购物娱乐等场所方便您的生活。该宿舍同时也提供带有独立厨房的现代套间，高大上们不容错过。  宿舍设有洗衣房，自行车库，每天24小时的保安值班，CCTV监控，以及门禁系统来确保您的人身财务安全。无线网络，财产保险，水电费也包含在房价内，因此您不必担心任何额外费用。','HAS_VACANCY', now(), now());
insert into dormitory (id, city_id, name, address, postcode, latitude, longitude, description, status, create_time, update_time) values (195,48,'Magnet Court','8 Gallowgate Tyne and Wear','NE1 4SN',54.9735777,-1.6207851,'该宿舍坐落于纽卡斯尔中心，大约5分钟步行到大学校区和市中心。Forest Road 旁边，交通便利，步行几分钟就是汽车站和轻轨站，您可乘车到纽卡斯尔的每一个角落。该宿舍隔壁就是Sainsbury’s 超市，附近有超市，商店，酒吧，餐馆，等场所方便您的生活。该宿舍同时也提供带有独立厨房的套间。  宿舍设有洗衣房，自行车库；每天24小时的保安值班，CCTV监控，以及门禁系统来确保您的人身财务安全。无线网络，财产保险，水电费也包含在房价内，因此您不必担心任何额外费用。','HAS_VACANCY', now(), now());
insert into dormitory (id, city_id, name, address, postcode, latitude, longitude, description, status, create_time, update_time) values (196,51,'Riverside Point','Radmarsh Road','NG7 2GJ',52.949459,-1.1806346,'Riverside Point离诺丁汉大市中心，离诺丁汉Trent大学和诺丁汉大学 Jubilee校区只需要步行几分钟步行。离诺丁汉大学主校区大约步行10分钟。同时提供从大学校区到市中心的免费公车。您可以从旁边的Derby  Road方便步行到市中心，有各种餐馆，外卖，酒吧，便利店等场所。1英里之内就有一家大型连锁超市，在这里可以买到各种亚洲和欧洲食物。该宿舍带有独立卫浴的套间，共用一个厨房客厅，可以和朋友共享，也可以认识来自世界各地的舍友。如果你喜欢独立生活，该宿舍同时提供带有独立厨房的套间。  还设有洗衣房，自行车库，骑车车的同学就不担心被顺走爱车了；每天24小时的保安值班，CCTV监控，以及门禁系统来确保您的人身财务安全。健身房，无线网络，财产保险，水电费也包含在房价内，因此您不必担心任何额外费用，海外求学，省心才是王道啊。','HAS_VACANCY', now(), now());
insert into dormitory (id, city_id, name, address, postcode, latitude, longitude, description, status, create_time, update_time) values (197,51,'St Peters Court','Midland Way','NG7 3EU',52.9578015,-1.1824601,'St Peters Court离诺丁汉大学Jubilee校区和市中心只需要步行几分钟。适合于诺丁汉大学，女王医学中心或者诺丁汉Trent大学的学生。同时提供从大学校区到市中心的免费公车。您可以从旁边的Wollaton Road方便步行到市中心，有各种餐馆，外卖，酒吧，便利店等场所。同样只需要几分钟步行就等到乐购，Co-Operative 和Aldi等中小型超市，附近还有肯德基，Greggs 和Dominos等快餐店。该宿舍的带有独立卫浴的套间，共用一个厨房客厅，可以和朋友共享，也可以认识来自世界各地的舍友。如果你喜欢独立生活，同时提供带有独立厨房的套间。  还设有洗衣房，自行车库；每天24小时的保安值班，CCTV监控，以及门禁系统来确保您的人身财务安全。健身房，无线网络，财产保险，水电费也包含在房价内，因此您不必担心任何额外费用。','HAS_VACANCY', now(), now());
insert into dormitory (id, city_id, name, address, postcode, latitude, longitude, description, status, create_time, update_time) values (198,55,'Discovery Heights','27-31 Cobourg Street','PL1 1SP',51.6262947,-0.7388261,'Discovery Heights坐落于普利茅斯中心，普利茅斯大学对面。附近有种商店，餐馆，酒吧等场所方便您的生活。 该宿舍楼下就有乐购便利店。该宿舍的带有独立卫浴的套间，共用厨房，可以和朋友共享或者可以认识来自世界各地的舍友。如果你喜欢独立生活，同时提供带有独立厨房的套间。 另外公共区域提供电视，台球桌，等设施。 还设有洗衣房，自行车库，每天24小时的保安值班，CCTV监控，以及门禁系统来确保您的人身财务安全。无线网络，财产保险，水电费也包含在房价内，因此您不必担心任何额外费用。','HAS_VACANCY', now(), now());
insert into dormitory (id, city_id, name, address, postcode, latitude, longitude, description, status, create_time, update_time) values (199,55,'Central Point','50 Royal Parade','PL1 1DZ',51.8754271,-0.4155605,'Central Point坐落于普利茅斯市中心，距离普利茅斯大学和普利茅斯艺术设计学院和The Seafront 大约步行10分钟。在旁边的Royal Parade公车可以到普利茅斯的任何一个角落，附近还有各种商店，餐馆，酒吧等场所方便您的生活。 该宿舍带有独立卫浴的套间，3-8人共用一个厨房，可以和朋友共享，也可以认识来自世界各地的舍友。如果你喜欢独立生活，同时提供带有独立厨房的套间。 另外公共区域提供电视等设施。 该宿舍还设有洗衣房，自行车库，骑车车的同学就不担心被顺走爱车了；每天24小时的保安值班，CCTV监控，以及门禁系统来确保您的人身财务安全。无线网络，财产保险，水电费也包含在房价内，因此您不必担心任何额外费用。','HAS_VACANCY', now(), now());
insert into dormitory (id, city_id, name, address, postcode, latitude, longitude, description, status, create_time, update_time) values (200,58,'Crown House','10 Crown Street','RG1 2SE',51.7721343,-1.2105434,'Crown House 专门提供给研究生，离雷丁大学London校区和The Oracle 购物中心步行大约5分钟，离雷丁大学the Whiteknights 校区步行大约20分钟。 该宿舍的套间带有独立卫浴，5人共用一个厨房，可以认识来自世界各地的舍友。如果你喜欢独立生活，该宿舍也同时提供带有独立厨房的套间和One Bed Flat，这就高大上不少了～还设有洗衣房，自行车库；每天24小时的保安值班，CCTV监控，以及门禁系统来确保您的人身财务安全。无线网络，财产保险，水电费也包含在房价内，因此您不必担心任何额外费用。','HAS_VACANCY', now(), now());
insert into dormitory (id, city_id, name, address, postcode, latitude, longitude, description, status, create_time, update_time) values (201,58,'Kendrick Hall','4 Crown Place (off London Road)','RG1 5AE',55.8664925,-4.2802027,'Crown House 坐落于雷丁大学London Road 校区对面，离雷丁大学the Whiteknights 校区步行大约15分钟。靠近市中心。 该宿舍建成于2011年，该宿舍的套间带有独立卫浴，3-5人共用一个厨房，也可以认识来自世界各地的舍友。如果你喜欢独立生活，同时提供带有独立厨房的套间。所有的房间床的尺寸都是3/4 的小双人床（120X190cm）还设有洗衣房，自行车库，每天24小时的保安值班，CCTV监控，以及门禁系统来确保您的人身财务安全。无线网络，财产保险，水电费也包含在房价内，因此您不必担心任何额外费用，宽心不少啊～','HAS_VACANCY', now(), now());
insert into dormitory (id, city_id, name, address, postcode, latitude, longitude, description, status, create_time, update_time) values (202,60,'Archways','18 Leadmill Road','S1 4SG',51.6262947,-0.7388261,'Archways 离火车站只有几分钟的步行距离，离市中心大约10分钟的步行距离。谢菲尔德大学和谢菲尔德哈拉姆大学都在步行距离范围之内。 Archways带有独立卫浴的套间，3个7个或8个人共用一个厨房，可以和朋友共享或者可以认识来自世界各地的舍友。 室外公共区提供乒乓球桌，和长凳等设施，室内公共区提供免费电视，台球桌，和桌上足球。还设有洗衣房，自行车库；每天24小时的保安值班，CCTV监控，以及门禁系统来确保您的人身财务安全。无线网络，财产保险，水电费也包含在房价内，因此您不必担心任何额外费用。','HAS_VACANCY', now(), now());
insert into dormitory (id, city_id, name, address, postcode, latitude, longitude, description, status, create_time, update_time) values (203,60,'Leadmill Point','26 Leadmill Road','S1 4SD',51.8754271,-0.4155605,'Leadmill Point 坐落于谢菲尔德市中心。离市市中心只有几分钟的步行距离。适用于谢菲尔德大学和谢菲尔德哈拉姆大学的学生。 Leadmill Point带有独立卫浴的套间，4-8人共用一个厨房，可以和朋友共享或者可以认识来自世界各地的舍友。 提供户外和室内公共区域有台球桌，桌上足球，免费电视等实施。该宿舍同时体统闭路电视系统，门禁，自行车库，洗衣房等设施。 无线网络，财产保险，水电费也包含在房价内，因此您不必担心任何额外费用。','HAS_VACANCY', now(), now());
insert into dormitory (id, city_id, name, address, postcode, latitude, longitude, description, status, create_time, update_time) values (204,60,'Exchange Works','Arundel Street','S1 4RE',51.8755091,-0.4089768,'Exchange works 坐落于谢菲尔德市中心。适用于谢菲尔德大学和谢菲尔德哈拉姆大学的学生。 Exchange Works带有独立卫浴的套间，2-8人共用一个厨房，可以和朋友共享或者可以认识来自世界各地的舍友。如果你喜欢独立生活，可以提供带有独立厨房的套间。 同时提供网球场和户外座椅。室内公共区域有台球桌，桌上足球，免费电视等实施。该宿舍门禁系统和闭路电视系统给您提供一个安全和友好的住宿环境。 无线网络，财产保险，水电费也包含在房价内，因此您不必担心任何额外费用。','HAS_VACANCY', now(), now());
insert into dormitory (id, city_id, name, address, postcode, latitude, longitude, description, status, create_time, update_time) values (205,60,'Devonshire Courtyard','49 Wellington Street','S1 4HG',51.7721343,-1.2105434,'Devonshire Courtyard 是一个传统建筑坐落于谢菲尔德市中心Wellington Street。距离谢菲尔德大学主校区和谢菲尔德哈拉姆大学只有几分钟的步行距离。 附近有商店，餐馆等场所。Devonshire Courtyard 提供带有独立厨房的套间。在户外公共区域提供座椅等实施，您可以和朋友共享或者可以认识来自世界各地的舍友该宿门禁系统和闭路电视系统给您提供一个安全和友好的住宿环境。 还设有洗衣房，自行车库，每天24小时的保安值班，CCTV监控，以及门禁系统来确保您的人身财务安全。无线网络，财产保险，水电费也包含在房价内，因此您不必担心任何额外费用。','HAS_VACANCY', now(), now());
insert into dormitory (id, city_id, name, address, postcode, latitude, longitude, description, status, create_time, update_time) values (206,60,'The Anvil','109 Clough Road','S2 4TB',50.1711604,-5.1112863,'The Anvil 离谢菲尔德市中心短途步行距离之内，离谢菲尔德哈拉姆大学大学主校区大约10分钟，Collegiate 校区大约20分钟。 The Anvil 拥有160个带有独立卫浴的套间，3人，5人或6人共用一个厨房，可以和朋友共享或者可以认识来自世界各地的舍友。如果你喜欢独立生活可以，同时提供带19个有独立厨房的套间适合一人或者两人居住。 同时有本科和研究生居住。还设有洗衣房，自行车库，每天24小时的保安值班，CCTV监控，以及门禁系统来确保您的人身财务安全。无线网络，财产保险，水电费也包含在房价内，因此您不必担心任何额外费用。','HAS_VACANCY', now(), now());
insert into dormitory (id, city_id, name, address, postcode, latitude, longitude, description, status, create_time, update_time) values (207,60,'The Forge','Boston Street','S2 4QG',53.3718289,-1.4768551,'The Forge坐落于谢菲尔德Boston Street。距离谢菲尔德哈拉姆大学 Collegiate 校区步行大约5分钟的距离，主校区大约10分钟。从The Forge到谢菲尔德大学大约需要步行15分钟。其对面就是汽车站，可以乘车去市中心等区域。附近有各种商店，超市方便您的生活。超过1000个房间使其成为在谢菲尔德Unite最大的宿舍楼。带有独立卫浴的套间，2-8人的flat共享厨房客厅，也可以可以认识来自世界各地的舍友。如果你喜欢独立生活可以，同时提供带有独立厨房的套间。 超大室内公共区域提供台球，桌上足球，和健身房等实施。还设有洗衣房，自行车库，每天24小时的保安值班，CCTV监控，以及门禁系统来确保您的人身财务安全。无线网络，财产保险，水电费也包含在房价内，因此您不必担心任何额外费用。','HAS_VACANCY', now(), now());
insert into dormitory (id, city_id, name, address, postcode, latitude, longitude, description, status, create_time, update_time) values (208,60,'The Forge 2','Boston Street','S2 4QG',53.3718289,-1.4768551,'The Forge2 晚于The Forge 建成，是其姊妹楼，坐落于谢菲尔德Boston Street。距离谢菲尔德哈拉姆大学 Collegiate 校区步行大约5分钟的距离，主校区大约10分钟。从The Forge到谢菲尔德大学大约需要步行15分钟。其对面就是汽车站，可以乘车去市中心等区域。附近有各种商店，超市方便您的生活。带有独立卫浴的套间，2-8人的flat大家共享厨房客厅，也可以可以认识来自世界各地的舍友。如果你喜欢独立生活可以，同时提供带有独立厨房的套间。 超大室内公共区域提供台球，桌上足球，和健身房等实施。还设有洗衣房，自行车库，每天24小时的保安值班，CCTV监控，以及门禁系统来确保您的人身财务安全。无线网络，财产保险，水电费也包含在房价内，因此您不必担心任何额外费用。','HAS_VACANCY', now(), now());
insert into dormitory (id, city_id, name, address, postcode, latitude, longitude, description, status, create_time, update_time) values (209,60,'Central Quay','33 Alma Street','S3 8RA',53.3884706,-1.4695403,'Central Quay坐落于谢菲尔德市中心的东北Kelham Island 区。靠近公共交通，离谢菲尔德哈拉姆大学城市校区步行大约15分钟。Central Quay带有独立卫浴的套间，4-6人共用一个厨房，可以和朋友共享或者可以认识来自世界各地的舍友。如果你喜欢独立生活可以选择带卫生间和厨房的套间。无线网络，财产保险，水电费也包含在房价内，因此您不必担心任何额外费用。','HAS_VACANCY', now(), now());
insert into dormitory (id, city_id, name, address, postcode, latitude, longitude, description, status, create_time, update_time) values (210,42,'Victoria Hall Dashwood Studios','120-138 Walworth Road','SE17 1JL',51.4915556,-0.0980294,'Dashwood Studios坐落于伦敦Zone1的Elephant & Castle，位置很棒。便利的交通可以让您很快到达伦敦的大部分大学校园。附近很繁华，有很多餐馆、酒吧和商店。楼下就有一家亚洲超市，您可以在那里买到很多中餐原料。我们为您提供五种Studio房型。所有房间都有独立卫浴和齐全的家具。我们还为您提供24小时安保服务。房间预订得很快，所以您一定不要错过。','HAS_VACANCY', now(), now());
insert into dormitory (id, city_id, name, address, postcode, latitude, longitude, description, status, create_time, update_time) values (211,42,'Victoria Hall Wembley','North End Road, Wembley, Middlesex','HA9 0UU',51.5614139,-0.2777187,'Victoria Hall Wembley坐落于世界著名的温布利大球场旁边，附近有很多商店、餐馆和酒吧，还有设计师品牌服装打折村。这里交通便利，从Wembley地铁站可以很快到达伦敦各处地区。我们为您提供时尚舒适的居住环境。所有房间都有独立卫浴，家居设施十分齐全。我们还提供24小时安保服务来保障您的安全。','HAS_VACANCY', now(), now());
insert into dormitory (id, city_id, name, address, postcode, latitude, longitude, description, status, create_time, update_time) values (212,51,'Victoria Hall Nottingham','Curzon Street','NG3 1DG',52.9577647,-1.1431047,'我们魅力独具的公寓楼距离诺丁汉市中心只有几分钟的路程。在那里，您可以尽情购物或是享受休闲生活。这里到诺丁汉特伦特大学也只有短暂的步行距离，到诺市其它大学也都不远。附近的火车站和公共汽车系统让您可以轻松到达更远的地方。我们的所有套间都拥有独立卫浴和Sky TV，家具设施非常齐全。我们还提供24小时安保，让您没有后顾之忧。','HAS_VACANCY', now(), now());
insert into dormitory (id, city_id, name, address, postcode, latitude, longitude, description, status, create_time, update_time) values (213,39,'Victoria Hall Leicester','33 Castle Street','LE1 5WN',52.6331908,-1.1407401,'Victoria Hall Leicester坐落于市中心，距离De Montfort大学只有几步之遥, 位置非常棒。我们为您提供经过精心设计而充满现代时尚气息的居住环境。所有房间都有独立卫浴，厨房设施也很齐全。我们的24小时安保服务更是让您可以没有安全方面的担忧。','HAS_VACANCY', now(), now());
insert into dormitory (id, city_id, name, address, postcode, latitude, longitude, description, status, create_time, update_time) values (214,6,'Victoria Hall Birmingham','17 Grange Road Selly Oak','B29 6BL',52.4466629,-1.9336593,'Victoria Hall Birmingham位于Selly Oak地区，位置非常好。您只需步行几分钟就可以到达伯明翰大学。附近方便的交通网络可以让您很快到达市中心繁华地带。我们为您提供经过精心设计的高标准房间，全独立卫浴。家具设施非常齐全，所有套间都安装了Sky TV。我们还提供24小时安保，让您没有后顾之忧。','HAS_VACANCY', now(), now());
insert into dormitory (id, city_id, name, address, postcode, latitude, longitude, description, status, create_time, update_time) values (215,21,'Victoria Hall Coventry','1 Alma Street','CV1 5QA',52.4096481,-1.5002199,'Victoria Hall Coventry坐落在考文垂市中心。出门便是考文垂大学。而本地其它大学也不远。想必您再也找不到位置更好的宿舍了。我们为您提供完善的家居设施，包括独立卫浴、现代化厨房设施、沙发、电视、Sky TV。而在安全方面，我们提供的24小时安保服务、电子门禁系统和CCTV监控系统无时不刻地让您远离烦恼。','HAS_VACANCY', now(), now());
insert into dormitory (id, city_id, name, address, postcode, latitude, longitude, description, status, create_time, update_time) values (216,70,'Victoria Hall Wolverhampton','1 Culwell Street','WV10 0JT',52.5898819,-2.1214242,'毗邻市中心，到Wolverhampton大学只有简单的步行距离，Victoria Hall Wolverhampton为您提供无与伦比的住宿体验。您只需移步片刻，便可来到市中心商业区，体验各种休闲生活。而火车站和汽车站也很近，让您可以方便去往伯明翰、伦敦等目的地。我们为您提供完美的居住环境。所有房间都有独立卫浴，每四、五个人共享厨房等设施，甚至包括Sky TV。我们还为您提供24小时安保，让您不必为安全问题担忧。','HAS_VACANCY', now(), now());
insert into dormitory (id, city_id, name, address, postcode, latitude, longitude, description, status, create_time, update_time) values (217,29,'Victoria Hall Glasgow','Bells Pottery','G4 0JQ',55.8679733,-4.246612,'Victoria Hall Glasgow坐落在市中心，周围超市、商店、餐厅、酒吧云集。斯特拉斯克莱德大学和卡利多尼亚大学就在门边。而其他大学也都不远。便利的交通更是将这里同四面八方连接在一起。这里很适合您的居住。我们为您提供全套家居设施。所有房间都有独立卫浴。每个套间为您配备了Sky TV。我们的24小时安保服务让您没有任何安全方面的顾虑。','HAS_VACANCY', now(), now());
insert into dormitory (id, city_id, name, address, postcode, latitude, longitude, description, status, create_time, update_time) values (218,42,'Ravenscourt','3 Paddenswick Road','W6 0BY',51.4966016,-0.2351227,'Ravenscourt的studios安装有明亮的落地窗，距离拥有大量商店、酒吧和餐厅的Hammersmith地区只有10分钟的步行路程。从这里可以通过地铁去往伦敦各处。我们提供了家具和设施齐全的厨房，高达50Mb的光纤宽带和Wifi。您也可以在舒适的公共休息室与朋友会面，或是欣赏美丽的庭院。附近的公园还提供了网球场和篮球场等体育设施。','HAS_VACANCY', now(), now());

-- room_type
insert into room_type (id, name, create_time, update_time) values(1, '单人独享', now(), now());
insert into room_type (id, name, create_time, update_time) values(2, '双人共享', now(), now());
insert into room_type (id, name, create_time, update_time) values(3, '3人共享', now(), now());
insert into room_type (id, name, create_time, update_time) values(4, '4人共享', now(), now());
insert into room_type (id, name, create_time, update_time) values(5, '5人共享', now(), now());
insert into room_type (id, name, create_time, update_time) values(6, '6人共享', now(), now());
insert into room_type (id, name, create_time, update_time) values(7, '7人共享', now(), now());
insert into room_type (id, name, create_time, update_time) values(8, '8人共享', now(), now());
insert into room_type (id, name, create_time, update_time) values(9, '9人共享', now(), now());
insert into room_type (id, name, create_time, update_time) values(10, '10人共享', now(), now());
insert into room_type (id, name, create_time, update_time) values(11, '11人共享', now(), now());
insert into room_type (id, name, create_time, update_time) values(12, '12人共享', now(), now());
insert into room_type (id, name, create_time, update_time) values(13, '13人共享', now(), now());
insert into room_type (id, name, create_time, update_time) values(14, '14人共享', now(), now());
insert into room_type (id, name, create_time, update_time) values(15, '15人共享', now(), now());
insert into room_type (id, name, create_time, update_time) values(16, '16人共享', now(), now());

-- contract_type

insert into contract_type (id, name, create_time, update_time) values (1, 357, now(), now());
insert into contract_type (id, name, create_time, update_time) values (2, 301, now(), now());
insert into contract_type (id, name, create_time, update_time) values (3, 245, now(), now());
insert into contract_type (id, name, create_time, update_time) values (4, 365, now(), now());
insert into contract_type (id, name, create_time, update_time) values (5, 345, now(), now());
insert into contract_type (id, name, create_time, update_time) values (6, 120, now(), now());


-- room_info
insert into room_info(id, dormitory_id, room_type_id, name, checkin_date, orientations, floors, bed_type, house_area, status, create_time, update_time) values(1,218,1,'单人间（Studio）','2014-09-17','无','未知','3/4单人床',0, 'HAS_VACANCY', now(), now());
insert into room_info(id, dormitory_id, room_type_id, name, checkin_date, orientations, floors, bed_type, house_area, status, create_time, update_time) values(2,218,1,'单人间（Studio）（特殊）','2014-09-17','无','未知','3/4单人床',0, 'HAS_VACANCY', now(), now());
insert into room_info(id, dormitory_id, room_type_id, name, checkin_date, orientations, floors, bed_type, house_area, status, create_time, update_time) values(3,218,1,'单人间（Studio）（标准）','2014-09-17','无','未知','3/4单人床',0, 'HAS_VACANCY', now(), now());
insert into room_info(id, dormitory_id, room_type_id, name, checkin_date, orientations, floors, bed_type, house_area, status, create_time, update_time) values(4,218,1,'单人间（Studio）（顶级）','2014-09-17','无','未知','3/4单人床',0, 'HAS_VACANCY', now(), now());
insert into room_info(id, dormitory_id, room_type_id, name, checkin_date, orientations, floors, bed_type, house_area, status, create_time, update_time) values(5,218,1,'单人间（Studio）（特别）','2014-09-17','无','未知','3/4单人床',0, 'HAS_VACANCY', now(), now());
insert into room_info(id, dormitory_id, room_type_id, name, checkin_date, orientations, floors, bed_type, house_area, status, create_time, update_time) values(6,218,1,'单人间（Studio）','2014-09-17','无','未知','标准双人床',0, 'HAS_VACANCY', now(), now());
insert into room_info(id, dormitory_id, room_type_id, name, checkin_date, orientations, floors, bed_type, house_area, status, create_time, update_time) values(7,218,1,'单人间（Studio）（豪华）','2014-09-17','无','未知','King size',0, 'HAS_VACANCY', now(), now());
insert into room_info(id, dormitory_id, room_type_id, name, checkin_date, orientations, floors, bed_type, house_area, status, create_time, update_time) values(8,29,1,'单人间（Studio）','2014-09-06','无','未知','3/4单人床',18, 'HAS_VACANCY', now(), now());
insert into room_info(id, dormitory_id, room_type_id, name, checkin_date, orientations, floors, bed_type, house_area, status, create_time, update_time) values(9,66,1,'单人间（Studio）','2014-09-06','无','未知','3/4单人床',20, 'HAS_VACANCY', now(), now());
insert into room_info(id, dormitory_id, room_type_id, name, checkin_date, orientations, floors, bed_type, house_area, status, create_time, update_time) values(10,61,6,'单人间（Non En-suite）','2014-09-13','无','未知','3/4单人床',0, 'HAS_VACANCY', now(), now());
insert into room_info(id, dormitory_id, room_type_id, name, checkin_date, orientations, floors, bed_type, house_area, status, create_time, update_time) values(11,61,6,'单人间（Non En-suite）（标准）','2014-09-13','无','未知','3/4单人床',0, 'HAS_VACANCY', now(), now());
insert into room_info(id, dormitory_id, room_type_id, name, checkin_date, orientations, floors, bed_type, house_area, status, create_time, update_time) values(12,61,8,'单人间（Non En-suite）','2014-09-13','无','未知','3/4单人床',0, 'HAS_VACANCY', now(), now());
insert into room_info(id, dormitory_id, room_type_id, name, checkin_date, orientations, floors, bed_type, house_area, status, create_time, update_time) values(13,61,8,'单人间（Non En-suite）（标准）','2014-09-13','无','未知','3/4单人床',0, 'HAS_VACANCY', now(), now());
insert into room_info(id, dormitory_id, room_type_id, name, checkin_date, orientations, floors, bed_type, house_area, status, create_time, update_time) values(14,62,6,'单人间（En-suite）（标准）','2014-09-13','无','未知','3/4单人床',0, 'HAS_VACANCY', now(), now());
insert into room_info(id, dormitory_id, room_type_id, name, checkin_date, orientations, floors, bed_type, house_area, status, create_time, update_time) values(15,62,6,'单人间（En-suite）（高级）','2014-09-13','无','未知','3/4单人床',0, 'HAS_VACANCY', now(), now());
insert into room_info(id, dormitory_id, room_type_id, name, checkin_date, orientations, floors, bed_type, house_area, status, create_time, update_time) values(16,62,6,'双人间（En-suite）（单人入住）','2014-09-13','无','未知','标准双人床',0, 'HAS_VACANCY', now(), now());
insert into room_info(id, dormitory_id, room_type_id, name, checkin_date, orientations, floors, bed_type, house_area, status, create_time, update_time) values(17,62,6,'双人间（En-suite）（共享）','2014-09-13','无','未知','标准双人床',0, 'HAS_VACANCY', now(), now());
insert into room_info(id, dormitory_id, room_type_id, name, checkin_date, orientations, floors, bed_type, house_area, status, create_time, update_time) values(18,62,8,'单人间（En-suite）（标准）','2014-09-13','无','未知','3/4单人床',0, 'HAS_VACANCY', now(), now());
insert into room_info(id, dormitory_id, room_type_id, name, checkin_date, orientations, floors, bed_type, house_area, status, create_time, update_time) values(19,62,8,'单人间（En-suite）（高级）','2014-09-13','无','未知','3/4单人床',0, 'HAS_VACANCY', now(), now());
insert into room_info(id, dormitory_id, room_type_id, name, checkin_date, orientations, floors, bed_type, house_area, status, create_time, update_time) values(20,62,8,'双人间（En-suite）（单人入住）','2014-09-13','无','未知','标准双人床',0, 'HAS_VACANCY', now(), now());
insert into room_info(id, dormitory_id, room_type_id, name, checkin_date, orientations, floors, bed_type, house_area, status, create_time, update_time) values(21,62,8,'双人间（En-suite）（共享）','2014-09-13','无','未知','标准双人床',0, 'HAS_VACANCY', now(), now());

-- room_price
insert into room_price (id, room_info_id, contract_type_id, currency, weekPrice, salePrice, status, create_time, update_time) value(1,1,1,'GBP',245,12495, '1', now(), now());
insert into room_price (id, room_info_id, contract_type_id, currency, weekPrice, salePrice, status, create_time, update_time) value(2,2,1,'GBP',245,12495, '1', now(), now());
insert into room_price (id, room_info_id, contract_type_id, currency, weekPrice, salePrice, status, create_time, update_time) value(3,3,1,'GBP',255,13005, '1', now(), now());
insert into room_price (id, room_info_id, contract_type_id, currency, weekPrice, salePrice, status, create_time, update_time) value(4,4,1,'GBP',270,13770, '1', now(), now());
insert into room_price (id, room_info_id, contract_type_id, currency, weekPrice, salePrice, status, create_time, update_time) value(5,5,1,'GBP',295,15045, '1', now(), now());
insert into room_price (id, room_info_id, contract_type_id, currency, weekPrice, salePrice, status, create_time, update_time) value(6,6,1,'GBP',310,15810, '1', now(), now());
insert into room_price (id, room_info_id, contract_type_id, currency, weekPrice, salePrice, status, create_time, update_time) value(7,7,1,'GBP',350,17850, '1', now(), now());
insert into room_price (id, room_info_id, contract_type_id, currency, weekPrice, salePrice, status, create_time, update_time) value(8,8,1,'GBP',105,5355, '1', now(), now());
insert into room_price (id, room_info_id, contract_type_id, currency, weekPrice, salePrice, status, create_time, update_time) value(9,9,1,'GBP',120,6120, '1', now(), now());
insert into room_price (id, room_info_id, contract_type_id, currency, weekPrice, salePrice, status, create_time, update_time) value(10,10,2,'GBP',77,3311, '1', now(), now());
insert into room_price (id, room_info_id, contract_type_id, currency, weekPrice, salePrice, status, create_time, update_time) value(11,11,2,'GBP',90,3870, '1', now(), now());
insert into room_price (id, room_info_id, contract_type_id, currency, weekPrice, salePrice, status, create_time, update_time) value(12,12,2,'GBP',77,3311, '1', now(), now());
insert into room_price (id, room_info_id, contract_type_id, currency, weekPrice, salePrice, status, create_time, update_time) value(13,13,2,'GBP',90,3870, '1', now(), now());
insert into room_price (id, room_info_id, contract_type_id, currency, weekPrice, salePrice, status, create_time, update_time) value(14,14,2,'GBP',100,4300, '1', now(), now());
insert into room_price (id, room_info_id, contract_type_id, currency, weekPrice, salePrice, status, create_time, update_time) value(15,15,2,'GBP',105,4515, '1', now(), now());
insert into room_price (id, room_info_id, contract_type_id, currency, weekPrice, salePrice, status, create_time, update_time) value(16,16,2,'GBP',111,4773, '1', now(), now());
insert into room_price (id, room_info_id, contract_type_id, currency, weekPrice, salePrice, status, create_time, update_time) value(17,17,2,'GBP',156,6716, '1', now(), now());
insert into room_price (id, room_info_id, contract_type_id, currency, weekPrice, salePrice, status, create_time, update_time) value(18,18,2,'GBP',100,4300, '1', now(), now());
insert into room_price (id, room_info_id, contract_type_id, currency, weekPrice, salePrice, status, create_time, update_time) value(19,19,2,'GBP',105,4515, '1', now(), now());
insert into room_price (id, room_info_id, contract_type_id, currency, weekPrice, salePrice, status, create_time, update_time) value(20,20,2,'GBP',111,4773, '1', now(), now());
insert into room_price (id, room_info_id, contract_type_id, currency, weekPrice, salePrice, status, create_time, update_time) value(21,21,2,'GBP',156,6716, '1', now(), now());


update room_info set equipment = 0, service=0;
update college set status = '1';
update room_info set orientations = 'WEST';
update dormitory set additionalPrice = 20, equipment = '这里是设施介绍', service='这里是服务介绍', promotion='这里是优惠介绍';
update city set topCity = 'true';
update college set topCollege = 'true';